filename,start_time,duration_sec,window_end_sec,cardiac_hr_snr,hr_bpm,nrmse_chronos,nrmse_timesfm,latency_chronos_ms,latency_timesfm_ms
B_C_B_C_B_isometria.txt,10:27:13.4,150.298,19.8,0.2198280459850877,75.0,0.7915694117546082,636.8400268554688,573.8766999857035,289.1539999982342
B_C_B_C_B_isometria.txt,10:27:13.4,150.298,24.8,0.20374186397347527,75.0,0.3509267568588257,1248145792.0,573.1515999941621,294.30239999783225
B_C_B_C_B_isometria.txt,10:27:13.4,150.298,29.8,0.25250454265735656,60.0,0.12677738070487976,727.2651977539062,603.9061999763362,259.47330001508817
B_C_B_C_B_isometria.txt,10:27:13.4,150.298,34.8,0.022488005171651292,60.0,1.8057681322097778,100473880.0,584.0442999906372,268.8137000077404
B_C_B_C_B_isometria.txt,10:27:13.4,150.298,39.8,0.017579997332191392,75.0,0.7459335327148438,41504176.0,658.2340000022668,308.1002999970224
B_C_B_C_B_isometria.txt,10:27:13.4,150.298,44.8,0.03829943087824762,60.0,0.6668657064437866,3044.896240234375,604.6260000148322,275.4821999988053
B_C_B_C_B_isometria.txt,10:27:13.4,150.298,49.8,0.0939214521995688,60.0,0.7808669805526733,225.6371307373047,565.1548000168987,283.54800000670366
B_C_B_C_B_isometria.txt,10:27:13.4,150.298,54.8,0.07783905586015291,60.0,0.9499199390411377,425.0023193359375,527.9006000200752,270.5485999758821
B_C_B_C_B_isometria.txt,10:27:13.4,150.298,59.8,0.11324635449195872,60.0,0.5786476135253906,204.6595916748047,676.6694999823812,304.69069999526255
B_C_B_C_B_isometria.txt,10:27:13.4,150.298,64.8,0.03279135771099236,60.0,0.1796177327632904,296.0904541015625,546.723799983738,256.32869999390095
B_C_B_C_B_isometria.txt,10:27:13.4,150.298,69.8,0.022947757352784856,60.0,0.6166952252388,85.05953216552734,567.5672000215854,247.93370001134463
B_C_B_C_B_isometria.txt,10:27:13.4,150.298,74.8,0.014328957620954052,75.0,0.5515516996383667,5875.646484375,533.7637000193354,214.86649999860674
B_C_B_C_B_isometria.txt,10:27:13.4,150.298,79.8,0.2937996261118308,75.0,0.39852556586265564,1165.3013916015625,534.0512999973726,254.6736000222154
B_C_B_C_B_isometria.txt,10:27:13.4,150.298,84.8,0.4104824722883003,75.0,0.5282883644104004,616.4099731445312,599.666399997659,307.4351000250317
B_C_B_C_B_isometria.txt,10:27:13.4,150.298,89.8,0.626789861421025,75.0,0.46357494592666626,502.1577453613281,560.6561999884434,272.6642999914475
B_C_B_C_B_isometria.txt,10:27:13.4,150.298,94.8,0.01908337969299952,60.0,0.6830965280532837,88.7955551147461,557.7745999908075,269.04470002045855
B_C_B_C_B_isometria.txt,10:27:13.4,150.298,99.8,0.01794362795944292,60.0,0.7306556105613708,36.88438415527344,573.6535000032745,258.2325999974273
B_C_B_C_B_isometria.txt,10:27:13.4,150.298,104.8,0.15402811539518438,75.0,0.4315989315509796,3458.122802734375,539.9847000080626,266.20050001656637
B_C_B_C_B_isometria.txt,10:27:13.4,150.298,109.8,0.28301788815695433,75.0,0.18238283693790436,248.7310333251953,718.2527999975719,415.9071999893058
B_C_B_C_B_isometria.txt,10:27:13.4,150.298,114.8,0.3114408963991285,90.0,0.2779170870780945,426.5578918457031,717.8180000046268,307.9278999939561
B_C_B_C_B_isometria.txt,10:27:13.4,150.298,119.8,0.3089635705909383,75.0,0.3287237882614136,398.5414733886719,835.919399978593,328.0754000006709
B_C_B_C_B_isometria.txt,10:27:13.4,150.298,124.8,0.0868085054480878,75.0,0.41669610142707825,242.5979461669922,671.6676999931224,316.71970000024885
B_C_B_C_B_isometria.txt,10:27:13.4,150.298,129.8,0.04611487712954808,75.0,0.33989575505256653,862.6229858398438,694.8636999877635,332.6879999949597
B_C_B_C_B_isometria.txt,10:27:13.4,150.298,134.8,0.15548921605877183,75.0,0.3404099941253662,7066.77734375,805.0636000116356,391.2436999962665
B_C_B_C_B_isometria.txt,10:27:13.4,150.298,139.8,0.5619339015821015,75.0,0.30573099851608276,1005.7929077148438,811.4832999999635,321.61339998128824
B_C_B_C_B_isometria.txt,10:27:13.4,150.298,144.8,0.49706979258481626,75.0,0.318232923746109,674.8641967773438,664.289500011364,267.1601999900304
B_C_B_C_B_isometria.txt,10:27:13.4,150.298,149.8,0.3359595151936049,75.0,0.3329851031303406,377.5041809082031,575.3808000008576,266.84400002704933
B_C_B_C_B_isometric_2.txt,11:8:12.768,151.198,19.8,0.25718633027577725,60.0,0.3151942491531372,876853120.0,620.021499984432,342.2603000071831
B_C_B_C_B_isometric_2.txt,11:8:12.768,151.198,24.8,0.3060754671112365,60.0,0.4074512720108032,815.7588500976562,644.6642999944743,345.6290999893099
B_C_B_C_B_isometric_2.txt,11:8:12.768,151.198,29.8,0.36752129545418727,60.0,0.25218719244003296,1255.2310791015625,655.2172999945469,268.2785000069998
B_C_B_C_B_isometric_2.txt,11:8:12.768,151.198,34.8,0.02023649228259982,60.0,0.6835290193557739,159623248.0,635.2668000035919,251.27300000167452
B_C_B_C_B_isometric_2.txt,11:8:12.768,151.198,39.8,0.022366279215391992,60.0,4.420013904571533,16507177984.0,571.2844999798108,237.71950000082143
B_C_B_C_B_isometric_2.txt,11:8:12.768,151.198,44.8,0.02020686946308862,60.0,0.5845662951469421,9942.5849609375,564.9829000176396,239.3140000058338
B_C_B_C_B_isometric_2.txt,11:8:12.768,151.198,49.8,0.0,60.0,0.7932121753692627,1324.2659912109375,576.2905000010505,242.2734000138007
B_C_B_C_B_isometric_2.txt,11:8:12.768,151.198,54.8,0.0,60.0,0.7102305293083191,3617.25,656.4074999769218,321.8635999946855
B_C_B_C_B_isometric_2.txt,11:8:12.768,151.198,59.8,0.0,60.0,0.7106165289878845,1414.31494140625,634.0504999971017,251.9687000021804
B_C_B_C_B_isometric_2.txt,11:8:12.768,151.198,64.8,0.01033724922475401,90.0,0.33659297227859497,157.9014129638672,605.3710999840405,259.0169000031892
B_C_B_C_B_isometric_2.txt,11:8:12.768,151.198,69.8,0.01613733568947806,75.0,0.7403565645217896,51.22473907470703,702.5809999904595,277.67929999390617
B_C_B_C_B_isometric_2.txt,11:8:12.768,151.198,74.8,0.026682042803808374,75.0,0.19686472415924072,2726.52392578125,620.6923999998253,356.9464999891352
B_C_B_C_B_isometric_2.txt,11:8:12.768,151.198,79.8,0.2519307332383741,60.0,0.4333491623401642,1570.6651611328125,657.682199991541,263.7301000067964
B_C_B_C_B_isometric_2.txt,11:8:12.768,151.198,84.8,0.38204710665367025,60.0,0.8293884992599487,2080.789306640625,641.3159999938216,344.2534999921918
B_C_B_C_B_isometric_2.txt,11:8:12.768,151.198,89.8,0.3952523446962526,60.0,0.30817660689353943,2515.9287109375,802.9067000024952,505.43930000276305
B_C_B_C_B_isometric_2.txt,11:8:12.768,151.198,94.8,0.07493381001670424,60.0,0.5351313948631287,19.403423309326172,658.2689999777358,231.49080001167022
B_C_B_C_B_isometric_2.txt,11:8:12.768,151.198,99.8,0.1225979498325141,60.0,1.0848331451416016,42.1192741394043,563.7872999941465,257.33669998589903
B_C_B_C_B_isometric_2.txt,11:8:12.768,151.198,104.8,0.07610794201861928,60.0,2.0258827209472656,7661.1630859375,595.5433000053745,250.59870001859963
B_C_B_C_B_isometric_2.txt,11:8:12.768,151.198,109.8,0.11868710886106044,75.0,0.34032800793647766,1173.533447265625,586.4816999819595,245.96699999528937
B_C_B_C_B_isometric_2.txt,11:8:12.768,151.198,114.8,0.0,60.0,0.5862958431243896,807.4215698242188,599.1248000063933,245.1405000174418
B_C_B_C_B_isometric_2.txt,11:8:12.768,151.198,119.8,0.0,60.0,1.0453606843948364,919.3740844726562,599.9222999962512,243.42699997941963
B_C_B_C_B_isometric_2.txt,11:8:12.768,151.198,124.8,0.008874025636602955,60.0,0.48204943537712097,181.734375,581.8810999917332,251.23369999346323
B_C_B_C_B_isometric_2.txt,11:8:12.768,151.198,129.8,0.020685071876580904,75.0,0.4910818338394165,292.7898254394531,657.965200021863,374.5934999897145
B_C_B_C_B_isometric_2.txt,11:8:12.768,151.198,134.8,0.018751154092955028,60.0,0.18712006509304047,6407.39599609375,699.9651000078302,299.5183999883011
B_C_B_C_B_isometric_2.txt,11:8:12.768,151.198,139.8,0.2333803696681772,75.0,0.14415836334228516,238.4767303466797,693.9879000128713,250.47679999261163
B_C_B_C_B_isometric_2.txt,11:8:12.768,151.198,144.8,0.27486757985383536,60.0,0.6491140723228455,4432.9658203125,727.1717999828979,346.45240000099875
B_C_B_C_B_isometric_2.txt,11:8:12.768,151.198,149.8,0.49167190259253246,60.0,0.3830208480358124,1037.9241943359375,769.3551999982446,301.4809000014793
Baseline_isometrico_baseline.txt,15:57:24.54,61.348,19.8,0.004940068240419683,60.0,0.5198262929916382,343.6524963378906,668.4083000000101,360.04259999026544
Baseline_isometrico_baseline.txt,15:57:24.54,61.348,24.8,0.01536228027364586,60.0,0.6493273973464966,257.118896484375,726.7323000123724,384.37690000864677
Baseline_isometrico_baseline.txt,15:57:24.54,61.348,29.8,0.019249377128477456,60.0,0.6327474117279053,505.6800842285156,608.7285999965388,331.38570000301115
Baseline_isometrico_baseline.txt,15:57:24.54,61.348,34.8,0.048027279673149896,75.0,0.4592592418193817,1479.0740966796875,733.345000015106,244.67479999293573
Baseline_isometrico_baseline.txt,15:57:24.54,61.348,39.8,0.06264150643940919,60.0,0.28080642223358154,1204.61669921875,788.587400020333,349.18869999819435
Baseline_isometrico_baseline.txt,15:57:24.54,61.348,44.8,0.047766650329700296,75.0,0.24530808627605438,631.5653686523438,650.618099985877,251.68740001390688
Baseline_isometrico_baseline.txt,15:57:24.54,61.348,49.8,0.020153783358613047,75.0,0.2734141945838928,311.052734375,752.422799996566,381.4274999895133
Baseline_isometrico_baseline.txt,15:57:24.54,61.348,54.8,0.017157029350785304,75.0,0.6570981740951538,6147.84033203125,1688.215800008038,648.7647000176366
Baseline_isometrico_baseline.txt,15:57:24.54,61.348,59.8,0.01325725876260364,75.0,0.2640518546104431,317.63623046875,1140.1388999947812,795.8285000058822
Branco_BDireito.txt,12:27:42.301,421.048,19.8,0.0847989173391294,60.0,1.1014118194580078,331161440.0,828.2847999944352,287.7046999929007
Branco_BDireito.txt,12:27:42.301,421.048,24.8,0.14215205717975055,60.0,0.5438043475151062,390.4415588378906,593.823400005931,268.3152999961749
Branco_BDireito.txt,12:27:42.301,421.048,29.8,0.11027281799521749,60.0,0.258972704410553,190.85252380371094,597.5539999781176,305.5285000009462
Branco_BDireito.txt,12:27:42.301,421.048,34.8,0.14344166539031702,60.0,0.33492130041122437,873.0967407226562,683.6273999942932,359.6959999995306
Branco_BDireito.txt,12:27:42.301,421.048,39.8,0.1239597156537833,60.0,0.715331494808197,300.4996643066406,719.3905000167433,372.17310001142323
Branco_BDireito.txt,12:27:42.301,421.048,44.8,0.11673350163380013,60.0,0.8579760193824768,395.96063232421875,713.5726000124123,341.8622999743093
Branco_BDireito.txt,12:27:42.301,421.048,49.8,0.15968642339460049,60.0,0.28566262125968933,249.5588836669922,795.8113999920897,313.7098999868613
Branco_BDireito.txt,12:27:42.301,421.048,54.8,0.10025674307282921,60.0,0.7241499423980713,617.1889038085938,684.9498999945354,367.225399997551
Branco_BDireito.txt,12:27:42.301,421.048,59.8,0.12742269015251692,60.0,0.27088654041290283,444.4225158691406,625.032599986298,274.13809997960925
Branco_BDireito.txt,12:27:42.301,421.048,64.8,0.1443962010285481,60.0,0.4306160807609558,219.50999450683594,740.1491999917198,343.9809999836143
Branco_BDireito.txt,12:27:42.301,421.048,69.8,0.13565927321831586,60.0,0.16965913772583008,419.0816955566406,684.5328999916092,317.70460002007894
Branco_BDireito.txt,12:27:42.301,421.048,74.8,0.12604921686171047,60.0,0.19067557156085968,257.039306640625,747.8044000163209,315.8961000153795
Branco_BDireito.txt,12:27:42.301,421.048,79.8,0.16860834813542347,60.0,0.14458060264587402,353.4732666015625,645.0104000105057,339.25690001342446
Branco_BDireito.txt,12:27:42.301,421.048,84.8,0.14784779821880384,60.0,0.2289285808801651,486.3434143066406,796.86109998147,379.05019999016076
Branco_BDireito.txt,12:27:42.301,421.048,89.8,0.1473034587561189,60.0,0.2739696502685547,132.09600830078125,846.1936000094283,319.1002999956254
Branco_BDireito.txt,12:27:42.301,421.048,94.8,0.16342725825539853,60.0,0.4716390371322632,387.46124267578125,755.8781999978237,302.45049999211915
Branco_BDireito.txt,12:27:42.301,421.048,99.8,0.12660344729145148,60.0,0.15042296051979065,210.19448852539062,672.4035000079311,335.4881999839563
Branco_BDireito.txt,12:27:42.301,421.048,104.8,0.15884090380840785,60.0,0.1025371178984642,422.34814453125,723.9983000035863,326.74190000398085
Branco_BDireito.txt,12:27:42.301,421.048,109.8,0.1607234167361423,60.0,0.5584262609481812,842.4832153320312,655.0632999860682,320.58599998708814
Branco_BDireito.txt,12:27:42.301,421.048,114.8,0.1382122110591669,60.0,0.11716143786907196,157.95220947265625,711.1946000077296,320.9779000026174
Branco_BDireito.txt,12:27:42.301,421.048,119.8,0.18552150857951166,60.0,0.3422190248966217,404.2756042480469,713.8073999958578,338.0276999960188
Branco_BDireito.txt,12:27:42.301,421.048,124.8,0.18532325294908922,60.0,0.055425383150577545,282.1394348144531,724.4303000043146,376.3743000163231
Branco_BDireito.txt,12:27:42.301,421.048,129.8,0.1726363109255591,60.0,0.18453951179981232,569.0413208007812,887.4742000189144,327.357000001939
Branco_BDireito.txt,12:27:42.301,421.048,134.8,0.17367384939466726,60.0,0.21356600522994995,264.2738952636719,703.748900006758,318.7696000095457
Branco_BDireito.txt,12:27:42.301,421.048,139.8,0.18412828460618433,60.0,1.3090885877609253,560.5311889648438,745.380699983798,305.33369997283444
Branco_BDireito.txt,12:27:42.301,421.048,144.8,0.14320624892641237,60.0,0.2570035755634308,408.28387451171875,689.4247000163887,265.1927999977488
Branco_BDireito.txt,12:27:42.301,421.048,149.8,0.18205750624099684,60.0,0.15590068697929382,204.38978576660156,748.6779000028037,425.3315000096336
Branco_BDireito.txt,12:27:42.301,421.048,154.8,0.16229032907319693,60.0,0.19252057373523712,302.2909240722656,1115.3099999937695,326.0461000027135
Branco_BDireito.txt,12:27:42.301,421.048,159.8,0.14118355809050362,60.0,0.06067531183362007,242.35061645507812,703.2315999967977,333.00129999406636
Branco_BDireito.txt,12:27:42.301,421.048,164.8,0.1375089605561662,60.0,0.1984267383813858,455.155029296875,665.545399999246,246.97350000496954
Branco_BDireito.txt,12:27:42.301,421.048,169.8,0.17898516903618014,60.0,0.19657555222511292,229.20077514648438,590.2343000052497,249.53929998446256
Branco_BDireito.txt,12:27:42.301,421.048,174.8,0.16892015101355667,60.0,0.5720992088317871,374.3363037109375,576.3639000069816,242.41770000662655
Branco_BDireito.txt,12:27:42.301,421.048,179.8,0.15595975937000514,60.0,0.23388426005840302,82.55145263671875,604.3088000151329,270.01259999815375
Branco_BDireito.txt,12:27:42.301,421.048,184.8,0.1678060032858156,60.0,0.44696056842803955,379.7228088378906,726.3007000146899,304.6639999956824
Branco_BDireito.txt,12:27:42.301,421.048,189.8,0.19364346979846414,60.0,0.40472397208213806,619.5851440429688,609.0842999983579,253.4501000191085
Branco_BDireito.txt,12:27:42.301,421.048,194.8,0.2056213339827148,60.0,0.39448633790016174,389.21429443359375,593.6355000012554,240.0105999840889
Branco_BDireito.txt,12:27:42.301,421.048,199.8,0.2134851361876703,60.0,0.2009734958410263,773.703857421875,560.8477999921888,254.29949999670498
Branco_BDireito.txt,12:27:42.301,421.048,204.8,0.22815630820599211,60.0,0.30269092321395874,99.2329330444336,585.66179999616,255.06479997420684
Branco_BDireito.txt,12:27:42.301,421.048,209.8,0.17421935800203772,60.0,0.19044075906276703,178.66232299804688,565.3541999927256,242.7286999882199
Branco_BDireito.txt,12:27:42.301,421.048,214.8,0.16483414756950523,60.0,0.49889642000198364,299.5953063964844,576.7965999839362,244.38259997987188
Branco_BDireito.txt,12:27:42.301,421.048,219.8,0.17232605967194217,60.0,0.18798768520355225,390.84344482421875,578.0142000003252,249.7043000184931
Branco_BDireito.txt,12:27:42.301,421.048,224.8,0.1613736955482758,60.0,0.2284374088048935,244.56060791015625,581.8308000161778,240.76859999331646
Branco_BDireito.txt,12:27:42.301,421.048,229.8,0.2106158865574288,60.0,0.14722955226898193,523.44873046875,576.2715000018943,239.99070000718348
Branco_BDireito.txt,12:27:42.301,421.048,234.8,0.15764246390234382,60.0,0.22916601598262787,298.4108581542969,668.1398000218906,317.9876000212971
Branco_BDireito.txt,12:27:42.301,421.048,239.8,0.18946150404413956,60.0,0.36240145564079285,278.1489562988281,866.0746999958064,315.27679998544045
Branco_BDireito.txt,12:27:42.301,421.048,244.8,0.1350796965560015,60.0,0.09678654372692108,340.6548156738281,636.9088999927044,250.6991999980528
Branco_BDireito.txt,12:27:42.301,421.048,249.8,0.17647539916865482,60.0,0.4305734932422638,152.68008422851562,613.7991999858059,245.32629997702315
Branco_BDireito.txt,12:27:42.301,421.048,254.8,0.15487755706815776,60.0,0.2049218714237213,832.1272583007812,569.0442000050098,228.1747999950312
Branco_BDireito.txt,12:27:42.301,421.048,259.8,0.14297879484174916,60.0,0.17744490504264832,220.27206420898438,571.0489999910351,244.79580001207069
Branco_BDireito.txt,12:27:42.301,421.048,264.8,0.15361085616109443,60.0,0.1082741916179657,238.37033081054688,578.9435000042431,237.98510001506656
Branco_BDireito.txt,12:27:42.301,421.048,269.8,0.15856534136140696,60.0,0.13117626309394836,218.94927978515625,567.5357000145596,256.9229000073392
Branco_BDireito.txt,12:27:42.301,421.048,274.8,0.14112033094396104,60.0,0.40412992238998413,364.7392578125,557.5848000007682,293.52090001339093
Branco_BDireito.txt,12:27:42.301,421.048,279.8,0.2207301460122541,60.0,0.7338427901268005,525.774169921875,624.8580999963451,246.00469999131747
Branco_BDireito.txt,12:27:42.301,421.048,284.8,0.23542561415874863,60.0,0.42243775725364685,463.4803161621094,630.5857999832369,304.0454000001773
Branco_BDireito.txt,12:27:42.301,421.048,289.8,0.2365491338781964,60.0,0.25410082936286926,326.9992980957031,1089.3420999927912,778.0693000240717
Branco_BDireito.txt,12:27:42.301,421.048,294.8,0.15412856198615887,60.0,0.26717501878738403,590.2760620117188,962.0960000029299,342.3235999944154
Branco_BDireito.txt,12:27:42.301,421.048,299.8,0.17961726016603272,60.0,0.519457221031189,581.91357421875,898.5047999885865,397.7578000049107
Branco_BDireito.txt,12:27:42.301,421.048,304.8,0.1733909847459765,60.0,0.2768242061138153,184.9491729736328,683.3538000064436,366.1648999841418
Branco_BDireito.txt,12:27:42.301,421.048,309.8,0.18145232703395292,60.0,0.09428109973669052,416.12945556640625,797.2810000064783,418.83769998094067
Branco_BDireito.txt,12:27:42.301,421.048,314.8,0.18403848841731058,60.0,0.1634979397058487,608.7020263671875,801.3564000139013,371.1228000174742
Branco_BDireito.txt,12:27:42.301,421.048,319.8,0.18869383981340057,60.0,0.23131117224693298,296.1834411621094,772.8380000044126,279.90130000398494
Branco_BDireito.txt,12:27:42.301,421.048,324.8,0.1717835716431486,60.0,0.4739410877227783,874.1311645507812,751.1834000179078,274.52760000596754
Branco_BDireito.txt,12:27:42.301,421.048,329.8,0.20368775652910995,60.0,0.31655994057655334,196.66018676757812,721.7423999973107,357.9998000059277
Branco_BDireito.txt,12:27:42.301,421.048,334.8,0.1652567421162568,60.0,0.5974705219268799,485.0118103027344,941.9713000243064,404.1273999901023
Branco_BDireito.txt,12:27:42.301,421.048,339.8,0.1934273116240871,60.0,0.42035531997680664,535.1132202148438,838.003499986371,383.34459997713566
Branco_BDireito.txt,12:27:42.301,421.048,344.8,0.20350355724013927,60.0,0.37383320927619934,246.6519317626953,837.5126000028104,396.01220001350157
Branco_BDireito.txt,12:27:42.301,421.048,349.8,0.21901849102556314,60.0,0.14718548953533173,422.9993896484375,798.8562000100501,358.2106999820098
Branco_BDireito.txt,12:27:42.301,421.048,354.8,0.17582038770187344,60.0,0.19606757164001465,263.55859375,818.8742999918759,402.6785000169184
Branco_BDireito.txt,12:27:42.301,421.048,359.8,0.2050139235616174,60.0,0.2781878113746643,605.3637084960938,832.1032999956515,408.09539999463595
Branco_BDireito.txt,12:27:42.301,421.048,364.8,0.20233999166890856,60.0,0.2692399322986603,205.76641845703125,793.7779999920167,452.2525999927893
Branco_BDireito.txt,12:27:42.301,421.048,369.8,0.1977061695636183,60.0,0.22559739649295807,523.6744384765625,781.694500008598,376.228600012837
Branco_BDireito.txt,12:27:42.301,421.048,374.8,0.21009400892452057,60.0,0.21084453165531158,362.4140319824219,897.182500018971,437.36169999465346
Branco_BDireito.txt,12:27:42.301,421.048,379.8,0.18731594236098895,60.0,0.3705854117870331,198.4835968017578,888.2191000157036,415.51939997589216
Branco_BDireito.txt,12:27:42.301,421.048,384.8,0.241426955116827,60.0,0.7465684413909912,794.3303833007812,780.889899993781,333.8420999934897
Branco_BDireito.txt,12:27:42.301,421.048,389.8,0.1962592447393636,60.0,0.3551827073097229,324.31414794921875,857.1549999760464,403.8081000035163
Branco_BDireito.txt,12:27:42.301,421.048,394.8,0.2225946472497634,60.0,0.585164487361908,223.41268920898438,757.6140000019222,335.7811000023503
Branco_BDireito.txt,12:27:42.301,421.048,399.8,0.15514047008719697,60.0,0.2519141733646393,443.9893798828125,753.2489000004716,293.67509999428876
Branco_BDireito.txt,12:27:42.301,421.048,404.8,0.16002702284424586,60.0,0.2363123744726181,285.57232666015625,851.0959999985062,412.81579999485984
Branco_BDireito.txt,12:27:42.301,421.048,409.8,0.17487564583366272,60.0,0.41771993041038513,452.14190673828125,773.239600006491,997.5340999953914
Branco_BDireito.txt,12:27:42.301,421.048,414.8,0.17230067552302455,60.0,0.12215036898851395,275.33935546875,1450.2156000235118,369.9311999953352
Branco_BDireito.txt,12:27:42.301,421.048,419.8,0.16919054372381298,60.0,0.14422541856765747,347.03857421875,864.4942999817431,320.9936000057496
Branco_BEsquerdo.txt,12:19:56.774,421.048,19.8,0.16690001630768267,60.0,0.40683266520500183,401.14727783203125,919.8163000110071,416.7289999895729
Branco_BEsquerdo.txt,12:19:56.774,421.048,24.8,0.12818265318306937,60.0,0.5541865229606628,76.515625,867.0674999884795,377.93970000348054
Branco_BEsquerdo.txt,12:19:56.774,421.048,29.8,0.14272913152161287,60.0,0.17791329324245453,284.30535888671875,762.4297000002116,451.28410001052544
Branco_BEsquerdo.txt,12:19:56.774,421.048,34.8,0.17406903109334637,60.0,0.13515856862068176,451.72918701171875,857.6836000138428,357.3340000002645
Branco_BEsquerdo.txt,12:19:56.774,421.048,39.8,0.15585752560638672,60.0,0.10411533713340759,245.518310546875,1110.626699985005,378.19230000604875
Branco_BEsquerdo.txt,12:19:56.774,421.048,44.8,0.17182957737543011,60.0,0.16496430337429047,225.55813598632812,948.9027000090573,421.60339999827556
Branco_BEsquerdo.txt,12:19:56.774,421.048,49.8,0.1998265660758404,60.0,0.20541158318519592,526.651611328125,917.1743000042625,398.91789999092
Branco_BEsquerdo.txt,12:19:56.774,421.048,54.8,0.1871800335038313,60.0,0.19462084770202637,169.90191650390625,899.8638000048231,364.8162999888882
Branco_BEsquerdo.txt,12:19:56.774,421.048,59.8,0.22398639245994975,60.0,0.3904965817928314,448.38299560546875,805.0643999886233,419.0474000060931
Branco_BEsquerdo.txt,12:19:56.774,421.048,64.8,0.2792186517209085,60.0,0.3832304775714874,852.0159912109375,757.6135999988765,377.9176000098232
Branco_BEsquerdo.txt,12:19:56.774,421.048,69.8,0.29213105778627285,60.0,0.11682187020778656,302.0499572753906,769.1959000076167,374.80479999794625
Branco_BEsquerdo.txt,12:19:56.774,421.048,74.8,0.2816081437133972,60.0,0.18397977948188782,685.9928588867188,763.6014000163414,335.07810000446625
Branco_BEsquerdo.txt,12:19:56.774,421.048,79.8,0.2556873664833292,60.0,0.25802478194236755,246.90371704101562,848.9741999947,447.8399000072386
Branco_BEsquerdo.txt,12:19:56.774,421.048,84.8,0.22878512470848206,60.0,0.23161867260932922,263.03021240234375,912.1378000127152,372.39380000391975
Branco_BEsquerdo.txt,12:19:56.774,421.048,89.8,0.20758388216528217,60.0,0.14801949262619019,135.37246704101562,1055.523599992739,418.0190000042785
Branco_BEsquerdo.txt,12:19:56.774,421.048,94.8,0.20023880518392612,60.0,0.21649177372455597,261.9060974121094,880.0416000012774,375.7101999945007
Branco_BEsquerdo.txt,12:19:56.774,421.048,99.8,0.2213749279114508,60.0,0.5023474097251892,456.83123779296875,911.6364999790676,344.9562999885529
Branco_BEsquerdo.txt,12:19:56.774,421.048,104.8,0.1638858519862182,60.0,0.40224161744117737,295.9498596191406,878.7052999832667,379.0908999799285
Branco_BEsquerdo.txt,12:19:56.774,421.048,109.8,0.21544560770747115,60.0,0.3815612196922302,397.72882080078125,790.0433999893721,389.11950000328943
Branco_BEsquerdo.txt,12:19:56.774,421.048,114.8,0.1703258095602974,60.0,0.27687594294548035,246.9156951904297,785.3986000118311,297.56130001624115
Branco_BEsquerdo.txt,12:19:56.774,421.048,119.8,0.17376973334201723,60.0,0.21778815984725952,329.1900634765625,734.0406000148505,493.33719999413006
Branco_BEsquerdo.txt,12:19:56.774,421.048,124.8,0.15626856401043895,60.0,0.28028181195259094,123.38956451416016,1558.5436000255868,440.5554000113625
Branco_BEsquerdo.txt,12:19:56.774,421.048,129.8,0.1848306274923013,60.0,0.07492203265428543,231.40736389160156,854.4423000130337,382.6331000018399
Branco_BEsquerdo.txt,12:19:56.774,421.048,134.8,0.19758561702561672,60.0,0.17118971049785614,392.8763427734375,892.6909000147134,402.09720001439564
Branco_BEsquerdo.txt,12:19:56.774,421.048,139.8,0.1617137125820635,60.0,0.17884337902069092,270.3692626953125,828.9495000208262,353.93260000273585
Branco_BEsquerdo.txt,12:19:56.774,421.048,144.8,0.14212003722946198,60.0,0.07205764949321747,259.75482177734375,789.8884000023827,574.1382999985944
Branco_BEsquerdo.txt,12:19:56.774,421.048,149.8,0.12747913737700822,60.0,0.2166406810283661,485.7854309082031,801.6375000006519,425.204200000735
Branco_BEsquerdo.txt,12:19:56.774,421.048,154.8,0.13694657753530615,60.0,0.26723167300224304,399.7148132324219,914.1564999881666,419.31929998099804
Branco_BEsquerdo.txt,12:19:56.774,421.048,159.8,0.15823267350437795,60.0,0.0973299965262413,474.5561218261719,902.7132999908645,427.03079999773763
Branco_BEsquerdo.txt,12:19:56.774,421.048,164.8,0.20635124932597007,60.0,0.7066528797149658,460.1992492675781,862.3631999944337,395.94089999445714
Branco_BEsquerdo.txt,12:19:56.774,421.048,169.8,0.1813179473873674,60.0,0.2286548912525177,544.5540771484375,828.7263000092935,380.1398999930825
Branco_BEsquerdo.txt,12:19:56.774,421.048,174.8,0.2501832220007071,60.0,0.24039556086063385,434.6900634765625,849.1101999825332,402.37909997813404
Branco_BEsquerdo.txt,12:19:56.774,421.048,179.8,0.21207349853242163,60.0,0.305635005235672,262.42333984375,750.9632000001147,392.97759998589754
Branco_BEsquerdo.txt,12:19:56.774,421.048,184.8,0.19361872544472103,60.0,0.12720629572868347,463.7446594238281,1073.3706000028178,475.7940999988932
Branco_BEsquerdo.txt,12:19:56.774,421.048,189.8,0.15889468048622873,60.0,0.1381026804447174,259.99932861328125,937.8748000017367,371.2457999936305
Branco_BEsquerdo.txt,12:19:56.774,421.048,194.8,0.2088607494886076,60.0,0.19456516206264496,291.5355224609375,886.8493000045419,406.1099000100512
Branco_BEsquerdo.txt,12:19:56.774,421.048,199.8,0.24060471498299288,60.0,0.21296490728855133,538.340087890625,942.495900002541,380.5374999938067
Branco_BEsquerdo.txt,12:19:56.774,421.048,204.8,0.21039444921365957,60.0,0.3143780529499054,132.32015991210938,784.0165000234265,348.741699999664
Branco_BEsquerdo.txt,12:19:56.774,421.048,209.8,0.25262685701380344,60.0,0.21538111567497253,492.5251770019531,829.7437999863178,353.08150001219474
Branco_BEsquerdo.txt,12:19:56.774,421.048,214.8,0.20223988914486654,60.0,0.13327445089817047,243.38592529296875,744.927199993981,394.6083000046201
Branco_BEsquerdo.txt,12:19:56.774,421.048,219.8,0.23972868694105426,60.0,0.38135749101638794,280.6673278808594,776.622999983374,344.1809999931138
Branco_BEsquerdo.txt,12:19:56.774,421.048,224.8,0.20930418719952182,60.0,0.2283257395029068,265.9173889160156,756.6267999936827,404.6219000010751
Branco_BEsquerdo.txt,12:19:56.774,421.048,229.8,0.2593610646005346,60.0,0.1819111853837967,342.0079345703125,981.3450000074226,472.2092000010889
Branco_BEsquerdo.txt,12:19:56.774,421.048,234.8,0.21553117531066004,60.0,0.09578529745340347,466.7373046875,826.7218999972101,411.8039000022691
Branco_BEsquerdo.txt,12:19:56.774,421.048,239.8,0.23561098045450085,60.0,0.2824169397354126,363.3320007324219,875.85750001017,407.4866999872029
Branco_BEsquerdo.txt,12:19:56.774,421.048,244.8,0.22761983857624846,60.0,0.20189204812049866,413.94061279296875,874.8271999938879,376.6032000130508
Branco_BEsquerdo.txt,12:19:56.774,421.048,249.8,0.211094474885105,60.0,0.13366617262363434,408.379638671875,854.5113999862224,382.5043000106234
Branco_BEsquerdo.txt,12:19:56.774,421.048,254.8,0.25019250285150496,60.0,0.13795576989650726,571.7908935546875,710.8284000132699,352.74220001883805
Branco_BEsquerdo.txt,12:19:56.774,421.048,259.8,0.2512670694041944,60.0,0.16173279285430908,463.90301513671875,765.0920999876689,333.8791999849491
Branco_BEsquerdo.txt,12:19:56.774,421.048,264.8,0.2718870778489762,60.0,0.31072163581848145,456.64300537109375,782.8834000101779,380.1584000175353
Branco_BEsquerdo.txt,12:19:56.774,421.048,269.8,0.24632230804181396,60.0,0.23692326247692108,292.6073303222656,868.2115999981761,373.2657000073232
Branco_BEsquerdo.txt,12:19:56.774,421.048,274.8,0.27669773057503133,60.0,0.24424880743026733,349.934326171875,844.1715999797452,399.8563000059221
Branco_BEsquerdo.txt,12:19:56.774,421.048,279.8,0.29059747012390813,60.0,0.2779920697212219,321.8644104003906,1017.7223000209779,407.9994999920018
Branco_BEsquerdo.txt,12:19:56.774,421.048,284.8,0.26565134802138035,60.0,0.31065598130226135,220.60487365722656,868.0484000069555,336.48790000006557
Branco_BEsquerdo.txt,12:19:56.774,421.048,289.8,0.27789474123469154,60.0,0.19773463904857635,223.0562286376953,899.4968000042718,368.7664999742992
Branco_BEsquerdo.txt,12:19:56.774,421.048,294.8,0.2535546297691569,60.0,0.2306438535451889,583.9707641601562,933.3456000022124,366.21029998059385
Branco_BEsquerdo.txt,12:19:56.774,421.048,299.8,0.22158327455718016,60.0,0.2844617962837219,203.64105224609375,738.0221000057645,873.1141999887768
Branco_BEsquerdo.txt,12:19:56.774,421.048,304.8,0.23068563092302372,60.0,0.13123565912246704,272.3610534667969,852.1963999955915,366.26919999253005
Branco_BEsquerdo.txt,12:19:56.774,421.048,309.8,0.2450517352527276,60.0,0.15650390088558197,340.6277770996094,857.0208000019193,371.7103000089992
Branco_BEsquerdo.txt,12:19:56.774,421.048,314.8,0.2593700509255561,60.0,0.1768181174993515,246.18014526367188,838.0247000022791,399.7390999866184
Branco_BEsquerdo.txt,12:19:56.774,421.048,319.8,0.23023989201364492,60.0,0.23286624252796173,346.44805908203125,1033.1265999993775,647.4492999841459
Branco_BEsquerdo.txt,12:19:56.774,421.048,324.8,0.2155819540764245,60.0,0.24957165122032166,188.36831665039062,1050.4791999992449,375.9137000015471
Branco_BEsquerdo.txt,12:19:56.774,421.048,329.8,0.19773271861076833,60.0,0.23497572541236877,315.1027526855469,701.5483000141103,346.4234999846667
Branco_BEsquerdo.txt,12:19:56.774,421.048,334.8,0.16407484555346474,60.0,0.1422608345746994,204.94593811035156,742.0635000162292,386.29799999762326
Branco_BEsquerdo.txt,12:19:56.774,421.048,339.8,0.16277614077059532,60.0,0.13848675787448883,256.894775390625,745.4688999860082,344.2409000126645
Branco_BEsquerdo.txt,12:19:56.774,421.048,344.8,0.19035717357882245,60.0,0.4102940857410431,286.1952209472656,827.668799989624,354.1057000111323
Branco_BEsquerdo.txt,12:19:56.774,421.048,349.8,0.17581919253484588,60.0,0.3324762284755707,206.66429138183594,730.4653000028338,365.4425000131596
Branco_BEsquerdo.txt,12:19:56.774,421.048,354.8,0.3053754553135181,60.0,0.37421298027038574,497.18695068359375,759.5129000255838,344.4702999840956
Branco_BEsquerdo.txt,12:19:56.774,421.048,359.8,0.3121820967119757,60.0,0.3467525243759155,382.5881652832031,691.280300001381,305.9550999896601
Branco_BEsquerdo.txt,12:19:56.774,421.048,364.8,0.3360580938892417,60.0,0.2282782793045044,195.27987670898438,718.4249999991152,543.4402000100818
Branco_BEsquerdo.txt,12:19:56.774,421.048,369.8,0.28333241967873846,60.0,0.23545005917549133,514.29931640625,754.9422000010964,378.0437000095844
Branco_BEsquerdo.txt,12:19:56.774,421.048,374.8,0.2630494272364658,60.0,0.3486784100532532,152.04788208007812,757.147399999667,407.1989000076428
Branco_BEsquerdo.txt,12:19:56.774,421.048,379.8,0.20854530551918657,60.0,0.25971296429634094,400.2872314453125,1023.2270999986213,292.5525999744423
Branco_BEsquerdo.txt,12:19:56.774,421.048,384.8,0.19930261161740612,60.0,0.08457153290510178,248.66183471679688,744.931599998381,407.5369999918621
Branco_BEsquerdo.txt,12:19:56.774,421.048,389.8,0.22243151051603505,60.0,0.2507130801677704,218.97474670410156,731.5004999982193,337.0606000244152
Branco_BEsquerdo.txt,12:19:56.774,421.048,394.8,0.1996444952285362,60.0,0.1690683215856552,314.50323486328125,739.9445000046398,396.0186999756843
Branco_BEsquerdo.txt,12:19:56.774,421.048,399.8,0.2315131800356752,60.0,0.1971663236618042,374.8497314453125,769.6441000152845,418.0980999954045
Branco_BEsquerdo.txt,12:19:56.774,421.048,404.8,0.22090032311103353,60.0,0.21263568103313446,278.9028015136719,734.6954999957234,366.33380001876503
Branco_BEsquerdo.txt,12:19:56.774,421.048,409.8,0.23689455465850975,60.0,0.1532687395811081,166.6240997314453,746.8058999802452,350.9051000000909
Branco_BEsquerdo.txt,12:19:56.774,421.048,414.8,0.24350298790538866,60.0,0.2356604039669037,429.2919616699219,764.4557999738026,319.68830002006143
Branco_BEsquerdo.txt,12:19:56.774,421.048,419.8,0.23970337966256702,60.0,0.2472836822271347,305.2574157714844,714.3370000121649,591.49819999584
Teste coupling.txt,12:11:50.267,475.198,19.8,0.18495551524554954,60.0,1.256496787071228,18.209365844726562,830.9412999951746,356.50180000811815
Teste coupling.txt,12:11:50.267,475.198,24.8,0.1651021593932554,60.0,1.2087233066558838,971.007568359375,725.4327999835368,306.45130001357757
Teste coupling.txt,12:11:50.267,475.198,29.8,0.1704065097790876,60.0,1.1340737342834473,11180.87890625,752.3332000127994,362.03410002053715
Teste coupling.txt,12:11:50.267,475.198,34.8,0.1485303208459528,60.0,0.37636250257492065,11745.6259765625,777.6768000039738,307.56270000711083
Teste coupling.txt,12:11:50.267,475.198,39.8,0.011021757156290671,75.0,0.32601067423820496,1350.58203125,900.6098000099882,399.53939997940324
Teste coupling.txt,12:11:50.267,475.198,44.8,0.012556978953152383,75.0,0.36902186274528503,770.5072631835938,874.0426999866031,377.58309999480844
Teste coupling.txt,12:11:50.267,475.198,49.8,0.010542652804441902,60.0,0.5433554649353027,173.22012329101562,798.0089000193402,371.5303000062704
Teste coupling.txt,12:11:50.267,475.198,54.8,0.009330212493861846,60.0,0.30748608708381653,5.996136665344238,763.9911000151187,388.72479999554344
Teste coupling.txt,12:11:50.267,475.198,59.8,0.3779323082952456,75.0,0.5198017954826355,1.5740803480148315,730.429000017466,387.5350000162143
Teste coupling.txt,12:11:50.267,475.198,64.8,0.38471146208714113,75.0,1.1319077014923096,15.088075637817383,885.7714000041597,358.94350000307895
Teste coupling.txt,12:11:50.267,475.198,69.8,0.3705391155890571,90.0,0.49372825026512146,27692.8125,891.5415999945253,431.9455999939237
Teste coupling.txt,12:11:50.267,475.198,74.8,0.009310839718895982,75.0,0.4221648573875427,3664.506103515625,933.0326000053901,336.53600001707673
Teste coupling.txt,12:11:50.267,475.198,79.8,0.012274359027434461,75.0,0.383292555809021,1522.6241455078125,812.6279000134673,329.61419998900965
Teste coupling.txt,12:11:50.267,475.198,84.8,0.15922845630054117,60.0,0.4939374327659607,9.560483932495117,733.615600009216,405.7205999852158
Teste coupling.txt,12:11:50.267,475.198,89.8,0.21100567521799649,75.0,0.6926449537277222,4.485652923583984,745.7496999995783,364.9516000004951
Teste coupling.txt,12:11:50.267,475.198,94.8,0.26409323274524865,75.0,0.5124785304069519,1299.5555419921875,805.5110000132117,410.5124000052456
Teste coupling.txt,12:11:50.267,475.198,99.8,0.029691132527834355,75.0,0.5996896624565125,29787.9453125,734.1674999915995,346.89529999741353
Teste coupling.txt,12:11:50.267,475.198,104.8,0.01617545132637387,75.0,1.1182903051376343,824.8700561523438,718.5261000122409,380.7102999999188
Teste coupling.txt,12:11:50.267,475.198,109.8,0.25063187494630673,60.0,0.31270644068717957,4.897547721862793,711.7220000072848,389.81110000167973
Teste coupling.txt,12:11:50.267,475.198,114.8,0.40918321601119106,60.0,0.6569561958312988,0.8883962631225586,724.6749000041746,417.69090000889264
Teste coupling.txt,12:11:50.267,475.198,119.8,0.3720256477675399,60.0,0.6306024193763733,1150.8585205078125,804.3059000046924,272.7999000053387
Teste coupling.txt,12:11:50.267,475.198,124.8,0.25628123116579765,105.0,0.2860705256462097,16481.939453125,752.5038000021596,314.78870002320036
Teste coupling.txt,12:11:50.267,475.198,129.8,0.032988201319199044,60.0,0.277878999710083,11588.9091796875,772.6729999994859,349.23710001748987
Teste coupling.txt,12:11:50.267,475.198,134.8,0.011904094095621678,75.0,0.8063144683837891,1279.9892578125,822.5836999772582,388.9889999991283
Teste coupling.txt,12:11:50.267,475.198,139.8,0.016246334917444597,60.0,0.5763526558876038,107.35865783691406,833.0867000040598,383.1295999989379
Teste coupling.txt,12:11:50.267,475.198,144.8,0.024680292029171224,60.0,0.9082598686218262,48.35850143432617,785.2385000151116,354.47319998638704
Teste coupling.txt,12:11:50.267,475.198,149.8,0.02765230669870724,60.0,0.9313854575157166,389.9294738769531,761.3248999987263,371.5470000170171
Teste coupling.txt,12:11:50.267,475.198,154.8,0.017546608739087054,60.0,1.0306719541549683,5606.50537109375,718.6823000083677,341.0627999983262
Teste coupling.txt,12:11:50.267,475.198,159.8,0.013002268440349374,60.0,0.38078513741493225,2392.256103515625,739.2919000121765,363.07590000797063
Teste coupling.txt,12:11:50.267,475.198,164.8,0.016199571635245255,60.0,0.6409652829170227,321.53369140625,691.7052999779116,372.86390000372194
Teste coupling.txt,12:11:50.267,475.198,169.8,0.020183591753919317,75.0,0.29430684447288513,324.06939697265625,838.9723000000231,391.16529998136684
Teste coupling.txt,12:11:50.267,475.198,174.8,0.03261492740549961,60.0,0.40181687474250793,886.6728515625,904.7587000241037,408.72499998658895
Teste coupling.txt,12:11:50.267,475.198,179.8,0.019949924127702474,60.0,0.32706418633461,942.5975341796875,795.954500004882,391.2471000221558
Teste coupling.txt,12:11:50.267,475.198,184.8,0.03942235547794439,60.0,0.30408746004104614,393.1401062011719,793.742799985921,416.97849999764003
Teste coupling.txt,12:11:50.267,475.198,189.8,0.037642620737059276,60.0,0.2914127707481384,37.64366912841797,770.3569000004791,380.79369999468327
Teste coupling.txt,12:11:50.267,475.198,194.8,0.48666819604149936,60.0,0.5387762188911438,0.41259071230888367,762.9772999789566,374.58189998869784
Teste coupling.txt,12:11:50.267,475.198,199.8,0.4798056996707602,60.0,1.4374281167984009,2.6937296390533447,717.476899997564,313.6397000052966
Teste coupling.txt,12:11:50.267,475.198,204.8,0.46547067161291983,60.0,0.39980700612068176,34962.765625,766.0882999771275,405.82899999571964
Teste coupling.txt,12:11:50.267,475.198,209.8,0.058491578181944844,75.0,0.6610285639762878,7426.95361328125,731.474000000162,341.97139999014325
Teste coupling.txt,12:11:50.267,475.198,214.8,0.05933689075352787,75.0,0.6937023997306824,1831.433349609375,1060.2295999997295,291.6622000047937
Teste coupling.txt,12:11:50.267,475.198,219.8,0.016513778838286586,75.0,0.3928864300251007,489.5520935058594,759.5830999780446,372.92599998181686
Teste coupling.txt,12:11:50.267,475.198,224.8,0.009618902221123559,75.0,0.23637722432613373,414.4568176269531,754.312699980801,334.48439999483526
Teste coupling.txt,12:11:50.267,475.198,229.8,0.028015622918040592,75.0,0.4440287947654724,129411648.0,740.393000014592,389.7290999884717
Teste coupling.txt,12:11:50.267,475.198,234.8,0.04184570322997236,75.0,0.5004199147224426,15.007484436035156,705.3166000114288,368.4048000141047
Teste coupling.txt,12:11:50.267,475.198,239.8,0.11214490542012755,60.0,0.2587769627571106,565.9921264648438,832.4826000025496,363.2810999988578
Teste coupling.txt,12:11:50.267,475.198,244.8,0.12579203452699145,60.0,0.9736607074737549,1365.5234375,756.3301000045612,334.37210001284257
Teste coupling.txt,12:11:50.267,475.198,249.8,0.7849586959528314,90.0,0.2842295169830322,26.417831420898438,737.5910000118893,334.0854000125546
Teste coupling.txt,12:11:50.267,475.198,254.8,0.8592316616814027,90.0,0.38400590419769287,0.45386290550231934,745.4806999885477,400.1728000002913
Teste coupling.txt,12:11:50.267,475.198,259.8,0.7691383340641179,90.0,0.2833065688610077,85.13685607910156,756.9577000103891,396.4806000003591
Teste coupling.txt,12:11:50.267,475.198,264.8,0.19592506639212348,90.0,0.3572128117084503,23.228853225708008,747.8632999991532,394.49219999369234
Teste coupling.txt,12:11:50.267,475.198,269.8,0.1706454036260553,60.0,0.229631245136261,2846.62353515625,707.11270000902,318.8244999910239
Teste coupling.txt,12:11:50.267,475.198,274.8,0.11302989321020086,90.0,0.9859927892684937,67720.4375,711.7959000170231,398.63069998682477
Teste coupling.txt,12:11:50.267,475.198,279.8,0.048871460163159845,60.0,0.46232321858406067,3283.882568359375,751.6092000005301,348.50719998939894
Teste coupling.txt,12:11:50.267,475.198,284.8,0.055017769182420545,60.0,0.3699400722980499,7346.90185546875,800.1297999871895,356.43220000201836
Teste coupling.txt,12:11:50.267,475.198,289.8,0.04077994586656259,60.0,0.28623709082603455,412.5797119140625,779.1787999740336,361.45560001023114
Teste coupling.txt,12:11:50.267,475.198,294.8,0.04284334039664082,75.0,0.4857470393180847,217.7774200439453,781.2719000212383,372.8846000158228
Teste coupling.txt,12:11:50.267,475.198,299.8,0.03895944575323801,60.0,0.5661804676055908,8.613358497619629,846.2836999970023,359.5604999864008
Teste coupling.txt,12:11:50.267,475.198,304.8,0.03860634984949845,60.0,0.2800160050392151,85.36488342285156,820.9308000223245,361.6001000045799
Teste coupling.txt,12:11:50.267,475.198,309.8,0.0613991372724619,60.0,0.3595235049724579,2377.0732421875,878.9885999867693,515.9592000127304
Teste coupling.txt,12:11:50.267,475.198,314.8,0.06421796680225551,60.0,0.4154624044895172,679.0775756835938,1067.5100000225939,476.55500000109896
Teste coupling.txt,12:11:50.267,475.198,319.8,0.06085000753071024,60.0,0.6379645466804504,216.56117248535156,1069.1956999944523,459.0162000095006
Teste coupling.txt,12:11:50.267,475.198,324.8,0.07232254884963826,60.0,0.3697567284107208,157.19947814941406,1002.1238999906927,423.4785999869928
Teste coupling.txt,12:11:50.267,475.198,329.8,0.09340631138092043,75.0,0.5295391082763672,325.64202880859375,1046.5380999958143,545.8035000192467
Teste coupling.txt,12:11:50.267,475.198,334.8,0.3034812425619819,60.0,0.6518022418022156,4.253966808319092,1054.8597000015434,450.3643999923952
Teste coupling.txt,12:11:50.267,475.198,339.8,0.22606225125546658,75.0,0.3484421372413635,0.35720938444137573,964.4925000029616,413.9444000029471
Teste coupling.txt,12:11:50.267,475.198,344.8,0.35243397906771956,60.0,0.18041418492794037,0.2937036156654358,927.2412999998778,460.1181000180077
Teste coupling.txt,12:11:50.267,475.198,349.8,0.2910853016550052,60.0,0.4433692991733551,64.37364196777344,968.3364999946207,376.5948000072967
Teste coupling.txt,12:11:50.267,475.198,354.8,0.28868356270750356,60.0,0.7842548489570618,153559.21875,869.0744999912567,425.01950002042577
Teste coupling.txt,12:11:50.267,475.198,359.8,0.16434958489235996,60.0,0.5151485800743103,74012.984375,850.1581999880727,355.5933999887202
Teste coupling.txt,12:11:50.267,475.198,364.8,0.15062635747666756,60.0,0.6316124796867371,14143.8896484375,756.4447000040673,401.49799999198876
Teste coupling.txt,12:11:50.267,475.198,369.8,0.573921539987677,75.0,0.43603408336639404,12.253142356872559,847.0985000021756,408.51239999756217
Teste coupling.txt,12:11:50.267,475.198,374.8,0.2972836219656251,135.0,2.709639072418213,45.637516021728516,893.2794000138529,343.01069998764433
Teste coupling.txt,12:11:50.267,475.198,379.8,0.22802287543364766,135.0,0.3111564815044403,10.20564079284668,887.7521000104025,401.23059999314137
Teste coupling.txt,12:11:50.267,475.198,384.8,0.3106565006514608,90.0,1.8421610593795776,1968.152587890625,771.4649999979883,408.0403000116348
Teste coupling.txt,12:11:50.267,475.198,389.8,0.31640663716543077,90.0,1.006431221961975,20272.71484375,891.5045000030659,408.47299998858944
Teste coupling.txt,12:11:50.267,475.198,394.8,0.12842956876967138,60.0,0.7064669132232666,44377.4609375,871.6635000018869,395.2417999971658
Teste coupling.txt,12:11:50.267,475.198,399.8,0.01587605287788055,60.0,0.7017093896865845,463.9557800292969,800.463799998397,604.7129000071436
Teste coupling.txt,12:11:50.267,475.198,404.8,0.01341782347569349,60.0,0.28164076805114746,9.166923522949219,1192.601700022351,469.9990999943111
Teste coupling.txt,12:11:50.267,475.198,409.8,0.13192945803432063,60.0,0.31802377104759216,3.1311583518981934,1327.232700015884,533.9782000228297
Teste coupling.txt,12:11:50.267,475.198,414.8,0.12229539412521767,60.0,0.2829824388027191,7.029295921325684,1050.8819999813568,488.26409998582676
Teste coupling.txt,12:11:50.267,475.198,419.8,0.097150916992532,60.0,0.5295430421829224,19454.3203125,1063.700600003358,506.77529998938553
Teste coupling.txt,12:11:50.267,475.198,424.8,0.4016179222737944,60.0,1.263146996498108,4.024381160736084,970.4840999911539,371.14269999437965
Teste coupling.txt,12:11:50.267,475.198,429.8,0.4115792725386467,60.0,,,876.2564999924507,487.3643000028096
Teste coupling.txt,12:11:50.267,475.198,434.8,0.3587765117515178,60.0,,,896.9344000215642,415.35450000083074
Teste coupling.txt,12:11:50.267,475.198,439.8,0.008018257811984906,60.0,,,784.0338999812957,471.82529998826794
Teste coupling.txt,12:11:50.267,475.198,444.8,0.11505222313291383,60.0,0.7525417804718018,5295385.5,915.0648000068031,566.3566000002902
Teste coupling.txt,12:11:50.267,475.198,449.8,0.1259026915967091,60.0,0.42277437448501587,29019454.0,939.4322000152897,366.03100001229905
Teste coupling.txt,12:11:50.267,475.198,454.8,0.11414108135372912,60.0,0.4838124215602875,915.9668579101562,724.4030000001658,341.1573000194039
Teste coupling.txt,12:11:50.267,475.198,459.8,0.02193025274905177,60.0,0.6963176131248474,4780.6376953125,758.561099995859,371.0586999950465
Teste coupling.txt,12:11:50.267,475.198,464.8,0.02359709748439549,60.0,0.4454578161239624,402.4645080566406,773.9869999932125,380.47149998601526
Teste coupling.txt,12:11:50.267,475.198,469.8,0.385018169165063,75.0,0.39523619413375854,1690.641845703125,747.4744000064675,405.4525999817997
Teste coupling.txt,12:11:50.267,475.198,474.8,0.45107347097181616,60.0,0.5152485370635986,69.60356140136719,1028.080400021281,393.09999998658895
Zero.txt,11:4:56.152,63.746,19.8,0.4208470139780573,60.0,0.6006720066070557,475.0224609375,869.406700017862,426.6805999795906
Zero.txt,11:4:56.152,63.746,24.8,0.36862939765112224,60.0,0.27164557576179504,466.0335693359375,951.7763000039849,405.4603000113275
Zero.txt,11:4:56.152,63.746,29.8,0.3522904920547822,60.0,0.3611951172351837,1147.610107421875,792.9454000259284,412.5021999934688
Zero.txt,11:4:56.152,63.746,34.8,0.4332651535605268,60.0,0.15346384048461914,622.7269897460938,748.7304999958724,389.9518999969587
Zero.txt,11:4:56.152,63.746,39.8,0.5182075389001102,60.0,0.25192898511886597,507.39898681640625,718.2396999851335,370.5562000104692
Zero.txt,11:4:56.152,63.746,44.8,0.4317983703587058,60.0,0.330664724111557,112.56224822998047,738.2874000177253,368.2672000140883
Zero.txt,11:4:56.152,63.746,49.8,0.2147033231068329,60.0,0.30075982213020325,119.74996185302734,752.0587000180967,363.4852000104729
Zero.txt,11:4:56.152,63.746,54.8,0.25321039565252934,75.0,1.1460157632827759,337.6311950683594,767.8206999844406,318.16039999830537
Zero.txt,11:4:56.152,63.746,59.8,0.36796361663251137,60.0,0.2118256688117981,551.5633544921875,766.434199991636,399.5079000014812
ZeroL2.txt,11:30:8.390,62.846,19.8,0.840430414347996,90.0,0.2708386182785034,250.92002868652344,870.6807999988087,399.6298999991268
ZeroL2.txt,11:30:8.390,62.846,24.8,0.658029842893976,75.0,0.11993389576673508,470.7047424316406,792.4112000036985,396.05549999396317
ZeroL2.txt,11:30:8.390,62.846,29.8,0.5900040143398444,75.0,0.7859019041061401,375.7016906738281,872.7551999909338,419.0592000086326
ZeroL2.txt,11:30:8.390,62.846,34.8,0.684029683357624,75.0,0.1170918270945549,1342.990966796875,997.2123999905307,458.08449998730794
ZeroL2.txt,11:30:8.390,62.846,39.8,0.7658049825421632,75.0,0.23855462670326233,372.7227783203125,952.3090999864507,459.99840000877157
ZeroL2.txt,11:30:8.390,62.846,44.8,0.8097411420912188,75.0,0.40802448987960815,583.727783203125,839.0291000250727,326.49430001038127
ZeroL2.txt,11:30:8.390,62.846,49.8,0.7996090120916076,90.0,0.3282407820224762,863.3367309570312,681.1702000268269,374.5302999741398
ZeroL2.txt,11:30:8.390,62.846,54.8,0.5808178932582702,90.0,0.41475850343704224,681.0901489257812,748.6624000011943,331.4298999903258
ZeroL2.txt,11:30:8.390,62.846,59.8,0.6274442246049595,105.0,0.3022375702857971,322.56805419921875,746.5529999753926,354.72289999597706
ZeroL3.txt,11:40:26.421,62.396,19.8,0.1600529928341654,105.0,0.16386426985263824,822.0699462890625,800.7664999749977,387.2611000260804
ZeroL3.txt,11:40:26.421,62.396,24.8,0.44502577031224305,105.0,0.26804742217063904,1643.3226318359375,908.6028999881819,446.9133999955375
ZeroL3.txt,11:40:26.421,62.396,29.8,0.8158424768464365,90.0,0.41188597679138184,309.6366882324219,832.5546999985818,300.7657999987714
ZeroL3.txt,11:40:26.421,62.396,34.8,0.8227730994846338,75.0,0.10951623320579529,263.7089538574219,806.8534000194632,368.9248000155203
ZeroL3.txt,11:40:26.421,62.396,39.8,0.8166906896873227,75.0,0.21976597607135773,173.9873046875,722.1627999970224,361.2274999904912
ZeroL3.txt,11:40:26.421,62.396,44.8,0.8243516290321302,75.0,0.290629506111145,409.83770751953125,728.254299989203,383.97080000140704
ZeroL3.txt,11:40:26.421,62.396,49.8,0.8158907070725208,75.0,0.2094733864068985,346.1582336425781,676.4061999856494,260.34619999700226
ZeroL3.txt,11:40:26.421,62.396,54.8,0.7820785601843605,90.0,0.27902457118034363,580.6671752929688,760.5838000017684,393.79959998768754
ZeroL3.txt,11:40:26.421,62.396,59.8,0.7888587095875002,90.0,0.24799780547618866,138.02806091308594,707.2170000174083,361.290500004543
coupling_protocol.txt,12:28:45.0,159.448,19.8,0.08818532025693784,60.0,0.22874347865581512,694.5363159179688,829.5896000054199,437.99089998356067
coupling_protocol.txt,12:28:45.0,159.448,24.8,0.08307847313451583,60.0,0.3088480532169342,172.9515380859375,858.8978000043426,430.7944000174757
coupling_protocol.txt,12:28:45.0,159.448,29.8,0.08888775580635679,60.0,0.10904834419488907,281.8529357910156,825.4594000172801,391.36840001447126
coupling_protocol.txt,12:28:45.0,159.448,34.8,0.1136066848904431,60.0,0.4396069645881653,395.69439697265625,799.7431000112556,402.0798999990802
coupling_protocol.txt,12:28:45.0,159.448,39.8,0.11356917069958061,60.0,0.2462136596441269,361.11700439453125,754.400900012115,334.597200009739
coupling_protocol.txt,12:28:45.0,159.448,44.8,0.10009145333384208,75.0,0.32450273633003235,348.3112487792969,790.1239999919198,369.86450001131743
coupling_protocol.txt,12:28:45.0,159.448,49.8,0.08522271172434503,75.0,0.29436442255973816,305.2548522949219,798.1558000028599,345.5115999968257
coupling_protocol.txt,12:28:45.0,159.448,54.8,0.08618339635112712,75.0,0.23414582014083862,431.2516784667969,769.3599000049289,405.95289997872896
coupling_protocol.txt,12:28:45.0,159.448,59.8,0.08384990270252635,60.0,0.548250675201416,283.3901672363281,871.0970999964047,400.40009998483583
coupling_protocol.txt,12:28:45.0,159.448,64.8,0.07125847357931853,60.0,0.3009524643421173,42.6055793762207,860.3398999839555,389.9249999958556
coupling_protocol.txt,12:28:45.0,159.448,69.8,0.14540204906029852,75.0,0.3552992045879364,60.474727630615234,854.9862999934703,429.4149000197649
coupling_protocol.txt,12:28:45.0,159.448,74.8,0.20074345277089106,75.0,0.7742195129394531,23.737442016601562,867.6799999957439,396.7205000226386
coupling_protocol.txt,12:28:45.0,159.448,79.8,0.353765548565445,75.0,0.38827359676361084,373.33172607421875,869.6300000010524,336.2009999982547
coupling_protocol.txt,12:28:45.0,159.448,84.8,0.347800757832948,75.0,0.11190415173768997,755.7308349609375,747.6388000068255,354.0637999831233
coupling_protocol.txt,12:28:45.0,159.448,89.8,0.3795520601353833,75.0,0.2159443348646164,335.9669189453125,785.5747000139672,347.1619999909308
coupling_protocol.txt,12:28:45.0,159.448,94.8,0.23253630103149978,75.0,0.7782614231109619,405.8525695800781,745.5016000021715,325.09669999126345
coupling_protocol.txt,12:28:45.0,159.448,99.8,0.126602868980449,90.0,2.9602975845336914,2240.086181640625,714.6282000176143,333.90359999611974
coupling_protocol.txt,12:28:45.0,159.448,104.8,0.06349583027247586,60.0,0.2583636939525604,7546.525390625,714.1054999956395,325.9235000004992
coupling_protocol.txt,12:28:45.0,159.448,109.8,0.03559734083383784,60.0,0.5143510103225708,2493.844482421875,720.15380000812,334.178500022972
coupling_protocol.txt,12:28:45.0,159.448,114.8,0.015855399938758,75.0,0.2249116748571396,615409664.0,736.1280000186525,332.20049997908063
coupling_protocol.txt,12:28:45.0,159.448,119.8,0.016734614156412444,75.0,0.2431643009185791,454.2026672363281,712.4652000202332,325.9838999947533
coupling_protocol.txt,12:28:45.0,159.448,124.8,0.014761278098288439,75.0,0.23815351724624634,670073152.0,730.0309000129346,332.6707000087481
coupling_protocol.txt,12:28:45.0,159.448,129.8,0.01293492481263875,60.0,0.29786112904548645,243664336.0,740.0284000032116,344.57749998546205
coupling_protocol.txt,12:28:45.0,159.448,134.8,0.012306221945076181,60.0,0.1953401118516922,234.31814575195312,834.2182999767829,453.69140000548214
coupling_protocol.txt,12:28:45.0,159.448,139.8,0.022389893111997107,60.0,0.3523727357387543,1477.3544921875,997.173899988411,412.9211999825202
coupling_protocol.txt,12:28:45.0,159.448,144.8,0.01712960836009717,60.0,0.9844362735748291,1502.9111328125,889.5041000214405,401.194400008535
coupling_protocol.txt,12:28:45.0,159.448,149.8,0.02121298326646909,60.0,0.43573904037475586,3589.43017578125,764.425500005018,403.5755000077188
coupling_protocol.txt,12:28:45.0,159.448,154.8,0.005141904943758447,75.0,0.4303759038448334,1349.628173828125,778.1447000161279,373.94759999006055
coupling_test2.txt,12:41:18.620,140.998,19.8,0.0684196964663383,75.0,0.08905844390392303,655.106689453125,888.444400014123,416.47130000637844
coupling_test2.txt,12:41:18.620,140.998,24.8,0.0573827003937287,75.0,0.19647718966007233,419.0650634765625,893.0455000081565,429.69060002360493
coupling_test2.txt,12:41:18.620,140.998,29.8,0.07266321931997545,75.0,0.1783975064754486,502.5414733886719,891.8976999993902,409.9563999916427
coupling_test2.txt,12:41:18.620,140.998,34.8,0.065432508755351,75.0,1.1912474632263184,1341786112.0,1046.4440999785438,369.12190000293776
coupling_test2.txt,12:41:18.620,140.998,39.8,0.07400755596788222,75.0,0.33785176277160645,527.3880615234375,779.7763000125997,380.7315999874845
coupling_test2.txt,12:41:18.620,140.998,44.8,0.07893058663064542,75.0,0.14953872561454773,824538624.0,741.2914999877103,321.53400001698174
coupling_test2.txt,12:41:18.620,140.998,49.8,0.07861464180273216,75.0,0.21129676699638367,700719360.0,716.4498999773059,452.1983999875374
coupling_test2.txt,12:41:18.620,140.998,54.8,0.06488400313770529,75.0,0.12712883949279785,421.7555236816406,777.642700006254,371.9758000224829
coupling_test2.txt,12:41:18.620,140.998,59.8,0.07690930068752672,75.0,0.23603032529354095,53447496.0,842.5361000117846,381.82789998245426
coupling_test2.txt,12:41:18.620,140.998,64.8,0.21330831857752172,60.0,0.2916657328605652,0.3181242048740387,823.1693000125233,357.87239999626763
coupling_test2.txt,12:41:18.620,140.998,69.8,0.23145007183555044,60.0,0.5384960174560547,2.1789627075195312,786.8960999767296,448.16780000110157
coupling_test2.txt,12:41:18.620,140.998,74.8,0.2689264335271427,60.0,0.4197542071342468,8114.376953125,987.3528000025544,511.9842999847606
coupling_test2.txt,12:41:18.620,140.998,79.8,0.14447573182875736,75.0,0.8433584570884705,6337.9033203125,1125.9492000099272,365.7518000109121
coupling_test2.txt,12:41:18.620,140.998,84.8,0.5620372469938573,75.0,0.40597769618034363,704.6287841796875,704.2643000022508,320.45949998428114
coupling_test2.txt,12:41:18.620,140.998,89.8,0.5987730274070062,60.0,0.12436933815479279,274.578857421875,731.4173999766354,366.4957000000868
coupling_test2.txt,12:41:18.620,140.998,94.8,0.6660537277336553,75.0,0.26534149050712585,314.8089599609375,726.1630999855697,369.81099998229183
coupling_test2.txt,12:41:18.620,140.998,99.8,0.6482102690625228,75.0,0.23570947349071503,569.8280029296875,737.4305999837816,317.9000999953132
coupling_test2.txt,12:41:18.620,140.998,104.8,0.6516946665799975,75.0,0.3827858567237854,436.9976501464844,743.5920000134502,345.6562999926973
coupling_test2.txt,12:41:18.620,140.998,109.8,0.5929409412885457,75.0,0.6228426098823547,427.46875,685.9341000090353,354.99640001216903
coupling_test2.txt,12:41:18.620,140.998,114.8,0.5336516382607573,60.0,0.23713961243629456,281.1078796386719,726.260999974329,271.1801999830641
coupling_test2.txt,12:41:18.620,140.998,119.8,0.4828109133026883,60.0,0.16625899076461792,740.5527954101562,706.1633999983314,348.0440000130329
coupling_test2.txt,12:41:18.620,140.998,124.8,0.4960523965080897,60.0,0.1054408997297287,280.90667724609375,718.425400002161,392.007399990689
coupling_test2.txt,12:41:18.620,140.998,129.8,0.5013492234497612,60.0,0.32413673400878906,405.2071838378906,801.05530002038,362.3000000079628
coupling_test2.txt,12:41:18.620,140.998,134.8,0.533362001199738,75.0,0.45630645751953125,488.35748291015625,741.348299983656,383.8982000015676
coupling_test2.txt,12:41:18.620,140.998,139.8,0.539041806979853,75.0,0.19639426469802856,362.69879150390625,751.6102999798022,412.8240999998525
e_desta.txt,11:59:22.795,91.646,19.8,0.2237281012013647,60.0,0.5393334627151489,1576.2230224609375,815.4581999988295,365.9437000169419
e_desta.txt,11:59:22.795,91.646,24.8,0.27868986926913447,60.0,0.2814292311668396,353.1958923339844,954.3543999898247,400.615899998229
e_desta.txt,11:59:22.795,91.646,29.8,0.17456362452797794,60.0,0.41554462909698486,264.2279968261719,733.0048999865539,365.26200000662357
e_desta.txt,11:59:22.795,91.646,34.8,0.07797829885306308,60.0,0.4141415059566498,74.7085189819336,740.2584000083152,347.93879999779165
e_desta.txt,11:59:22.795,91.646,39.8,0.07990515558322399,60.0,0.519449770450592,257.1072998046875,719.5261000015307,356.4098000060767
e_desta.txt,11:59:22.795,91.646,44.8,0.08287021072547351,60.0,0.35695210099220276,7767.37841796875,797.8119000035804,643.6358000210021
e_desta.txt,11:59:22.795,91.646,49.8,0.11315703268185105,75.0,0.5977285504341125,104.98250579833984,779.1236999910325,321.1602999945171
e_desta.txt,11:59:22.795,91.646,54.8,0.049756126278325014,75.0,1.131243109703064,516.50390625,741.2535000185017,272.119000001112
e_desta.txt,11:59:22.795,91.646,59.8,0.03913264311976107,60.0,0.2851525545120239,342.45062255859375,680.0654999969993,416.861899982905
e_desta.txt,11:59:22.795,91.646,64.8,0.0439580828833799,60.0,0.8090038299560547,1563.5396728515625,944.3181999959052,370.3912000055425
e_desta.txt,11:59:22.795,91.646,69.8,0.049553757449597335,60.0,0.4368366003036499,312.6456604003906,802.1066999936011,429.7652000095695
e_desta.txt,11:59:22.795,91.646,74.8,0.05176333942206257,75.0,0.5691207647323608,2329.9423828125,767.4944000027608,358.215599990217
e_desta.txt,11:59:22.795,91.646,79.8,0.2660266131874882,75.0,0.7682386636734009,156.97100830078125,711.4836999971885,325.13850001851097
e_desta.txt,11:59:22.795,91.646,84.8,0.10721761144219985,75.0,0.4040569067001343,1530.160888671875,728.4561999840662,375.8456999785267
e_desta.txt,11:59:22.795,91.646,89.8,0.0940423077351261,75.0,0.20066359639167786,679.1261596679688,709.603800001787,268.01059997524135
e_desta2.txt,12:8:59.581,92.246,19.8,0.14727944010126245,90.0,0.3378343880176544,1317784448.0,834.8115999833681,404.008999990765
e_desta2.txt,12:8:59.581,92.246,24.8,0.16526578287410418,90.0,0.3626455068588257,1260567808.0,757.5737999868579,325.0999000156298
e_desta2.txt,12:8:59.581,92.246,29.8,0.18491640377185384,165.0,0.582901656627655,1468181248.0,948.2399999978952,495.5617999949027
e_desta2.txt,12:8:59.581,92.246,34.8,0.14377820137279065,60.0,0.5589638948440552,56939120.0,805.7924000022467,343.0140999844298
e_desta2.txt,12:8:59.581,92.246,39.8,0.16404868143018814,60.0,0.4136682152748108,292083232.0,745.7039000000805,356.2112000072375
e_desta2.txt,12:8:59.581,92.246,44.8,0.07238523031256411,75.0,0.4075525104999542,7777.0419921875,697.4946999980602,338.1746000086423
e_desta2.txt,12:8:59.581,92.246,49.8,0.09328696954876345,60.0,0.48749658465385437,439.8133850097656,720.2936999965459,343.7155999999959
e_desta2.txt,12:8:59.581,92.246,54.8,0.053112429483182386,60.0,0.5375111103057861,128.0869140625,728.4437000053003,320.78850001562387
e_desta2.txt,12:8:59.581,92.246,59.8,0.04355330083480988,60.0,0.5207721590995789,907.0953979492188,708.9622000057716,349.98719999566674
e_desta2.txt,12:8:59.581,92.246,64.8,0.014980267400480439,60.0,0.29215502738952637,53.51337432861328,618.806400016183,336.25029999529943
e_desta2.txt,12:8:59.581,92.246,69.8,0.016632263355495707,60.0,0.5331485867500305,495.683349609375,642.8506000083871,336.209000000963
e_desta2.txt,12:8:59.581,92.246,74.8,0.015514434206305326,60.0,0.19659967720508575,9311.1572265625,738.219199993182,340.3249999973923
e_desta2.txt,12:8:59.581,92.246,79.8,0.09389345850699213,105.0,0.5684279203414917,2065.374267578125,687.0975999918301,384.38800000585616
e_desta2.txt,12:8:59.581,92.246,84.8,0.06198276122400694,105.0,0.23234891891479492,432.0907287597656,769.3281999963801,377.89689999772236
e_desta2.txt,12:8:59.581,92.246,89.8,0.06851216407637,90.0,0.3856123089790344,1355.4884033203125,837.8113000071608,359.8061000229791
e_desta3.txt,12:14:21.994,91.048,19.8,0.09396852998133343,90.0,0.37501218914985657,1934.22021484375,755.6706999894232,362.2773999813944
e_desta3.txt,12:14:21.994,91.048,24.8,0.12492580604209563,90.0,0.41410231590270996,466.674072265625,767.4321999948006,437.05740000586957
e_desta3.txt,12:14:21.994,91.048,29.8,0.0994997859749495,75.0,0.3936881721019745,510352640.0,886.2098999961745,384.79999999981374
e_desta3.txt,12:14:21.994,91.048,34.8,0.05299145935023685,60.0,0.7168858647346497,17722380.0,781.181700003799,340.74330001021735
e_desta3.txt,12:14:21.994,91.048,39.8,0.011641017109468871,60.0,0.7935884594917297,5.40889835357666,768.7616999901365,348.07450001244433
e_desta3.txt,12:14:21.994,91.048,44.8,0.012772808319026122,60.0,1.9081721305847168,506.8843688964844,748.9910000003874,332.7490000228863
e_desta3.txt,12:14:21.994,91.048,49.8,0.027497509618935077,75.0,0.5916378498077393,35900.8203125,718.0603000160772,325.78740001190454
e_desta3.txt,12:14:21.994,91.048,54.8,0.07275111074099194,60.0,0.7060632705688477,3311.044189453125,703.138199984096,325.22279999102466
e_desta3.txt,12:14:21.994,91.048,59.8,0.0,60.0,0.37854012846946716,1423384192.0,715.6543000019155,324.89829999394715
e_desta3.txt,12:14:21.994,91.048,64.8,0.04431235207878661,60.0,0.6632407307624817,29732620.0,728.1198000127915,341.0316999943461
e_desta3.txt,12:14:21.994,91.048,69.8,0.022694096485057776,60.0,0.6637557744979858,79693272.0,734.4844999897759,334.37810000032187
e_desta3.txt,12:14:21.994,91.048,74.8,0.03125211141401555,60.0,0.511680543422699,2473.340576171875,734.8446999967564,335.69940002053045
e_desta3.txt,12:14:21.994,91.048,79.8,0.00911140030966934,90.0,0.2665628492832184,169.99488830566406,719.8503999970853,335.5722000123933
e_desta3.txt,12:14:21.994,91.048,84.8,0.010992875186679915,90.0,0.2541465759277344,2789.58349609375,730.1291000039782,337.9729999869596
e_desta3.txt,12:14:21.994,91.048,89.8,0.01801917295003547,90.0,0.3486326336860657,2839.443115234375,739.0122000069823,337.2465999855194
e_desta4.txt,12:18:46.845,90.598,19.8,0.1643384507048445,60.0,0.8247005343437195,253.4202117919922,895.1836999913212,414.9772000091616
e_desta4.txt,12:18:46.845,90.598,24.8,0.18900060936925756,60.0,0.2937231957912445,687.1520385742188,866.7271000158507,425.38620001869276
e_desta4.txt,12:18:46.845,90.598,29.8,0.26901443222726695,60.0,0.4254843592643738,812.3306274414062,841.2269999971613,403.96640001563355
e_desta4.txt,12:18:46.845,90.598,34.8,0.05359407560032341,60.0,0.6020814776420593,177.21295166015625,788.6196000035852,398.74560001771897
e_desta4.txt,12:18:46.845,90.598,39.8,0.04324855945645777,60.0,0.6318126916885376,30.783071517944336,913.4002999926452,463.63209999981336
e_desta4.txt,12:18:46.845,90.598,44.8,0.02869630922385208,60.0,0.3681790828704834,3424.9560546875,1042.8698000032455,440.6481000187341
e_desta4.txt,12:18:46.845,90.598,49.8,0.05893883437115965,60.0,0.4987652003765106,377.2235412597656,939.1659999964759,376.24759998288937
e_desta4.txt,12:18:46.845,90.598,54.8,0.07537355367851369,60.0,0.33694395422935486,232.04969787597656,944.1685999918263,390.92629999504425
e_desta4.txt,12:18:46.845,90.598,59.8,0.05482012100664599,60.0,0.5152269005775452,416.40203857421875,833.4245000150986,346.158700005617
e_desta4.txt,12:18:46.845,90.598,64.8,0.029899281982999546,75.0,0.9811936616897583,1198.5635986328125,804.5695000037085,387.1921999962069
e_desta4.txt,12:18:46.845,90.598,69.8,0.04076715592620953,75.0,0.44977134466171265,2084.541015625,738.8203000009526,353.81450000568293
e_desta4.txt,12:18:46.845,90.598,74.8,0.0393086641841063,75.0,0.5588240623474121,2765.45703125,671.274699998321,323.15889999154024
e_desta4.txt,12:18:46.845,90.598,79.8,0.2533731914034132,75.0,0.6083613634109497,651.8572998046875,699.5044999930542,388.9666000031866
e_desta4.txt,12:18:46.845,90.598,84.8,0.22844385223498245,75.0,0.40663012862205505,564.4611206054688,746.3835000235122,371.08250000164844
e_desta4.txt,12:18:46.845,90.598,89.8,0.2956298876228452,75.0,0.6254948377609253,546.3101806640625,706.7175999982283,360.76480001793243
opensignals_00078089802C_2026-01-09_11-41-44.txt,11:41:48.720,239.715,19.8,0.3010127996602146,60.0,0.5088745951652527,43374.73046875,790.2300999849103,389.68339998973534
opensignals_00078089802C_2026-01-09_11-41-44.txt,11:41:48.720,239.715,24.8,0.33087886738913724,60.0,0.6255577206611633,2593.701904296875,763.85869999649,384.2056000139564
opensignals_00078089802C_2026-01-09_11-41-44.txt,11:41:48.720,239.715,29.8,0.5019397916861431,75.0,0.38169658184051514,1764.1807861328125,817.4590000126045,378.063000011025
opensignals_00078089802C_2026-01-09_11-41-44.txt,11:41:48.720,239.715,34.8,0.5395429504236732,60.0,0.2989487648010254,262.82110595703125,802.2212999931071,426.0342999768909
opensignals_00078089802C_2026-01-09_11-41-44.txt,11:41:48.720,239.715,39.8,0.6094246831246954,60.0,0.1582239717245102,401.4128723144531,676.6556000220589,286.22989999712445
opensignals_00078089802C_2026-01-09_11-41-44.txt,11:41:48.720,239.715,44.8,0.5667374955163518,60.0,0.11698375642299652,194.9571533203125,732.5519000005443,352.33189997961745
opensignals_00078089802C_2026-01-09_11-41-44.txt,11:41:48.720,239.715,49.8,0.4736519662657995,60.0,0.2462061494588852,246.36170959472656,721.7449999880046,305.2677999949083
opensignals_00078089802C_2026-01-09_11-41-44.txt,11:41:48.720,239.715,54.8,0.5156502484853963,60.0,0.2868850529193878,425.28912353515625,800.0241999980062,291.02760000387207
opensignals_00078089802C_2026-01-09_11-41-44.txt,11:41:48.720,239.715,59.8,0.5010208663262612,60.0,0.3484790325164795,294.99969482421875,708.9933000097517,368.30130001180805
opensignals_00078089802C_2026-01-09_11-41-44.txt,11:41:48.720,239.715,64.8,0.4361512742543189,60.0,0.5088169574737549,140.7571258544922,796.797199989669,301.74819999956526
opensignals_00078089802C_2026-01-09_11-41-44.txt,11:41:48.720,239.715,69.8,0.13903148215465616,60.0,1.4617708921432495,24.58710289001465,711.0233999846969,270.2909999934491
opensignals_00078089802C_2026-01-09_11-41-44.txt,11:41:48.720,239.715,74.8,0.11916143331392653,60.0,0.5225932002067566,180.54074096679688,780.7370999944396,347.9302000196185
opensignals_00078089802C_2026-01-09_11-41-44.txt,11:41:48.720,239.715,79.8,0.33796277975449296,60.0,0.33343422412872314,366.76678466796875,689.1821000026539,377.30500000179745
opensignals_00078089802C_2026-01-09_11-41-44.txt,11:41:48.720,239.715,84.8,0.4253481164160264,60.0,0.7874317765235901,1848.12841796875,704.9428000173066,353.51270000683144
opensignals_00078089802C_2026-01-09_11-41-44.txt,11:41:48.720,239.715,89.8,0.44635112411021993,90.0,0.3945479393005371,536.4141845703125,774.5620000059716,373.23760002618656
opensignals_00078089802C_2026-01-09_11-41-44.txt,11:41:48.720,239.715,94.8,0.448687136676583,90.0,0.49920833110809326,56.87273406982422,786.3463000103366,391.0788999928627
opensignals_00078089802C_2026-01-09_11-41-44.txt,11:41:48.720,239.715,99.8,0.45266363947537025,90.0,0.3017607629299164,517.3779907226562,874.9964000016917,407.61409999686293
opensignals_00078089802C_2026-01-09_11-41-44.txt,11:41:48.720,239.715,104.8,0.6286604735281782,120.0,0.37898319959640503,3.552406072616577,787.0415000070352,325.3078999987338
opensignals_00078089802C_2026-01-09_11-41-44.txt,11:41:48.720,239.715,109.8,0.41328824958958393,60.0,0.520462155342102,3.095874309539795,843.5302999860141,417.15750002185814
opensignals_00078089802C_2026-01-09_11-41-44.txt,11:41:48.720,239.715,114.8,0.26109177085696644,60.0,0.9050893783569336,12.232436180114746,842.2965000208933,355.1340000121854
opensignals_00078089802C_2026-01-09_11-41-44.txt,11:41:48.720,239.715,119.8,0.14635198016647039,90.0,1.2151740789413452,203026.546875,763.632799993502,280.7295999955386
opensignals_00078089802C_2026-01-09_11-41-44.txt,11:41:48.720,239.715,124.8,0.1401028901016899,90.0,0.40899476408958435,68422.0234375,837.4095999752171,410.20439998828806
opensignals_00078089802C_2026-01-09_11-41-44.txt,11:41:48.720,239.715,129.8,0.10142511247209098,60.0,0.4075184762477875,131.44119262695312,774.4586000044364,346.7835999908857
opensignals_00078089802C_2026-01-09_11-41-44.txt,11:41:48.720,239.715,134.8,0.1491528061738973,60.0,1.1754775047302246,206.18080139160156,767.8816000116058,329.4690000184346
opensignals_00078089802C_2026-01-09_11-41-44.txt,11:41:48.720,239.715,139.8,0.1540331435650179,60.0,0.35851630568504333,1624.5802001953125,811.081899999408,423.9170999790076
opensignals_00078089802C_2026-01-09_11-41-44.txt,11:41:48.720,239.715,144.8,0.3032564186435352,60.0,0.5084792375564575,2271.7001953125,736.3604000129271,364.1435999888927
opensignals_00078089802C_2026-01-09_11-41-44.txt,11:41:48.720,239.715,149.8,0.0735500317533246,60.0,0.7803316712379456,377.1241149902344,724.325899995165,355.9876000217628
opensignals_00078089802C_2026-01-09_11-41-44.txt,11:41:48.720,239.715,154.8,0.10900177526042987,60.0,0.7194264531135559,457.0119323730469,669.0009000012651,322.18550000106916
opensignals_00078089802C_2026-01-09_11-41-44.txt,11:41:48.720,239.715,159.8,0.1272860346941932,60.0,0.2967482805252075,33.97105026245117,733.6208999913651,350.50439997576177
opensignals_00078089802C_2026-01-09_11-41-44.txt,11:41:48.720,239.715,164.8,0.1034684729994195,75.0,0.5598171353340149,175.24855041503906,698.2125999929849,360.1042999944184
opensignals_00078089802C_2026-01-09_11-41-44.txt,11:41:48.720,239.715,169.8,0.15465921791896353,60.0,0.7087588310241699,0.7256156206130981,687.130900012562,324.2706999881193
opensignals_00078089802C_2026-01-09_11-41-44.txt,11:41:48.720,239.715,174.8,0.17011038819912458,60.0,,,760.4241000080947,350.1381000096444
opensignals_00078089802C_2026-01-09_11-41-44.txt,11:41:48.720,239.715,179.8,0.12966472539176682,60.0,0.7406917214393616,646.0175170898438,738.6820000247099,347.21460001310334
opensignals_00078089802C_2026-01-09_11-41-44.txt,11:41:48.720,239.715,184.8,0.09893291310808898,60.0,7.397003173828125,49025.98828125,700.7936000009067,355.0534000096377
opensignals_00078089802C_2026-01-09_11-41-44.txt,11:41:48.720,239.715,189.8,0.08816289216914765,60.0,0.2874559760093689,67432.75,740.8779000106733,359.2371999984607
opensignals_00078089802C_2026-01-09_11-41-44.txt,11:41:48.720,239.715,194.8,0.2520431623141598,60.0,0.9857029914855957,181298.03125,759.8618000047281,322.4046000104863
opensignals_00078089802C_2026-01-09_11-41-44.txt,11:41:48.720,239.715,199.8,0.2599093882045162,60.0,0.9993218779563904,2.178762912750244,729.0772999986075,372.9966999962926
opensignals_00078089802C_2026-01-09_11-41-44.txt,11:41:48.720,239.715,204.8,0.253308629764083,60.0,0.39135316014289856,435.67193603515625,853.5527000203729,389.9486999725923
opensignals_00078089802C_2026-01-09_11-41-44.txt,11:41:48.720,239.715,209.8,0.12709282056066085,60.0,0.7356143593788147,371.5224914550781,841.0237999923993,371.6458999842871
opensignals_00078089802C_2026-01-09_11-41-44.txt,11:41:48.720,239.715,214.8,0.14722306081037373,75.0,4.009890079498291,39457.0859375,818.7373999971896,409.5771000138484
opensignals_00078089802C_2026-01-09_11-41-44.txt,11:41:48.720,239.715,219.8,0.1957861581114456,60.0,0.28737106919288635,31610.419921875,924.8208999924827,411.0954999923706
opensignals_00078089802C_2026-01-09_11-41-44.txt,11:41:48.720,239.715,224.8,0.17699069682023394,75.0,0.5034968256950378,45280.984375,1066.2234999763314,597.8529000130948
opensignals_00078089802C_2026-01-09_11-41-44.txt,11:41:48.720,239.715,229.8,0.10390346068037964,60.0,0.5439300537109375,594.8141479492188,1740.3054000169504,327.3544999829028
opensignals_00078089802C_2026-01-09_11-41-44.txt,11:41:48.720,239.715,234.8,0.15242891215990664,60.0,0.3922879099845886,0.34175559878349304,632.4927999812644,266.8755000049714
opensignals_00078089802C_2026-02-06_12-13-17.txt,12:13:22.76,136.048,19.8,0.08817426914375831,60.0,0.45125269889831543,890324352.0,625.8618999854662,366.2911000137683
opensignals_00078089802C_2026-02-06_12-13-17.txt,12:13:22.76,136.048,24.8,0.07158015911231992,60.0,0.36228570342063904,870.1210327148438,879.5760999782942,376.6211999754887
opensignals_00078089802C_2026-02-06_12-13-17.txt,12:13:22.76,136.048,29.8,0.04885982864530512,60.0,0.6469634175300598,405.0727233886719,761.9933999958448,352.0350999897346
opensignals_00078089802C_2026-02-06_12-13-17.txt,12:13:22.76,136.048,34.8,0.04556107986290077,60.0,1.1287024021148682,1032.8026123046875,836.7881000158377,409.05640000710264
opensignals_00078089802C_2026-02-06_12-13-17.txt,12:13:22.76,136.048,39.8,0.06603754621170893,60.0,0.5279232263565063,759.54833984375,830.3961999772582,404.7426000179257
opensignals_00078089802C_2026-02-06_12-13-17.txt,12:13:22.76,136.048,44.8,0.059640939842528995,60.0,0.29107269644737244,689.089111328125,935.9613999840803,386.66920000105165
opensignals_00078089802C_2026-02-06_12-13-17.txt,12:13:22.76,136.048,49.8,0.10221504061395795,60.0,0.5036536455154419,318.9844055175781,799.3601999769453,353.6964999802876
opensignals_00078089802C_2026-02-06_12-13-17.txt,12:13:22.76,136.048,54.8,0.08409252569527088,60.0,0.4727717936038971,440103424.0,821.0881999984849,275.0094000075478
opensignals_00078089802C_2026-02-06_12-13-17.txt,12:13:22.76,136.048,59.8,0.07625073054415074,60.0,0.5112491846084595,708242112.0,604.525900009321,250.20569999469444
opensignals_00078089802C_2026-02-06_12-13-17.txt,12:13:22.76,136.048,64.8,0.0918724293952898,60.0,0.32733801007270813,804.7244873046875,602.5884000118822,255.15549999545328
opensignals_00078089802C_2026-02-06_12-13-17.txt,12:13:22.76,136.048,69.8,0.08730071870267747,60.0,0.48780322074890137,183.238037109375,657.4158000003081,267.4277999904007
opensignals_00078089802C_2026-02-06_12-13-17.txt,12:13:22.76,136.048,74.8,0.06973880184621312,60.0,0.31895074248313904,693179776.0,695.5813999811653,326.23450001119636
opensignals_00078089802C_2026-02-06_12-13-17.txt,12:13:22.76,136.048,79.8,0.14230538429706355,60.0,0.8650970458984375,826589632.0,680.1558000151999,311.07820000033826
opensignals_00078089802C_2026-02-06_12-13-17.txt,12:13:22.76,136.048,84.8,0.0989897125981399,60.0,0.32506147027015686,717.1950073242188,656.7035999905784,282.390900014434
opensignals_00078089802C_2026-02-06_12-13-17.txt,12:13:22.76,136.048,89.8,0.1051717172618831,60.0,0.34467998147010803,522724608.0,601.4861000003293,259.1422999976203
opensignals_00078089802C_2026-02-06_12-13-17.txt,12:13:22.76,136.048,94.8,0.07824876523539304,60.0,0.5720784664154053,500228608.0,603.8854999933392,249.57010001526214
opensignals_00078089802C_2026-02-06_12-13-17.txt,12:13:22.76,136.048,99.8,0.07280189853346761,60.0,0.6013032793998718,576.7310791015625,736.116200016113,290.88029998820275
opensignals_00078089802C_2026-02-06_12-13-17.txt,12:13:22.76,136.048,104.8,0.08166139702813309,60.0,0.32197508215904236,463.1199951171875,822.2427000000607,358.9069000154268
opensignals_00078089802C_2026-02-06_12-13-17.txt,12:13:22.76,136.048,109.8,0.06728386689808016,60.0,0.811481773853302,365.8382873535156,658.1308000022545,261.2717000010889
opensignals_00078089802C_2026-02-06_12-13-17.txt,12:13:22.76,136.048,114.8,0.062463408130078994,60.0,0.3760031461715698,362.3318786621094,589.2761999857612,260.8964999963064
opensignals_00078089802C_2026-02-06_12-13-17.txt,12:13:22.76,136.048,119.8,0.06534931895917086,60.0,0.46032780408859253,577253888.0,694.98990001739,260.1513999979943
opensignals_00078089802C_2026-02-06_12-13-17.txt,12:13:22.76,136.048,124.8,0.07390681331880768,60.0,0.21177154779434204,254.162353515625,627.7488000050653,266.0524999955669
opensignals_00078089802C_2026-02-06_12-13-17.txt,12:13:22.76,136.048,129.8,0.15180058026433818,60.0,0.6622520685195923,335.9536437988281,762.1858000056818,347.6061999972444
opensignals_00078089802C_2026-02-06_12-13-17.txt,12:13:22.76,136.048,134.8,0.09632976968316813,60.0,0.29723358154296875,11.09598159790039,842.7873999753501,411.7073999950662
opensignals_00078089802C_2026-02-20_12-48-58.txt,12:49:4.555,241.798,19.8,0.44319173426987524,60.0,0.40012577176094055,436.4297180175781,851.3884999847505,453.59729998745024
opensignals_00078089802C_2026-02-20_12-48-58.txt,12:49:4.555,241.798,24.8,0.4250229555394607,60.0,0.3391028940677643,700.0159912109375,845.7040000066627,439.1925999952946
opensignals_00078089802C_2026-02-20_12-48-58.txt,12:49:4.555,241.798,29.8,0.3419979472941826,60.0,0.1200418621301651,332.3343505859375,915.6082999834325,405.76530000544153
opensignals_00078089802C_2026-02-20_12-48-58.txt,12:49:4.555,241.798,34.8,0.24148635461037318,60.0,0.22946368157863617,255.3719940185547,970.337999984622,324.05940000899136
opensignals_00078089802C_2026-02-20_12-48-58.txt,12:49:4.555,241.798,39.8,0.23517324286465968,60.0,0.6944068670272827,354.8275146484375,871.7369999794755,437.64039999223314
opensignals_00078089802C_2026-02-20_12-48-58.txt,12:49:4.555,241.798,44.8,0.23065824629956258,60.0,0.28647738695144653,179.40977478027344,884.3792999978177,414.1986000176985
opensignals_00078089802C_2026-02-20_12-48-58.txt,12:49:4.555,241.798,49.8,0.2610909604482386,60.0,0.7816096544265747,881.4834594726562,814.1346999909729,372.28690000483766
opensignals_00078089802C_2026-02-20_12-48-58.txt,12:49:4.555,241.798,54.8,0.2366377660105346,60.0,0.35668572783470154,427.7362060546875,912.8912000160199,398.78889999818057
opensignals_00078089802C_2026-02-20_12-48-58.txt,12:49:4.555,241.798,59.8,0.27331266668574294,60.0,0.1817549169063568,173.89173889160156,819.3945000239182,345.32880000188015
opensignals_00078089802C_2026-02-20_12-48-58.txt,12:49:4.555,241.798,64.8,0.22950363968100723,60.0,0.3660280704498291,329.408935546875,910.3865000070073,409.68009998323396
opensignals_00078089802C_2026-02-20_12-48-58.txt,12:49:4.555,241.798,69.8,0.22827402341969594,60.0,0.5614805817604065,572.0587768554688,786.8344000016805,363.624699995853
opensignals_00078089802C_2026-02-20_12-48-58.txt,12:49:4.555,241.798,74.8,0.19373825908181258,60.0,0.7272400856018066,1513.864013671875,878.6986000195611,349.47859999374487
opensignals_00078089802C_2026-02-20_12-48-58.txt,12:49:4.555,241.798,79.8,0.22563670057468463,60.0,0.19366590678691864,167.73562622070312,929.0603999979794,388.3819000038784
opensignals_00078089802C_2026-02-20_12-48-58.txt,12:49:4.555,241.798,84.8,0.16785569579707482,60.0,0.38073277473449707,261.4687805175781,683.1821999803651,337.26349999778904
opensignals_00078089802C_2026-02-20_12-48-58.txt,12:49:4.555,241.798,89.8,0.1569333971973548,60.0,0.25679969787597656,495.1553039550781,744.9302999884821,350.4927000030875
opensignals_00078089802C_2026-02-20_12-48-58.txt,12:49:4.555,241.798,94.8,0.17690488008873753,60.0,0.16065919399261475,357.142822265625,750.2554999955464,361.5767000010237
opensignals_00078089802C_2026-02-20_12-48-58.txt,12:49:4.555,241.798,99.8,0.17355462165624988,60.0,0.30581212043762207,486.3185729980469,718.641999992542,369.0806000086013
opensignals_00078089802C_2026-02-20_12-48-58.txt,12:49:4.555,241.798,104.8,0.17629786467284422,60.0,0.16208665072917938,374.28961181640625,691.2735000078101,397.14380001532845
opensignals_00078089802C_2026-02-20_12-48-58.txt,12:49:4.555,241.798,109.8,0.1836188516503077,60.0,0.2838839590549469,646.9353637695312,768.3549000066705,416.40060002100654
opensignals_00078089802C_2026-02-20_12-48-58.txt,12:49:4.555,241.798,114.8,0.19841245844972374,60.0,0.13083551824092865,388.342529296875,752.2238999954425,374.8042000224814
opensignals_00078089802C_2026-02-20_12-48-58.txt,12:49:4.555,241.798,119.8,0.1783614658921353,60.0,0.1623491644859314,325.5430603027344,814.9559999874327,330.8519999845885
opensignals_00078089802C_2026-02-20_12-48-58.txt,12:49:4.555,241.798,124.8,0.18005730795939506,60.0,0.216725692152977,408.7823791503906,830.7826000091154,306.70059999101795
opensignals_00078089802C_2026-02-20_12-48-58.txt,12:49:4.555,241.798,129.8,0.19518161829488678,60.0,0.19478480517864227,424.9273986816406,759.9346999777481,385.06930001312867
opensignals_00078089802C_2026-02-20_12-48-58.txt,12:49:4.555,241.798,134.8,0.19399290098748867,60.0,0.25458964705467224,228.75526428222656,753.3388999872841,291.77619999973103
opensignals_00078089802C_2026-02-20_12-48-58.txt,12:49:4.555,241.798,139.8,0.2243468504883496,60.0,0.5791804194450378,147.6713409423828,698.5122000041883,370.2896000177134
opensignals_00078089802C_2026-02-20_12-48-58.txt,12:49:4.555,241.798,144.8,0.20791054050856306,60.0,0.37596258521080017,288.9884033203125,732.4680000019725,380.13959999079816
opensignals_00078089802C_2026-02-20_12-48-58.txt,12:49:4.555,241.798,149.8,0.19246036238441608,60.0,0.8116775751113892,614.4752197265625,758.3702999982052,347.54960000282153
opensignals_00078089802C_2026-02-20_12-48-58.txt,12:49:4.555,241.798,154.8,0.1625760102869885,60.0,0.16903075575828552,682.0123291015625,823.7700000172481,381.5875000145752
opensignals_00078089802C_2026-02-20_12-48-58.txt,12:49:4.555,241.798,159.8,0.18326408088392407,60.0,0.21144822239875793,479.9658508300781,784.4472999859136,358.7284999957774
opensignals_00078089802C_2026-02-20_12-48-58.txt,12:49:4.555,241.798,164.8,0.19181010070459906,60.0,0.2684686481952667,482.9713134765625,758.2173999981023,390.99819998955354
opensignals_00078089802C_2026-02-20_12-48-58.txt,12:49:4.555,241.798,169.8,0.18409226763634184,60.0,0.35402002930641174,289.4066467285156,753.7411999946926,323.492499999702
opensignals_00078089802C_2026-02-20_12-48-58.txt,12:49:4.555,241.798,174.8,0.2014981615805527,60.0,0.389499694108963,258.8713684082031,800.8684999949764,379.42799998563714
opensignals_00078089802C_2026-02-20_12-48-58.txt,12:49:4.555,241.798,179.8,0.21246599677467867,60.0,0.4818749725818634,173.56507873535156,705.4219999990892,370.53430001833476
opensignals_00078089802C_2026-02-20_12-48-58.txt,12:49:4.555,241.798,184.8,0.19768358155465413,60.0,0.29922202229499817,495829568.0,749.1061000037007,331.6283000167459
opensignals_00078089802C_2026-02-20_12-48-58.txt,12:49:4.555,241.798,189.8,0.163297418914991,60.0,0.3525431454181671,481.72552490234375,811.2271999998484,396.7009999905713
opensignals_00078089802C_2026-02-20_12-48-58.txt,12:49:4.555,241.798,194.8,0.1940524711646819,60.0,0.6454068422317505,725.1345825195312,707.2907999972813,377.37070000730455
opensignals_00078089802C_2026-02-20_12-48-58.txt,12:49:4.555,241.798,199.8,0.1790770472192683,60.0,0.43186238408088684,245.3167724609375,852.4984999967273,376.5465000178665
opensignals_00078089802C_2026-02-20_12-48-58.txt,12:49:4.555,241.798,204.8,0.18118005005047508,60.0,0.5001647472381592,241.61651611328125,852.494899998419,408.30820001428947
opensignals_00078089802C_2026-02-20_12-48-58.txt,12:49:4.555,241.798,209.8,0.12867271266411812,60.0,0.4393654763698578,395.89422607421875,853.8254000013694,373.1664000079036
opensignals_00078089802C_2026-02-20_12-48-58.txt,12:49:4.555,241.798,214.8,0.1653101496322364,60.0,0.43913134932518005,1562.80712890625,792.2075999958906,364.1782999911811
opensignals_00078089802C_2026-02-20_12-48-58.txt,12:49:4.555,241.798,219.8,0.14858467002334172,60.0,0.40634655952453613,328.4873962402344,758.4096999780741,421.942199987825
opensignals_00078089802C_2026-02-20_12-48-58.txt,12:49:4.555,241.798,224.8,0.13783718177504667,60.0,0.31286296248435974,374.3153991699219,769.9509999947622,397.25159999215975
opensignals_00078089802C_2026-02-20_12-48-58.txt,12:49:4.555,241.798,229.8,0.1089657033455582,60.0,0.4793985188007355,413.04266357421875,764.2381000041496,395.3499000053853
opensignals_00078089802C_2026-02-20_12-48-58.txt,12:49:4.555,241.798,234.8,0.13341216863846878,60.0,0.3276651203632355,619457856.0,826.2221000040881,534.6891999943182
opensignals_00078089802C_2026-02-20_12-48-58.txt,12:49:4.555,241.798,239.8,0.13833583030405994,60.0,0.33418041467666626,426.2021484375,1262.7828999829944,315.9665999992285
opensignals_00078089802C_2026-04-17_11-41-52.txt,11:41:56.181,245.398,19.8,0.000361485354576051,60.0,0.39491331577301025,1002.303466796875,741.3731999986339,338.87109998613596
opensignals_00078089802C_2026-04-17_11-41-52.txt,11:41:56.181,245.398,24.8,0.0003330760181325482,60.0,0.2888012230396271,15.065128326416016,711.4442000165582,383.7462000083178
opensignals_00078089802C_2026-04-17_11-41-52.txt,11:41:56.181,245.398,29.8,0.09163548620128635,60.0,0.43558746576309204,0.5782626867294312,742.7895999862812,293.0767000070773
opensignals_00078089802C_2026-04-17_11-41-52.txt,11:41:56.181,245.398,34.8,0.12691756831296364,60.0,0.8576379418373108,3.6329610347747803,836.2072999880183,432.48550000134856
opensignals_00078089802C_2026-04-17_11-41-52.txt,11:41:56.181,245.398,39.8,0.0931139406839915,180.0,0.5029067397117615,1541.937255859375,833.0766000144649,342.3779000004288
opensignals_00078089802C_2026-04-17_11-41-52.txt,11:41:56.181,245.398,44.8,0.06743148970200663,60.0,1.0973587036132812,3781.543212890625,752.5902000197675,295.1920999912545
opensignals_00078089802C_2026-04-17_11-41-52.txt,11:41:56.181,245.398,49.8,0.017713450834887377,60.0,0.32879477739334106,3833.6923828125,848.3839000109583,376.32109998958185
opensignals_00078089802C_2026-04-17_11-41-52.txt,11:41:56.181,245.398,54.8,0.00027209798166911086,75.0,1.0982660055160522,3190.71875,901.8288000079338,351.93090001121163
opensignals_00078089802C_2026-04-17_11-41-52.txt,11:41:56.181,245.398,59.8,0.00022209179714100956,75.0,0.23315736651420593,1651.61376953125,906.0457999876235,384.0912999876309
opensignals_00078089802C_2026-04-17_11-41-52.txt,11:41:56.181,245.398,64.8,0.0002676402072758599,75.0,0.5826320648193359,131.27403259277344,801.1081999866292,383.7632999930065
opensignals_00078089802C_2026-04-17_11-41-52.txt,11:41:56.181,245.398,69.8,0.24693949917860902,60.0,0.4730564057826996,1.3103485107421875,845.9673000033945,378.9178000006359
opensignals_00078089802C_2026-04-17_11-41-52.txt,11:41:56.181,245.398,74.8,0.2674241112437337,60.0,0.5255371332168579,0.4519418179988861,763.5500000033062,363.0626000231132
opensignals_00078089802C_2026-04-17_11-41-52.txt,11:41:56.181,245.398,79.8,0.2609352692260815,75.0,0.877036452293396,506.811767578125,758.2630999968387,304.83450001338497
opensignals_00078089802C_2026-04-17_11-41-52.txt,11:41:56.181,245.398,84.8,0.23330597539622003,105.0,0.7144474387168884,68.61096954345703,779.3305999948643,336.21259999927133
opensignals_00078089802C_2026-04-17_11-41-52.txt,11:41:56.181,245.398,89.8,0.22849264443237655,105.0,0.970281720161438,363.9687194824219,757.4247000156902,339.14830000139773
opensignals_00078089802C_2026-04-17_11-41-52.txt,11:41:56.181,245.398,94.8,0.2909226626032998,90.0,0.2709275782108307,8072.24951171875,750.0141000200529,352.9510000080336
opensignals_00078089802C_2026-04-17_11-41-52.txt,11:41:56.181,245.398,99.8,0.0030949673024612168,75.0,1.1847846508026123,7706.69921875,701.2538000126369,407.8847999917343
opensignals_00078089802C_2026-04-17_11-41-52.txt,11:41:56.181,245.398,104.8,0.0009535064876036902,75.0,0.8302834630012512,2371.54833984375,782.6868999982253,381.56060001347214
opensignals_00078089802C_2026-04-17_11-41-52.txt,11:41:56.181,245.398,109.8,0.0010888458561874035,60.0,1.2521716356277466,1882.8465576171875,792.1009999990929,345.9920999885071
opensignals_00078089802C_2026-04-17_11-41-52.txt,11:41:56.181,245.398,114.8,0.0007169450295280374,60.0,0.2984829545021057,483.662353515625,746.9553000119049,332.00669998768717
opensignals_00078089802C_2026-04-17_11-41-52.txt,11:41:56.181,245.398,119.8,0.0016376808462469563,60.0,0.8170721530914307,2315.82421875,733.4390999749303,332.232999993721
opensignals_00078089802C_2026-04-17_11-41-52.txt,11:41:56.181,245.398,124.8,0.0004796404624035609,60.0,0.416772723197937,795.77783203125,742.1916999737732,330.91229997808114
opensignals_00078089802C_2026-04-17_11-41-52.txt,11:41:56.181,245.398,129.8,0.0005769689855420751,60.0,0.5388829708099365,2252.593505859375,747.2797999798786,332.8631999902427
opensignals_00078089802C_2026-04-17_11-41-52.txt,11:41:56.181,245.398,134.8,0.00015709159721305445,75.0,0.5902674794197083,488.6198425292969,759.8537000012584,332.820100011304
opensignals_00078089802C_2026-04-17_11-41-52.txt,11:41:56.181,245.398,139.8,0.0003171350659481864,75.0,0.486257404088974,109.9256820678711,735.7698999985587,334.61390002048574
opensignals_00078089802C_2026-04-17_11-41-52.txt,11:41:56.181,245.398,144.8,0.0005916638002221274,75.0,0.9058271646499634,166.53892517089844,728.7517999939155,345.4521000094246
opensignals_00078089802C_2026-04-17_11-41-52.txt,11:41:56.181,245.398,149.8,0.0015136283752850556,60.0,0.251519113779068,335.2755432128906,743.3753999939654,329.3975999986287
opensignals_00078089802C_2026-04-17_11-41-52.txt,11:41:56.181,245.398,154.8,0.03677751628848811,120.0,0.2628803551197052,4.225231647491455,760.1365000009537,384.99800002318807
opensignals_00078089802C_2026-04-17_11-41-52.txt,11:41:56.181,245.398,159.8,0.4288470508943387,105.0,0.5632646083831787,0.7946437001228333,905.1387999788858,407.80799998901784
opensignals_00078089802C_2026-04-17_11-41-52.txt,11:41:56.181,245.398,164.8,0.439285156711576,105.0,0.6409379839897156,2873.385009765625,833.5270000097807,412.51629998441786
opensignals_00078089802C_2026-04-17_11-41-52.txt,11:41:56.181,245.398,169.8,0.0327884501922968,60.0,1.004921317100525,18766.560546875,922.956599999452,389.5548000000417
opensignals_00078089802C_2026-04-17_11-41-52.txt,11:41:56.181,245.398,174.8,0.005332874398320384,60.0,0.740887463092804,2128.92529296875,897.7597999910358,400.3843999817036
opensignals_00078089802C_2026-04-17_11-41-52.txt,11:41:56.181,245.398,179.8,0.006918069084779785,60.0,0.36850687861442566,89.4610366821289,850.4978000128176,507.945599994855
opensignals_00078089802C_2026-04-17_11-41-52.txt,11:41:56.181,245.398,184.8,0.0032511066983739348,60.0,0.6142270565032959,610.115478515625,926.4449999900535,446.14530002581887
opensignals_00078089802C_2026-04-17_11-41-52.txt,11:41:56.181,245.398,189.8,0.001617883175622922,60.0,0.4089867174625397,2855.31201171875,953.116399992723,428.521499998169
opensignals_00078089802C_2026-04-17_11-41-52.txt,11:41:56.181,245.398,194.8,0.0016623943046084064,60.0,0.5179457664489746,511.29791259765625,1054.623600008199,455.768599989824
opensignals_00078089802C_2026-04-17_11-41-52.txt,11:41:56.181,245.398,199.8,0.0018542257488100714,60.0,0.49810343980789185,1599.499755859375,995.3820999944583,485.8542000001762
opensignals_00078089802C_2026-04-17_11-41-52.txt,11:41:56.181,245.398,204.8,0.0008868325809621425,60.0,0.6724666953086853,32.207889556884766,940.0727000029292,465.922600007616
opensignals_00078089802C_2026-04-17_11-41-52.txt,11:41:56.181,245.398,209.8,0.08957788282147379,60.0,0.42118239402770996,355.10260009765625,1139.0282999782357,394.8959000117611
opensignals_00078089802C_2026-04-17_11-41-52.txt,11:41:56.181,245.398,214.8,0.08210674734482531,60.0,0.6168562173843384,222.22047424316406,895.2638000191655,420.8482000103686
opensignals_00078089802C_2026-04-17_11-41-52.txt,11:41:56.181,245.398,219.8,0.006722622956864233,60.0,0.3617818057537079,1955.2860107421875,880.6751999945845,418.36750000948086
opensignals_00078089802C_2026-04-17_11-41-52.txt,11:41:56.181,245.398,224.8,0.004172090686935831,60.0,0.3249732255935669,324.6029968261719,908.3801000087988,577.9384999768808
opensignals_00078089802C_2026-04-17_11-41-52.txt,11:41:56.181,245.398,229.8,0.002031669591005416,90.0,0.3286358416080475,1832.6900634765625,839.0591999923345,563.9928000164218
opensignals_00078089802C_2026-04-17_11-41-52.txt,11:41:56.181,245.398,234.8,0.0016131494117242813,60.0,0.7059954404830933,578.2662353515625,955.246099998476,490.83659998723306
opensignals_00078089802C_2026-04-17_11-41-52.txt,11:41:56.181,245.398,239.8,0.00118109039546589,60.0,0.3557616174221039,744.3367919921875,1002.8615000192076,418.4065000154078
opensignals_00078089802C_2026-04-17_11-41-52.txt,11:41:56.181,245.398,244.8,0.0007639846607517702,75.0,0.3686542212963104,2222.42333984375,888.1806000135839,441.2951999984216
opensignals_00078089802C_2026-04-17_11-46-05.txt,11:46:12.474,229.348,19.8,0.00016424860835547532,75.0,0.2924406826496124,1537.1448974609375,972.6426999841351,380.9763000172097
opensignals_00078089802C_2026-04-17_11-46-05.txt,11:46:12.474,229.348,24.8,0.0007771770409181944,60.0,0.4853036403656006,79.42597961425781,861.8774999922607,428.1079000211321
opensignals_00078089802C_2026-04-17_11-46-05.txt,11:46:12.474,229.348,29.8,0.0013490386741836615,60.0,0.296350359916687,41.11692810058594,944.9746000173036,383.5287999827415
opensignals_00078089802C_2026-04-17_11-46-05.txt,11:46:12.474,229.348,34.8,0.0010835082657000923,60.0,0.6787837147712708,2292.6015625,850.2738000242971,394.0611999714747
opensignals_00078089802C_2026-04-17_11-46-05.txt,11:46:12.474,229.348,39.8,0.00042153521007785865,75.0,0.2620263397693634,950.4473266601562,974.3711999908555,459.53629998257384
opensignals_00078089802C_2026-04-17_11-46-05.txt,11:46:12.474,229.348,44.8,0.00027735924689805416,75.0,0.5225421786308289,414.24578857421875,868.4527000004891,490.0082999956794
opensignals_00078089802C_2026-04-17_11-46-05.txt,11:46:12.474,229.348,49.8,0.004271331799859632,60.0,0.6545658111572266,75.85884857177734,1008.5743000090588,504.7490999859292
opensignals_00078089802C_2026-04-17_11-46-05.txt,11:46:12.474,229.348,54.8,0.0036826148085699626,60.0,0.3458196818828583,26.879436492919922,1034.658099990338,513.6220999993384
opensignals_00078089802C_2026-04-17_11-46-05.txt,11:46:12.474,229.348,59.8,0.004511949809304708,60.0,0.26333802938461304,1232.2855224609375,1111.6899000189733,506.14700000733137
opensignals_00078089802C_2026-04-17_11-46-05.txt,11:46:12.474,229.348,64.8,0.005084896258447858,60.0,0.6281736493110657,163.38510131835938,1152.7712999959476,757.66420000582
opensignals_00078089802C_2026-04-17_11-46-05.txt,11:46:12.474,229.348,69.8,0.010477344729413522,60.0,0.37296590209007263,3851.64697265625,1335.481800022535,471.4259000029415
opensignals_00078089802C_2026-04-17_11-46-05.txt,11:46:12.474,229.348,74.8,0.08931349655620958,75.0,0.28562894463539124,335.7500305175781,1434.8687999881804,1054.8252000007778
opensignals_00078089802C_2026-04-17_11-46-05.txt,11:46:12.474,229.348,79.8,0.08324265672079649,75.0,0.40686365962028503,364.528076171875,1258.6811000073794,446.3179000013042
opensignals_00078089802C_2026-04-17_11-46-05.txt,11:46:12.474,229.348,84.8,0.0774396640612721,60.0,0.4405575692653656,87.24104309082031,1075.9069999912754,469.4506999803707
opensignals_00078089802C_2026-04-17_11-46-05.txt,11:46:12.474,229.348,89.8,0.13580059674809872,60.0,0.7562884092330933,315.95220947265625,1055.404599988833,498.6536999931559
opensignals_00078089802C_2026-04-17_11-46-05.txt,11:46:12.474,229.348,94.8,0.11828182781757712,90.0,0.7495988607406616,384.045166015625,1099.6864000044297,441.3199999835342
opensignals_00078089802C_2026-04-17_11-46-05.txt,11:46:12.474,229.348,99.8,0.1664964009678329,90.0,0.31033748388290405,698.0011596679688,941.6222000145353,434.1026000038255
opensignals_00078089802C_2026-04-17_11-46-05.txt,11:46:12.474,229.348,104.8,0.153812593597736,60.0,0.4453122317790985,374.6640319824219,1012.0920999906957,438.8366999919526
opensignals_00078089802C_2026-04-17_11-46-05.txt,11:46:12.474,229.348,109.8,0.12572911860627495,60.0,0.26164087653160095,321.6219787597656,1143.3848000015132,440.22260000929236
opensignals_00078089802C_2026-04-17_11-46-05.txt,11:46:12.474,229.348,114.8,0.10696171733967644,60.0,0.4541422128677368,412.12091064453125,1007.1508999972139,374.8857000027783
opensignals_00078089802C_2026-04-17_11-46-05.txt,11:46:12.474,229.348,119.8,0.06978132060760445,60.0,0.8332143425941467,788.21826171875,2039.9153000034858,788.3047999930568
opensignals_00078089802C_2026-04-17_11-46-05.txt,11:46:12.474,229.348,124.8,0.07451219296482353,60.0,0.7507341504096985,447.18890380859375,1074.8883000051137,946.9498999824282
opensignals_00078089802C_2026-04-17_11-46-05.txt,11:46:12.474,229.348,129.8,0.07904973171515438,60.0,0.2893120348453522,3181.3115234375,1262.0378000137862,338.5359999956563
opensignals_00078089802C_2026-04-17_11-46-05.txt,11:46:12.474,229.348,134.8,0.15609114767816015,75.0,0.7024498581886292,1566.201171875,833.2307999953628,438.1178999901749
opensignals_00078089802C_2026-04-17_11-46-05.txt,11:46:12.474,229.348,139.8,0.2311108897555848,75.0,0.29101577401161194,213.080810546875,903.4878000093158,482.29700000956655
opensignals_00078089802C_2026-04-17_11-46-05.txt,11:46:12.474,229.348,144.8,0.25780352521975103,75.0,0.4261019825935364,617.1432495117188,924.4540999934543,447.1688999910839
opensignals_00078089802C_2026-04-17_11-46-05.txt,11:46:12.474,229.348,149.8,0.24085594003922087,60.0,0.3438357710838318,169.14602661132812,959.2674000014085,439.42779998178594
opensignals_00078089802C_2026-04-17_11-46-05.txt,11:46:12.474,229.348,154.8,0.27713447561996946,60.0,0.5192191004753113,601.468505859375,924.4203999987803,397.0047000038903
opensignals_00078089802C_2026-04-17_11-46-05.txt,11:46:12.474,229.348,159.8,0.24202786579179403,60.0,1.2029043436050415,237.54425048828125,909.3673000170384,372.9303000145592
opensignals_00078089802C_2026-04-17_11-46-05.txt,11:46:12.474,229.348,164.8,0.3053760057266385,75.0,0.631197988986969,726.9992065429688,882.2800999914762,366.1809000186622
opensignals_00078089802C_2026-04-17_11-46-05.txt,11:46:12.474,229.348,169.8,0.2485880110012509,60.0,0.2696741819381714,378.92144775390625,731.7458000034094,353.3964999951422
opensignals_00078089802C_2026-04-17_11-46-05.txt,11:46:12.474,229.348,174.8,0.2912705226473467,75.0,0.24364975094795227,595.333984375,847.9943999846,342.0001000049524
opensignals_00078089802C_2026-04-17_11-46-05.txt,11:46:12.474,229.348,179.8,0.23661196971492374,60.0,0.47767090797424316,704.120361328125,823.5936000128277,384.1473000065889
opensignals_00078089802C_2026-04-17_11-46-05.txt,11:46:12.474,229.348,184.8,0.24313206617898184,75.0,0.3534451425075531,965.15234375,944.1919000237249,278.5818999982439
opensignals_00078089802C_2026-04-17_11-46-05.txt,11:46:12.474,229.348,189.8,0.11319716501469972,75.0,0.5240991711616516,288.3808288574219,800.681299995631,385.2682000142522
opensignals_00078089802C_2026-04-17_11-46-05.txt,11:46:12.474,229.348,194.8,0.12697862512359745,75.0,0.3520164489746094,88.01669311523438,765.2685000211932,353.3430999959819
opensignals_00078089802C_2026-04-17_11-46-05.txt,11:46:12.474,229.348,199.8,0.18082973807705469,60.0,0.5712124705314636,1343.140869140625,772.1614000038244,385.7035000110045
opensignals_00078089802C_2026-04-17_11-46-05.txt,11:46:12.474,229.348,204.8,0.2547368115123037,75.0,0.3503989279270172,145.5158233642578,1018.2162999990396,373.48300000303425
opensignals_00078089802C_2026-04-17_11-46-05.txt,11:46:12.474,229.348,209.8,0.19964015650070382,75.0,0.41092750430107117,188.8053741455078,693.8896999927238,357.9745000170078
opensignals_00078089802C_2026-04-17_11-46-05.txt,11:46:12.474,229.348,214.8,0.17013642874753138,75.0,0.33125829696655273,239.41844177246094,718.5789000068326,358.93750001559965
opensignals_00078089802C_2026-04-17_11-46-05.txt,11:46:12.474,229.348,219.8,0.07072757597765653,60.0,0.805324375629425,210.69869995117188,681.7523000063375,394.340300001204
opensignals_00078089802C_2026-04-17_11-46-05.txt,11:46:12.474,229.348,224.8,0.09489618248203811,60.0,0.21883879601955414,103.68797302246094,719.5432999869809,301.37199998716824
opensignals_00078089802C_2026-04-17_11-53-12.txt,11:53:15.779,791.248,19.8,0.09997658984847216,60.0,0.4654311537742615,327810688.0,764.938499982236,373.2832999958191
opensignals_00078089802C_2026-04-17_11-53-12.txt,11:53:15.779,791.248,24.8,0.11707963668874513,60.0,0.6905933022499084,545685632.0,916.353499982506,391.70939999166876
opensignals_00078089802C_2026-04-17_11-53-12.txt,11:53:15.779,791.248,29.8,0.03713831234888333,75.0,0.19169992208480835,1208.6663818359375,762.9476999863982,410.3263999859337
opensignals_00078089802C_2026-04-17_11-53-12.txt,11:53:15.779,791.248,34.8,0.03972044740240815,75.0,0.12387721985578537,509637344.0,879.5083000150044,402.5398000085261
opensignals_00078089802C_2026-04-17_11-53-12.txt,11:53:15.779,791.248,39.8,0.11644352306774919,60.0,0.33563360571861267,28.494932174682617,737.0481000107247,365.004500024952
opensignals_00078089802C_2026-04-17_11-53-12.txt,11:53:15.779,791.248,44.8,0.19150158001955836,60.0,0.2562809884548187,29834334.0,936.5510999923572,607.3661000118591
opensignals_00078089802C_2026-04-17_11-53-12.txt,11:53:15.779,791.248,49.8,0.14426757497276832,60.0,0.4781109690666199,1039.339599609375,1841.017999977339,766.4279000018723
opensignals_00078089802C_2026-04-17_11-53-12.txt,11:53:15.779,791.248,54.8,0.12490138565895775,60.0,0.6830390691757202,11849.521484375,1551.536099985242,311.62309998762794
opensignals_00078089802C_2026-04-17_11-53-12.txt,11:53:15.779,791.248,59.8,0.4455621721867607,60.0,0.2785179018974304,3691.642578125,648.7936000048649,295.67550000501797
opensignals_00078089802C_2026-04-17_11-53-12.txt,11:53:15.779,791.248,64.8,0.3621221752793062,75.0,0.2948036193847656,264.0965881347656,624.3507000035606,284.9864000163507
opensignals_00078089802C_2026-04-17_11-53-12.txt,11:53:15.779,791.248,69.8,0.43215779947854915,60.0,0.3125014007091522,554.6136474609375,595.9005999902729,278.97630000370555
opensignals_00078089802C_2026-04-17_11-53-12.txt,11:53:15.779,791.248,74.8,0.3602401313053075,75.0,0.5021706223487854,285.60302734375,690.725399996154,341.1828000098467
opensignals_00078089802C_2026-04-17_11-53-12.txt,11:53:15.779,791.248,79.8,0.2338231963867369,75.0,0.30325156450271606,338044448.0,771.2415000132751,301.9118999945931
opensignals_00078089802C_2026-04-17_11-53-12.txt,11:53:15.779,791.248,84.8,0.2115630171994427,75.0,0.4366441071033478,891.342529296875,673.5593999910634,242.6790999888908
opensignals_00078089802C_2026-04-17_11-53-12.txt,11:53:15.779,791.248,89.8,0.20841064351218055,75.0,0.1856386810541153,1086.9300537109375,685.7365999894682,401.69880000757985
opensignals_00078089802C_2026-04-17_11-53-12.txt,11:53:15.779,791.248,94.8,0.17179589646377463,75.0,0.35805341601371765,25.19545555114746,805.6746000074781,365.24650000501424
opensignals_00078089802C_2026-04-17_11-53-12.txt,11:53:15.779,791.248,99.8,0.36608603038975246,90.0,0.29045164585113525,0.2125844806432724,824.2398999864236,478.86919998563826
opensignals_00078089802C_2026-04-17_11-53-12.txt,11:53:15.779,791.248,104.8,0.42827356902426406,90.0,0.4719265401363373,0.9543602466583252,1900.689899979625,631.4276999910362
opensignals_00078089802C_2026-04-17_11-53-12.txt,11:53:15.779,791.248,109.8,0.368546525570906,90.0,0.4575182795524597,14061.1162109375,2028.0176999804098,588.4003000101075
opensignals_00078089802C_2026-04-17_11-53-12.txt,11:53:15.779,791.248,114.8,0.16267163098745605,60.0,0.8076047301292419,14422.0517578125,857.2695000038948,406.56880001188256
opensignals_00078089802C_2026-04-17_11-53-12.txt,11:53:15.779,791.248,119.8,0.28509708354893176,60.0,0.0802551880478859,3817.724365234375,787.0530000072904,294.6165000030305
opensignals_00078089802C_2026-04-17_11-53-12.txt,11:53:15.779,791.248,124.8,0.06108952829613894,75.0,0.49293774366378784,376.6741943359375,589.4913999945857,279.3878999946173
opensignals_00078089802C_2026-04-17_11-53-12.txt,11:53:15.779,791.248,129.8,0.062340385966335725,75.0,0.4612150192260742,1128.443115234375,586.7832999792881,279.4788999890443
opensignals_00078089802C_2026-04-17_11-53-12.txt,11:53:15.779,791.248,134.8,0.06025007210980876,150.0,0.33014100790023804,0.9672312140464783,635.0871000031475,312.73800000781193
opensignals_00078089802C_2026-04-17_11-53-12.txt,11:53:15.779,791.248,139.8,0.2914844590301959,75.0,0.6227667927742004,0.42275768518447876,674.4099000061397,316.54749999870546
opensignals_00078089802C_2026-04-17_11-53-12.txt,11:53:15.779,791.248,144.8,0.2595358810650057,60.0,0.8104323744773865,561.779296875,640.7467999961227,402.86090000881813
opensignals_00078089802C_2026-04-17_11-53-12.txt,11:53:15.779,791.248,149.8,0.26894911234952845,60.0,0.5552476048469543,3475.9189453125,713.9610000012908,346.21570000308566
opensignals_00078089802C_2026-04-17_11-53-12.txt,11:53:15.779,791.248,154.8,0.21962460768212136,60.0,0.8932750225067139,234.62869262695312,687.1427999867592,357.5622999924235
opensignals_00078089802C_2026-04-17_11-53-12.txt,11:53:15.779,791.248,159.8,0.1551197508465489,60.0,0.4231109917163849,253.1910400390625,720.9836000110954,348.65240001818165
opensignals_00078089802C_2026-04-17_11-53-12.txt,11:53:15.779,791.248,164.8,0.10441420642402745,60.0,0.36199361085891724,584.3998413085938,884.1015000070911,346.03319998132065
opensignals_00078089802C_2026-04-17_11-53-12.txt,11:53:15.779,791.248,169.8,0.11471432601032176,60.0,1.8742594718933105,1605.1763916015625,699.3712999974377,267.41619998938404
opensignals_00078089802C_2026-04-17_11-53-12.txt,11:53:15.779,791.248,174.8,0.0866633027660851,60.0,0.2970098555088043,20467.21484375,723.3563999761827,285.7228000066243
opensignals_00078089802C_2026-04-17_11-53-12.txt,11:53:15.779,791.248,179.8,0.09263940226099443,90.0,0.28295308351516724,9305.037109375,684.5689000037964,352.04260001773946
opensignals_00078089802C_2026-04-17_11-53-12.txt,11:53:15.779,791.248,184.8,0.11336001318533886,75.0,0.17834368348121643,864.9566650390625,739.1963999834843,381.89889999921434
opensignals_00078089802C_2026-04-17_11-53-12.txt,11:53:15.779,791.248,189.8,0.14947706906131097,75.0,0.25110891461372375,944.0870971679688,719.2833000153769,307.59880002005957
opensignals_00078089802C_2026-04-17_11-53-12.txt,11:53:15.779,791.248,194.8,0.13485343706692293,75.0,0.2634415030479431,37.50355911254883,738.9781999809202,379.1369999817107
opensignals_00078089802C_2026-04-17_11-53-12.txt,11:53:15.779,791.248,199.8,0.15177893357366912,60.0,2.7495245933532715,27.53563690185547,799.3553999986034,329.9862999992911
opensignals_00078089802C_2026-04-17_11-53-12.txt,11:53:15.779,791.248,204.8,0.15092837894054048,60.0,0.7020660638809204,92.07408142089844,845.9725999855436,386.562400002731
opensignals_00078089802C_2026-04-17_11-53-12.txt,11:53:15.779,791.248,209.8,0.08771774281925482,90.0,0.4238888621330261,62.29738998413086,763.8755999796558,369.6705999900587
opensignals_00078089802C_2026-04-17_11-53-12.txt,11:53:15.779,791.248,214.8,0.49590395522213304,75.0,0.45229002833366394,0.44757455587387085,760.9302999917418,369.67689997982234
opensignals_00078089802C_2026-04-17_11-53-12.txt,11:53:15.779,791.248,219.8,0.2976243264250445,90.0,1.434547781944275,149.0338592529297,703.111800015904,345.05749997333623
opensignals_00078089802C_2026-04-17_11-53-12.txt,11:53:15.779,791.248,224.8,0.33779236873801777,90.0,0.3640506863594055,9095.1630859375,703.6259999731556,354.37739998451434
opensignals_00078089802C_2026-04-17_11-53-12.txt,11:53:15.779,791.248,229.8,0.20405088865980858,90.0,0.40061020851135254,7063.72705078125,639.4513999985065,366.52919999323785
opensignals_00078089802C_2026-04-17_11-53-12.txt,11:53:15.779,791.248,234.8,0.31408487846521116,75.0,0.6556075215339661,545.2174682617188,761.8167000182439,331.9529999862425
opensignals_00078089802C_2026-04-17_11-53-12.txt,11:53:15.779,791.248,239.8,0.33294763695112073,75.0,0.7323169708251953,351.75439453125,917.1925999980886,381.6426999983378
opensignals_00078089802C_2026-04-17_11-53-12.txt,11:53:15.779,791.248,244.8,0.1072639357145651,75.0,0.8119260668754578,119.56488800048828,1050.0700999982655,395.2605999947991
opensignals_00078089802C_2026-04-17_11-53-12.txt,11:53:15.779,791.248,249.8,0.1408618360791159,75.0,0.43361613154411316,412.9229736328125,954.1303000005428,393.154899997171
opensignals_00078089802C_2026-04-17_11-53-12.txt,11:53:15.779,791.248,254.8,0.14236741911037068,75.0,0.8132929801940918,3538.769775390625,822.4631000193767,327.3926000110805
opensignals_00078089802C_2026-04-17_11-53-12.txt,11:53:15.779,791.248,259.8,0.28851891886481384,75.0,0.43567636609077454,213.08445739746094,697.5830000010319,363.9701000065543
opensignals_00078089802C_2026-04-17_11-53-12.txt,11:53:15.779,791.248,264.8,0.19939864746816127,60.0,0.2970064580440521,416.3674011230469,702.1165000041947,356.8760000052862
opensignals_00078089802C_2026-04-17_11-53-12.txt,11:53:15.779,791.248,269.8,0.203076410709918,60.0,0.44240283966064453,65.25975799560547,788.4431999991648,370.28870001086034
opensignals_00078089802C_2026-04-17_11-53-12.txt,11:53:15.779,791.248,274.8,0.27784908734989605,60.0,0.6357101798057556,1.448691964149475,684.0752999996766,293.8977000012528
opensignals_00078089802C_2026-04-17_11-53-12.txt,11:53:15.779,791.248,279.8,0.1972440196156928,60.0,0.3248341977596283,57.180110931396484,796.3527000101749,393.09769999817945
opensignals_00078089802C_2026-04-17_11-53-12.txt,11:53:15.779,791.248,284.8,0.1363797670776014,60.0,0.2921457588672638,64102.27734375,802.5805999932345,359.80469998321496
opensignals_00078089802C_2026-04-17_11-53-12.txt,11:53:15.779,791.248,289.8,0.41437884544486575,60.0,0.4754047691822052,138.92884826660156,760.8297000115272,337.7655000076629
opensignals_00078089802C_2026-04-17_11-53-12.txt,11:53:15.779,791.248,294.8,0.38928202236565784,60.0,3.237649440765381,3045.259521484375,737.4432999931742,343.72100001201034
opensignals_00078089802C_2026-04-17_11-53-12.txt,11:53:15.779,791.248,299.8,0.1748792232358572,60.0,0.5320621728897095,7664.02197265625,836.9231999968179,364.99249999178573
opensignals_00078089802C_2026-04-17_11-53-12.txt,11:53:15.779,791.248,304.8,0.220315948474189,75.0,0.22641445696353912,84.58940887451172,793.8526999787427,384.767199982889
opensignals_00078089802C_2026-04-17_11-53-12.txt,11:53:15.779,791.248,309.8,0.21643897160992082,75.0,0.6532996892929077,78.60503387451172,628.1308000034187,223.28320000087842
opensignals_00078089802C_2026-04-17_11-53-12.txt,11:53:15.779,791.248,314.8,0.20623923662166196,75.0,1.0347070693969727,98711.1171875,571.4808000193443,250.81259998842143
opensignals_00078089802C_2026-04-17_11-53-12.txt,11:53:15.779,791.248,319.8,0.027339909427804992,60.0,0.748185396194458,5716.8330078125,594.1570999857504,240.83300001802854
opensignals_00078089802C_2026-04-17_11-53-12.txt,11:53:15.779,791.248,324.8,0.0791257443729207,60.0,0.25743305683135986,319.5738830566406,601.1482999892905,243.29469999065623
opensignals_00078089802C_2026-04-17_11-53-12.txt,11:53:15.779,791.248,329.8,0.16211208985062123,120.0,0.197175070643425,8.67827320098877,694.6612000174355,302.0791999879293
opensignals_00078089802C_2026-04-17_11-53-12.txt,11:53:15.779,791.248,334.8,0.39031825512244445,120.0,0.7543220520019531,0.4976489841938019,648.73409998836,338.8512000092305
opensignals_00078089802C_2026-04-17_11-53-12.txt,11:53:15.779,791.248,339.8,0.3577894570251822,120.0,0.6793392300605774,243.3120574951172,700.4120999772567,246.82400000165217
opensignals_00078089802C_2026-04-17_11-53-12.txt,11:53:15.779,791.248,344.8,0.4283787439171277,60.0,0.7569589018821716,23232.00390625,609.3953000090551,237.22710000583902
opensignals_00078089802C_2026-04-17_11-53-12.txt,11:53:15.779,791.248,349.8,0.33557369458869185,135.0,0.4485154449939728,12690.99609375,598.5117999953218,248.282200016547
opensignals_00078089802C_2026-04-17_11-53-12.txt,11:53:15.779,791.248,354.8,0.07080862414249564,75.0,0.5621174573898315,3195.47216796875,690.1533999771345,351.7745000135619
opensignals_00078089802C_2026-04-17_11-53-12.txt,11:53:15.779,791.248,359.8,0.053791571382659206,75.0,1.1685423851013184,749.9157104492188,813.4928999934345,437.0225000020582
opensignals_00078089802C_2026-04-17_11-53-12.txt,11:53:15.779,791.248,364.8,0.09972011347750999,75.0,0.6713771224021912,166.76937866210938,800.8092999807559,399.3804999918211
opensignals_00078089802C_2026-04-17_11-53-12.txt,11:53:15.779,791.248,369.8,0.10957003182732121,75.0,0.6429101228713989,607.4564208984375,769.2085000162479,329.110100021353
opensignals_00078089802C_2026-04-17_11-53-12.txt,11:53:15.779,791.248,374.8,0.08706524096484579,75.0,3.3413496017456055,312.7200012207031,740.2122000057716,323.478599981172
opensignals_00078089802C_2026-04-17_11-53-12.txt,11:53:15.779,791.248,379.8,0.12670377387213191,75.0,0.560471773147583,234.45216369628906,656.1232000240125,253.08239998412319
opensignals_00078089802C_2026-04-17_11-53-12.txt,11:53:15.779,791.248,384.8,0.13512956924087952,60.0,0.4548359811306,226.21949768066406,708.5540000116453,384.2010999796912
opensignals_00078089802C_2026-04-17_11-53-12.txt,11:53:15.779,791.248,389.8,0.2301541897719916,90.0,0.6696902513504028,3.609907388687134,824.038599996129,333.6903999734204
opensignals_00078089802C_2026-04-17_11-53-12.txt,11:53:15.779,791.248,394.8,0.2274331319867976,90.0,0.18685387074947357,476.3094482421875,796.5716999897268,372.6126999827102
opensignals_00078089802C_2026-04-17_11-53-12.txt,11:53:15.779,791.248,399.8,0.2696293252657956,60.0,0.4315372109413147,9462.7158203125,891.9431999966037,378.87960000080056
opensignals_00078089802C_2026-04-17_11-53-12.txt,11:53:15.779,791.248,404.8,0.04135326292506025,90.0,0.3256679177284241,1190.1351318359375,754.4099000224378,359.4435999984853
opensignals_00078089802C_2026-04-17_11-53-12.txt,11:53:15.779,791.248,409.8,0.06877835743866878,75.0,0.45963534712791443,736.3004150390625,727.3327000148129,402.69670000998303
opensignals_00078089802C_2026-04-17_11-53-12.txt,11:53:15.779,791.248,414.8,0.0697047250918961,75.0,0.48082253336906433,378.0473937988281,793.9163999981247,398.6771000199951
opensignals_00078089802C_2026-04-17_11-53-12.txt,11:53:15.779,791.248,419.8,0.06754677924720218,75.0,0.2803528308868408,342.4869689941406,750.9175000013784,314.239200000884
opensignals_00078089802C_2026-04-17_11-53-12.txt,11:53:15.779,791.248,424.8,0.047754228492815354,90.0,0.5869795083999634,312.6781311035156,760.1069000083953,354.9724000040442
opensignals_00078089802C_2026-04-17_11-53-12.txt,11:53:15.779,791.248,429.8,0.030941168255737766,90.0,0.2844465374946594,245.05813598632812,730.2940000081435,383.7776000145823
opensignals_00078089802C_2026-04-17_11-53-12.txt,11:53:15.779,791.248,434.8,0.022543298046511725,75.0,0.20134587585926056,27.706087112426758,835.9035000030417,484.0449999901466
opensignals_00078089802C_2026-04-17_11-53-12.txt,11:53:15.779,791.248,439.8,0.07935593712615735,60.0,0.678317666053772,8.107159614562988,747.4520000105258,378.066300007049
opensignals_00078089802C_2026-04-17_11-53-12.txt,11:53:15.779,791.248,444.8,0.16757660465281646,60.0,0.46135786175727844,47.459388732910156,787.7130999986548,350.3887999977451
opensignals_00078089802C_2026-04-17_11-53-12.txt,11:53:15.779,791.248,449.8,0.37057525096415184,60.0,0.22902856767177582,70.36309814453125,804.5207999821287,360.9901999880094
opensignals_00078089802C_2026-04-17_11-53-12.txt,11:53:15.779,791.248,454.8,0.46192206717985024,60.0,0.3242063820362091,0.6445682048797607,742.3237000184599,430.62100000679493
opensignals_00078089802C_2026-04-17_11-53-12.txt,11:53:15.779,791.248,459.8,0.4471135769526206,60.0,0.7057392001152039,20.495601654052734,815.6196000054479,348.6218000180088
opensignals_00078089802C_2026-04-17_11-53-12.txt,11:53:15.779,791.248,464.8,0.4681921064488295,60.0,0.3656263053417206,321.3630676269531,717.2418999834917,327.3105999978725
opensignals_00078089802C_2026-04-17_11-53-12.txt,11:53:15.779,791.248,469.8,0.3046222579253449,60.0,0.9148004651069641,72092.8515625,820.8638000069186,358.2126000255812
opensignals_00078089802C_2026-04-17_11-53-12.txt,11:53:15.779,791.248,474.8,0.2259852238250936,165.0,0.9654374122619629,25828.92578125,708.2425999979023,408.877100009704
opensignals_00078089802C_2026-04-17_11-53-12.txt,11:53:15.779,791.248,479.8,0.1978319664058592,60.0,0.8850100636482239,28590.22265625,752.2867000079714,371.8833999882918
opensignals_00078089802C_2026-04-17_11-53-12.txt,11:53:15.779,791.248,484.8,0.10364854407894816,60.0,0.739291250705719,18092.8671875,831.927999999607,427.5023000082001
opensignals_00078089802C_2026-04-17_11-53-12.txt,11:53:15.779,791.248,489.8,0.5643338414891649,90.0,0.16102735698223114,6566.265625,782.3490999871865,398.8546999753453
opensignals_00078089802C_2026-04-17_11-53-12.txt,11:53:15.779,791.248,494.8,0.412666023361981,90.0,0.17873159050941467,381.7333679199219,754.9183999944944,379.2535999964457
opensignals_00078089802C_2026-04-17_11-53-12.txt,11:53:15.779,791.248,499.8,0.46735616148465325,90.0,0.2493405044078827,562.20556640625,754.0274999919347,353.75399998156354
opensignals_00078089802C_2026-04-17_11-53-12.txt,11:53:15.779,791.248,504.8,0.483805287417443,90.0,0.23226438462734222,298.3104248046875,711.7239000217523,312.0659000123851
opensignals_00078089802C_2026-04-17_11-53-12.txt,11:53:15.779,791.248,509.8,0.6036965764786821,75.0,0.26398515701293945,370.4172668457031,814.120199996978,295.521899999585
opensignals_00078089802C_2026-04-17_11-53-12.txt,11:53:15.779,791.248,514.8,0.628863049314433,75.0,0.19381123781204224,244.17982482910156,972.7138000016566,386.61729998420924
opensignals_00078089802C_2026-04-17_11-53-12.txt,11:53:15.779,791.248,519.8,0.6595253591630389,90.0,0.10331885516643524,214.5328826904297,923.766699997941,421.5892000065651
opensignals_00078089802C_2026-04-17_11-53-12.txt,11:53:15.779,791.248,524.8,0.5830811171648579,90.0,0.357554167509079,319.83953857421875,824.9129000178073,393.5559999954421
opensignals_00078089802C_2026-04-17_11-53-12.txt,11:53:15.779,791.248,529.8,0.5520501187747464,90.0,0.24493031203746796,466.3842468261719,849.5829000021331,359.4675000058487
opensignals_00078089802C_2026-04-17_11-53-12.txt,11:53:15.779,791.248,534.8,0.563989919073405,75.0,0.2904726564884186,367.3535461425781,745.3606000053696,372.89339999551885
opensignals_00078089802C_2026-04-17_11-53-12.txt,11:53:15.779,791.248,539.8,0.47572340866156587,75.0,0.30479422211647034,381.4369201660156,847.6290999969933,364.6825000178069
opensignals_00078089802C_2026-04-17_11-53-12.txt,11:53:15.779,791.248,544.8,0.42177073780610946,75.0,0.5351908802986145,562.7909545898438,784.817000007024,355.04690001835115
opensignals_00078089802C_2026-04-17_11-53-12.txt,11:53:15.779,791.248,549.8,0.37312955629753497,75.0,0.5969772934913635,362.97393798828125,891.6315000096802,397.14690000982955
opensignals_00078089802C_2026-04-17_11-53-12.txt,11:53:15.779,791.248,554.8,0.3806923202763258,75.0,0.29116809368133545,288.4539794921875,938.3730000117794,471.72559998580255
opensignals_00078089802C_2026-04-17_11-53-12.txt,11:53:15.779,791.248,559.8,0.3848467990780769,60.0,0.399264395236969,294.41571044921875,883.3311999915168,400.21330001764
opensignals_00078089802C_2026-04-17_11-53-12.txt,11:53:15.779,791.248,564.8,0.3145777832092899,60.0,0.32982197403907776,641.18701171875,873.4385000134353,404.21099998638965
opensignals_00078089802C_2026-04-17_11-53-12.txt,11:53:15.779,791.248,569.8,0.30686905541256915,75.0,0.8859912157058716,739.2864990234375,835.0967000005767,443.00569998449646
opensignals_00078089802C_2026-04-17_11-53-12.txt,11:53:15.779,791.248,574.8,0.31126157790178466,75.0,0.28719982504844666,336.82977294921875,1030.274000018835,1082.4430999928154
opensignals_00078089802C_2026-04-17_11-53-12.txt,11:53:15.779,791.248,579.8,0.3269929052859461,75.0,0.43805283308029175,262.6291198730469,3260.7704999973066,1197.7402999764308
opensignals_00078089802C_2026-04-17_11-53-12.txt,11:53:15.779,791.248,584.8,0.3579291376789223,75.0,0.6657208204269409,346.39532470703125,1846.6670000052545,380.1028000016231
opensignals_00078089802C_2026-04-17_11-53-12.txt,11:53:15.779,791.248,589.8,0.36662536487862174,75.0,0.43806833028793335,364.0877990722656,770.3650000039488,403.09100001468323
opensignals_00078089802C_2026-04-17_11-53-12.txt,11:53:15.779,791.248,594.8,0.34492319141940575,75.0,0.36650940775871277,177.5326385498047,734.9737000185996,318.3452999801375
opensignals_00078089802C_2026-04-17_11-53-12.txt,11:53:15.779,791.248,599.8,0.3089814714616843,75.0,0.4052307903766632,716.7081909179688,735.4679999989457,304.2120000172872
opensignals_00078089802C_2026-04-17_11-53-12.txt,11:53:15.779,791.248,604.8,0.26425474414875233,75.0,0.42217057943344116,271.0884704589844,828.9939000096638,387.98589998623356
opensignals_00078089802C_2026-04-17_11-53-12.txt,11:53:15.779,791.248,609.8,0.22366781510735362,75.0,0.8350188136100769,762.6221313476562,803.4673999936786,374.9789999856148
opensignals_00078089802C_2026-04-17_11-53-12.txt,11:53:15.779,791.248,614.8,0.20274804177087838,75.0,0.5602321028709412,526.8470458984375,836.2143999838736,423.11159998644143
opensignals_00078089802C_2026-04-17_11-53-12.txt,11:53:15.779,791.248,619.8,0.1838839742781762,75.0,0.3378235697746277,493.9295959472656,1005.3805000206921,391.7002000089269
opensignals_00078089802C_2026-04-17_11-53-12.txt,11:53:15.779,791.248,624.8,0.2000295748805252,75.0,0.6214836239814758,392.48089599609375,869.3035999895073,362.817500019446
opensignals_00078089802C_2026-04-17_11-53-12.txt,11:53:15.779,791.248,629.8,0.20196069533943667,75.0,0.5941691994667053,196.85696411132812,779.7793000063393,353.7796000018716
opensignals_00078089802C_2026-04-17_11-53-12.txt,11:53:15.779,791.248,634.8,0.17542309468697723,75.0,0.3341948688030243,473.9101867675781,758.4096000064164,360.5802000092808
opensignals_00078089802C_2026-04-17_11-53-12.txt,11:53:15.779,791.248,639.8,0.19668243979748976,90.0,0.4490552544593811,251.26077270507812,712.6055000117049,363.0950000078883
opensignals_00078089802C_2026-04-17_11-53-12.txt,11:53:15.779,791.248,644.8,0.19820584997281668,90.0,0.8379983305931091,286.3918151855469,746.8830000143498,412.818500015419
opensignals_00078089802C_2026-04-17_11-53-12.txt,11:53:15.779,791.248,649.8,0.22327999236856866,90.0,0.4248773753643036,266.96160888671875,701.5187999932095,427.3690999834798
opensignals_00078089802C_2026-04-17_11-53-12.txt,11:53:15.779,791.248,654.8,0.38329120609333756,90.0,0.3828014135360718,127.96517181396484,744.6777000150178,409.4423999777064
opensignals_00078089802C_2026-04-17_11-53-12.txt,11:53:15.779,791.248,659.8,0.4874374474075718,90.0,0.4947259724140167,254.5924072265625,883.7053999886848,370.5040999921039
opensignals_00078089802C_2026-04-17_11-53-12.txt,11:53:15.779,791.248,664.8,0.430763014668796,150.0,0.3645423650741577,1521.9815673828125,793.7053999921773,309.49350001174025
opensignals_00078089802C_2026-04-17_11-53-12.txt,11:53:15.779,791.248,669.8,0.30917309251184844,75.0,0.46254172921180725,462.5537109375,718.3542999846395,413.83069998119026
opensignals_00078089802C_2026-04-17_11-53-12.txt,11:53:15.779,791.248,674.8,0.2828346586598334,75.0,0.39516931772232056,394.641357421875,788.0371999926865,333.20999998250045
opensignals_00078089802C_2026-04-17_11-53-12.txt,11:53:15.779,791.248,679.8,0.3118797384812011,75.0,0.3081430196762085,448.6708679199219,726.4004000171553,370.1473000110127
opensignals_00078089802C_2026-04-17_11-53-12.txt,11:53:15.779,791.248,684.8,0.2714746240091195,75.0,0.6392820477485657,456.59063720703125,761.8781000201125,334.21969998744316
opensignals_00078089802C_2026-04-17_11-53-12.txt,11:53:15.779,791.248,689.8,0.20032816918892782,75.0,0.6472925543785095,126.42399597167969,632.1727000176907,373.66929999552667
opensignals_00078089802C_2026-04-17_11-53-12.txt,11:53:15.779,791.248,694.8,0.19473053996352724,75.0,0.5839152932167053,109.55210876464844,697.2941999847535,284.9931000091601
opensignals_00078089802C_2026-04-17_11-53-12.txt,11:53:15.779,791.248,699.8,0.20141216131517176,75.0,0.7966572642326355,598.4817504882812,713.9318000117783,320.29490001150407
opensignals_00078089802C_2026-04-17_11-53-12.txt,11:53:15.779,791.248,704.8,0.22852857895072748,75.0,0.675329864025116,608.4244995117188,784.6895000257064,326.82620000559837
opensignals_00078089802C_2026-04-17_11-53-12.txt,11:53:15.779,791.248,709.8,0.1593994524377628,75.0,0.8381057381629944,1041.322265625,874.3536999973003,396.0766000091098
opensignals_00078089802C_2026-04-17_11-53-12.txt,11:53:15.779,791.248,714.8,0.20977277524802768,75.0,0.3726201057434082,212.35365295410156,769.7940999933053,351.4154000149574
opensignals_00078089802C_2026-04-17_11-53-12.txt,11:53:15.779,791.248,719.8,0.24460590641327218,75.0,0.3455149531364441,487.4696960449219,697.9132999840658,305.5880000174511
opensignals_00078089802C_2026-04-17_11-53-12.txt,11:53:15.779,791.248,724.8,0.2836272586521794,75.0,0.4090040326118469,438.8491516113281,752.3726999934297,391.64890002575703
opensignals_00078089802C_2026-04-17_11-53-12.txt,11:53:15.779,791.248,729.8,0.22909254143490795,75.0,0.4184446632862091,195.96011352539062,735.2594000112731,388.51710001472384
opensignals_00078089802C_2026-04-17_11-53-12.txt,11:53:15.779,791.248,734.8,0.18517611410045107,60.0,0.43436670303344727,1.6488966941833496,685.9014999936335,379.15500000235625
opensignals_00078089802C_2026-04-17_11-53-12.txt,11:53:15.779,791.248,739.8,0.08116016189055102,60.0,0.5583980679512024,2.4264509677886963,734.0645999938715,333.7251999764703
opensignals_00078089802C_2026-04-17_11-53-12.txt,11:53:15.779,791.248,744.8,0.055038084545441936,60.0,0.4813811480998993,175.3363037109375,761.3555999996606,329.3965999910142
opensignals_00078089802C_2026-04-17_11-53-12.txt,11:53:15.779,791.248,749.8,0.06264531864686608,60.0,0.3070697784423828,6118.06787109375,901.7790000070818,367.87469999399036
opensignals_00078089802C_2026-04-17_11-53-12.txt,11:53:15.779,791.248,754.8,0.17374464753483498,75.0,0.5565246939659119,875.4718627929688,828.1320999958552,421.08219998772256
opensignals_00078089802C_2026-04-17_11-53-12.txt,11:53:15.779,791.248,759.8,0.08210169323796801,105.0,0.299256294965744,820.7260131835938,793.8726999855135,318.7231000047177
opensignals_00078089802C_2026-04-17_11-53-12.txt,11:53:15.779,791.248,764.8,0.08762498377213322,105.0,0.5787321329116821,287.37530517578125,763.6487999989185,365.4126000183169
opensignals_00078089802C_2026-04-17_11-53-12.txt,11:53:15.779,791.248,769.8,0.09751694143773973,105.0,0.7006837129592896,4011.471923828125,719.5056000200566,329.6914999955334
opensignals_00078089802C_2026-04-17_11-53-12.txt,11:53:15.779,791.248,774.8,0.39125778834945985,75.0,0.7617501616477966,313.10955810546875,760.5527999985497,390.5668999941554
opensignals_00078089802C_2026-04-17_11-53-12.txt,11:53:15.779,791.248,779.8,0.5111132822370503,75.0,0.12626530230045319,553.227783203125,701.7230000055861,369.7554999962449
opensignals_00078089802C_2026-04-17_11-53-12.txt,11:53:15.779,791.248,784.8,0.6757038823349961,75.0,0.28524619340896606,478.44140625,741.2102999805938,361.3694000232499
opensignals_00078089802C_2026-04-17_11-53-12.txt,11:53:15.779,791.248,789.8,0.6107808348112098,75.0,0.338104784488678,260.65216064453125,746.4216999942437,378.0049000051804
opensignals_00078089802C_2026-04-17_12-34-59.txt,12:35:6.692,106.198,19.8,0.2734631596177361,60.0,0.5722944736480713,1711.2506103515625,916.3452000066172,447.99529999727383
opensignals_00078089802C_2026-04-17_12-34-59.txt,12:35:6.692,106.198,24.8,0.1960748795782041,75.0,0.270422101020813,1639.620849609375,935.918999981368,476.42620000988245
opensignals_00078089802C_2026-04-17_12-34-59.txt,12:35:6.692,106.198,29.8,0.18321902202640064,75.0,0.31701791286468506,433.1368408203125,1049.4365000049584,418.7402999959886
opensignals_00078089802C_2026-04-17_12-34-59.txt,12:35:6.692,106.198,34.8,0.1639624550750693,75.0,0.2866114675998688,808.8007202148438,649.414399988018,306.028699997114
opensignals_00078089802C_2026-04-17_12-34-59.txt,12:35:6.692,106.198,39.8,0.058701839489419934,75.0,1.1221389770507812,43.66229248046875,694.4122999848332,376.4968999894336
opensignals_00078089802C_2026-04-17_12-34-59.txt,12:35:6.692,106.198,44.8,0.18177468340414027,75.0,0.37462010979652405,129.2205352783203,694.6368999779224,302.338100009365
opensignals_00078089802C_2026-04-17_12-34-59.txt,12:35:6.692,106.198,49.8,0.1878841114050302,75.0,0.22166317701339722,1791.5770263671875,710.2069999964442,301.9720999873243
opensignals_00078089802C_2026-04-17_12-34-59.txt,12:35:6.692,106.198,54.8,0.5696828592657831,75.0,0.3218044638633728,252.14100646972656,790.7957000134047,361.0083000094164
opensignals_00078089802C_2026-04-17_12-34-59.txt,12:35:6.692,106.198,59.8,0.46197673328250277,75.0,0.317334920167923,102.58740997314453,733.5561999934725,288.1231000064872
opensignals_00078089802C_2026-04-17_12-34-59.txt,12:35:6.692,106.198,64.8,0.49590182988589204,75.0,0.18156680464744568,110.55165100097656,814.806000009412,339.5774000091478
opensignals_00078089802C_2026-04-17_12-34-59.txt,12:35:6.692,106.198,69.8,0.5798212354896832,75.0,0.2170417457818985,399.87420654296875,862.5263000139967,328.7390999903437
opensignals_00078089802C_2026-04-17_12-34-59.txt,12:35:6.692,106.198,74.8,0.6710619292014796,75.0,0.06349267810583115,465.7987060546875,815.2891999925487,388.7946000031661
opensignals_00078089802C_2026-04-17_12-34-59.txt,12:35:6.692,106.198,79.8,0.6655341467379372,75.0,0.24475380778312683,537.0048217773438,716.9538000016473,365.0070000148844
opensignals_00078089802C_2026-04-17_12-34-59.txt,12:35:6.692,106.198,84.8,0.6291470714800456,75.0,0.11089854687452316,272.41192626953125,711.2365000066347,302.25749997771345
opensignals_00078089802C_2026-04-17_12-34-59.txt,12:35:6.692,106.198,89.8,0.6630625313781434,75.0,0.14154137670993805,184.87779235839844,738.8682999880984,379.97060001362115
opensignals_00078089802C_2026-04-17_12-34-59.txt,12:35:6.692,106.198,94.8,0.6646997069216638,75.0,0.17706851661205292,295.52197265625,731.0151999990921,285.98929999861866
opensignals_00078089802C_2026-04-17_12-34-59.txt,12:35:6.692,106.198,99.8,0.7073413521438122,75.0,0.21591691672801971,140.79830932617188,698.7716000003275,382.8658999991603
opensignals_00078089802C_2026-04-17_12-34-59.txt,12:35:6.692,106.198,104.8,0.393914327452944,75.0,0.18529503047466278,301.31036376953125,808.6497000185773,350.4560000146739
r_c_isometric_leg2.txt,11:50:42.572,94.946,19.8,0.41561104306807367,60.0,0.24518321454524994,177.24952697753906,821.7514000134543,421.0392000095453
r_c_isometric_leg2.txt,11:50:42.572,94.946,24.8,0.32133701932910336,60.0,0.37006834149360657,320.7185363769531,809.720399993239,397.0946999907028
r_c_isometric_leg2.txt,11:50:42.572,94.946,29.8,0.35089897023049094,60.0,0.17682603001594543,317.70550537109375,742.7575000037905,368.53209999389946
r_c_isometric_leg2.txt,11:50:42.572,94.946,34.8,0.20466492425259383,60.0,2.157028913497925,63.70732879638672,765.550300013274,356.3591999991331
r_c_isometric_leg2.txt,11:50:42.572,94.946,39.8,0.19958764747034893,60.0,0.6146947741508484,72.62698364257812,789.7422999958508,281.4051000168547
r_c_isometric_leg2.txt,11:50:42.572,94.946,44.8,0.13722283679486852,75.0,0.38806799054145813,1740.6549072265625,684.7810999897774,366.9895000057295
r_c_isometric_leg2.txt,11:50:42.572,94.946,49.8,0.11936902967005987,75.0,0.7073526382446289,470.2971496582031,799.0520999883302,310.39609998697415
r_c_isometric_leg2.txt,11:50:42.572,94.946,54.8,0.1519217029090552,75.0,0.8035041689872742,228.80979919433594,673.8888999971095,358.2174999755807
r_c_isometric_leg2.txt,11:50:42.572,94.946,59.8,0.11960523104661375,75.0,0.4305148124694824,352.2085876464844,928.8559000124224,390.6347000156529
r_c_isometric_leg2.txt,11:50:42.572,94.946,64.8,0.04114695875024949,75.0,0.4369482696056366,78.34241485595703,794.1240000072867,443.4132000023965
r_c_isometric_leg2.txt,11:50:42.572,94.946,69.8,0.029526256753583013,75.0,1.3666880130767822,555.8719482421875,762.1701000025496,265.71269999840297
r_c_isometric_leg2.txt,11:50:42.572,94.946,74.8,0.030550558405611234,60.0,1.3342646360397339,1895.2431640625,696.0118999995757,394.57999999285676
r_c_isometric_leg2.txt,11:50:42.572,94.946,79.8,0.08978248891702223,60.0,0.4791634976863861,1179.2056884765625,826.8474000215065,320.21900001564063
r_c_isometric_leg2.txt,11:50:42.572,94.946,84.8,0.07475786200902701,60.0,0.47332775592803955,1141.784912109375,649.1915000078734,367.8356999880634
r_c_isometric_leg2.txt,11:50:42.572,94.946,89.8,0.05325907422355427,60.0,0.4055740535259247,1143.87939453125,758.3595000032801,361.33819998940453
r_c_isometric_leg2.txt,11:50:42.572,94.946,94.8,0.11700801576199146,60.0,0.7154096364974976,248.64541625976562,693.9977000001818,330.5171999963932
zeroL.txt,11:26:37.486,62.548,19.8,0.4605360523533186,90.0,0.6311085224151611,404.03314208984375,763.4144999901764,387.2485999891069
zeroL.txt,11:26:37.486,62.548,24.8,0.48128221491976825,90.0,0.3371220827102661,488.4135437011719,729.0446999832056,274.0893999871332
zeroL.txt,11:26:37.486,62.548,29.8,0.5537010210161617,75.0,0.3214579224586487,897.6366577148438,822.5426000135485,410.4506000003312
zeroL.txt,11:26:37.486,62.548,34.8,0.636338422634803,75.0,0.36934465169906616,268.3944396972656,1087.55990001373,332.6171000080649
zeroL.txt,11:26:37.486,62.548,39.8,0.6249574385480056,75.0,0.8052982091903687,854.2243041992188,906.0239999962505,330.82800000556745
zeroL.txt,11:26:37.486,62.548,44.8,0.663051274690493,90.0,0.42741578817367554,442.63031005859375,733.4265999961644,322.85050000064075
zeroL.txt,11:26:37.486,62.548,49.8,0.3944659395633773,90.0,0.2603054642677307,101.7469711303711,687.5692999747116,331.722400005674
zeroL.txt,11:26:37.486,62.548,54.8,0.2598650541050838,90.0,0.24905025959014893,81.72440338134766,697.9176000168081,320.56250001187436
zeroL.txt,11:26:37.486,62.548,59.8,0.3214486391189354,75.0,0.3319603204727173,390.8896484375,695.5954999721143,363.21730000781827
