filename,window_end_sec,cardiac_hr_snr,hr_bpm,nrmse_chronos,nrmse_timesfm,latency_chronos_ms,latency_timesfm_ms
B_C_B_C_B_isometria.txt,8.0,0.28536912064446834,60.0,0.7350766062736511,0.4430690407752991,715.5357000001459,663.4160000003249
B_C_B_C_B_isometria.txt,13.0,0.3201322791060117,75.0,0.5158055424690247,0.4949794113636017,722.0022999999856,676.6213000000789
B_C_B_C_B_isometria.txt,18.0,0.16634835503982734,75.0,0.3588907718658447,0.700532078742981,690.3002999997625,641.163699999197
B_C_B_C_B_isometria.txt,23.0,0.2116432810189735,60.0,0.4097830057144165,0.2950267493724823,716.1273000001529,638.8286000001244
B_C_B_C_B_isometria.txt,28.0,0.3797343826658099,60.0,0.1999485045671463,0.2823095917701721,725.5841999995027,629.8514999998588
B_C_B_C_B_isometria.txt,33.0,0.014736504303626807,75.0,1.0898243188858032,1.313445806503296,708.1217999993896,633.8544999998703
B_C_B_C_B_isometria.txt,38.0,0.030993813307787773,90.0,0.6942887306213379,1.098968505859375,747.7238000001307,639.6727999999712
B_C_B_C_B_isometria.txt,43.0,0.09721340397099609,60.0,0.39915984869003296,0.641398012638092,755.6609000002936,617.2333999993498
B_C_B_C_B_isometria.txt,48.0,0.06857965622326598,75.0,1.375705361366272,0.5819950103759766,808.2035999996151,609.488600000077
B_C_B_C_B_isometria.txt,53.0,0.0970012817664848,60.0,0.8708345293998718,0.9123799204826355,772.1987999993871,628.4163999998782
B_C_B_C_B_isometria.txt,58.0,0.15202757606304715,90.0,0.5367017984390259,0.3583087921142578,746.8266999994739,562.3380000006364
B_C_B_C_B_isometria.txt,63.0,0.018720485366217152,60.0,0.7848005890846252,0.8885712623596191,792.7041000002646,577.2354999999152
B_C_B_C_B_isometria.txt,68.0,0.013734691256339733,75.0,0.2106044441461563,0.31799453496932983,815.8831999999165,544.2001999999775
B_C_B_C_B_isometria.txt,73.0,0.3032301364875513,75.0,0.5822524428367615,0.7087283134460449,791.7379000000437,553.0729000001884
B_C_B_C_B_isometria.txt,78.0,0.3198530401139514,75.0,0.44867217540740967,0.4865209460258484,807.7525999997306,552.1429000000353
B_C_B_C_B_isometria.txt,83.0,0.6029753207907667,75.0,0.26301535964012146,0.49402502179145813,831.1099000002287,549.614699999438
B_C_B_C_B_isometria.txt,88.0,0.6552034880223321,75.0,0.1800224781036377,0.12592123448848724,852.9533000000811,506.7583999998533
B_C_B_C_B_isometria.txt,93.0,0.014396019948830855,60.0,0.5597856044769287,4.71367883682251,823.0776999998852,511.5112000003137
B_C_B_C_B_isometria.txt,98.0,0.23912423927592505,90.0,0.509293258190155,0.3378613293170929,831.7141000006814,492.7938000000722
B_C_B_C_B_isometria.txt,103.0,0.3418602512794008,75.0,0.2909955084323883,0.4475579857826233,896.1987000002409,471.70829999959096
B_C_B_C_B_isometria.txt,108.0,0.313441111013723,90.0,0.6175994873046875,0.6158702373504639,1196.5071000004173,482.73280000012164
B_C_B_C_B_isometria.txt,113.0,0.21129042110460702,75.0,0.35461682081222534,0.5972470045089722,913.519499999893,463.2932000004075
B_C_B_C_B_isometria.txt,118.0,0.39575853014183365,75.0,0.45044413208961487,0.591191291809082,864.1973000003418,473.6437000001388
B_C_B_C_B_isometria.txt,123.0,0.026170140912627333,75.0,0.15248318016529083,0.5618873834609985,897.6864000005662,462.1426000003339
B_C_B_C_B_isometria.txt,128.0,0.15457402143648294,75.0,0.2691158950328827,0.2038506716489792,866.2229999999909,462.52110000023094
B_C_B_C_B_isometria.txt,133.0,0.5816403893962208,75.0,0.24995438754558563,0.23600627481937408,854.9752999997509,459.5534999998563
B_C_B_C_B_isometria.txt,138.0,0.5966884836902057,60.0,0.2754448652267456,0.390506386756897,958.5230000002412,479.796499999793
B_C_B_C_B_isometria.txt,143.0,0.3310577330247262,75.0,0.21465112268924713,0.16826200485229492,1062.6172000002043,538.8281000005009
B_C_B_C_B_isometria.txt,148.0,0.36345675327436106,75.0,0.7796307802200317,0.43467259407043457,1020.9217999999964,501.61859999934677
B_C_B_C_B_isometric_2.txt,8.0,0.47606239322650334,60.0,0.9140676259994507,0.6375564932823181,1001.5902999994069,513.3181999999579
B_C_B_C_B_isometric_2.txt,13.0,0.25622225130176635,60.0,0.3080614507198334,0.33548417687416077,912.2950000000856,494.6872999998959
B_C_B_C_B_isometric_2.txt,18.0,0.278725593883755,60.0,0.2981654107570648,0.46028316020965576,1100.981800000227,525.6376999996064
B_C_B_C_B_isometric_2.txt,23.0,0.3246895225575265,75.0,0.5153775811195374,0.37301671504974365,925.3865000000587,518.4771999993245
B_C_B_C_B_isometric_2.txt,28.0,0.4219481265397361,60.0,0.30266478657722473,0.49170559644699097,963.1921999998667,515.202199999294
B_C_B_C_B_isometric_2.txt,33.0,0.023517996770897828,60.0,0.6943403482437134,0.6894122958183289,1091.964100000041,526.2530999998489
B_C_B_C_B_isometric_2.txt,38.0,0.018217062717599597,60.0,0.9065832495689392,0.8041055798530579,952.3979000005056,549.0005999999994
B_C_B_C_B_isometric_2.txt,43.0,0.0,60.0,0.6115236282348633,0.6041013598442078,958.4002999999939,571.9343999999182
B_C_B_C_B_isometric_2.txt,48.0,0.0,60.0,0.5629473924636841,0.44059374928474426,901.6211999996813,571.5241999996579
B_C_B_C_B_isometric_2.txt,53.0,0.0,60.0,0.6706329584121704,0.6764495968818665,941.2690999997722,523.0181000006269
B_C_B_C_B_isometric_2.txt,58.0,0.0,60.0,0.3821999430656433,0.502157986164093,970.4976000002716,584.8393999995096
B_C_B_C_B_isometric_2.txt,63.0,0.0154189491179287,90.0,0.43614718317985535,0.37108924984931946,890.9742999994705,538.4077999997317
B_C_B_C_B_isometric_2.txt,68.0,0.016218103860136855,75.0,1.1778274774551392,0.7375341057777405,952.0792999992409,559.0035000004718
B_C_B_C_B_isometric_2.txt,73.0,0.216462186976534,60.0,0.29866766929626465,0.09991435706615448,901.6094999997222,531.443500000023
B_C_B_C_B_isometric_2.txt,78.0,0.3654947742673062,60.0,0.17751426994800568,0.30236271023750305,924.5295000000624,554.2438000002221
B_C_B_C_B_isometric_2.txt,83.0,0.3999786899376228,60.0,0.3773818612098694,0.40147387981414795,909.8076000000219,621.3812999994843
B_C_B_C_B_isometric_2.txt,88.0,0.40836057945153137,60.0,0.5218862295150757,0.26446637511253357,895.1133000000482,561.6794000006848
B_C_B_C_B_isometric_2.txt,93.0,0.06433993594916955,60.0,0.6053532361984253,0.6064125895500183,883.0530000004728,601.2117999998736
B_C_B_C_B_isometric_2.txt,98.0,0.08138724265824038,60.0,1.0630968809127808,0.9809312224388123,952.5832999997874,612.1722000007139
B_C_B_C_B_isometric_2.txt,103.0,0.13589411686123534,75.0,0.4673554003238678,0.47525274753570557,835.4103000001487,603.0368000001545
B_C_B_C_B_isometric_2.txt,108.0,0.0,60.0,0.9092958569526672,0.0643867626786232,872.4636000006285,626.0969000004479
B_C_B_C_B_isometric_2.txt,113.0,0.0,60.0,0.7195878028869629,0.8086347579956055,830.8039000003191,614.6738000006735
B_C_B_C_B_isometric_2.txt,118.0,0.0,60.0,0.5808044672012329,0.48516473174095154,830.3086999994775,658.9522000003853
B_C_B_C_B_isometric_2.txt,123.0,0.007285557613570799,60.0,0.6784011721611023,0.6522828936576843,850.6663999996817,605.1190999996834
B_C_B_C_B_isometric_2.txt,128.0,0.015535043562475178,60.0,0.5240767598152161,0.7193546295166016,861.6195000004154,633.6279999995895
B_C_B_C_B_isometric_2.txt,133.0,0.14299018879021952,75.0,0.6611033082008362,0.683681070804596,854.6976999996332,656.9389000005685
B_C_B_C_B_isometric_2.txt,138.0,0.22176237515541386,60.0,0.21130794286727905,0.22455650568008423,854.4334999996863,655.1030999999057
B_C_B_C_B_isometric_2.txt,143.0,0.4669284656649959,60.0,0.23228402435779572,0.5388805866241455,835.616299999856,640.2004999999917
B_C_B_C_B_isometric_2.txt,148.0,0.6515753132838885,75.0,0.9599452614784241,0.30370065569877625,783.6397999999463,688.2825000002413
Baseline_isometrico_baseline.txt,8.0,0.009445878420630858,75.0,0.6438713073730469,0.6067169904708862,789.5528000008198,627.7975000002698
Baseline_isometrico_baseline.txt,13.0,0.004626719125068014,60.0,0.35510408878326416,0.2746467590332031,864.6795999993628,685.3484000002936
Baseline_isometrico_baseline.txt,18.0,0.004152049696429884,60.0,0.9980123043060303,0.6263665556907654,786.7119000002276,666.3474999995742
Baseline_isometrico_baseline.txt,23.0,0.035423093438380834,60.0,0.6783310174942017,0.5591318011283875,856.7597999999634,741.9992999994065
Baseline_isometrico_baseline.txt,28.0,0.020951827084788238,60.0,1.1780468225479126,1.0912659168243408,701.6418000002886,671.5525999998135
Baseline_isometrico_baseline.txt,33.0,0.08768362452807313,90.0,0.28135916590690613,0.31125926971435547,751.1223999999856,770.0692999997045
Baseline_isometrico_baseline.txt,38.0,0.07779046380678017,75.0,0.3974529206752777,0.2832960784435272,752.923699999883,644.7868000004746
Baseline_isometrico_baseline.txt,43.0,0.02150996820621105,60.0,0.7137693166732788,0.7262402772903442,761.3458000005267,715.1677000001655
Baseline_isometrico_baseline.txt,48.0,0.015716337917241086,75.0,0.37835007905960083,0.29705652594566345,785.4288999997152,626.411399999597
Baseline_isometrico_baseline.txt,53.0,0.015940413283859416,75.0,0.6098222732543945,0.5041874051094055,773.6441999995805,685.8848000001672
Baseline_isometrico_baseline.txt,58.0,0.011677554940253703,75.0,0.3212956190109253,0.5103234648704529,791.9842999999673,675.7012999996732
Branco_BDireito.txt,8.0,0.08787246485245047,60.0,0.21758762001991272,0.2995780408382416,810.4081000001315,661.8435000000318
Branco_BDireito.txt,13.0,0.057713899709135444,60.0,0.48084473609924316,0.4038376212120056,805.0452000006771,651.492099999814
Branco_BDireito.txt,18.0,0.14901862275233102,60.0,0.23232252895832062,0.34171029925346375,858.8243000003786,595.0370000000476
Branco_BDireito.txt,23.0,0.11073067868785591,60.0,0.5339076519012451,0.4837399125099182,894.4837999997617,621.2371999999959
Branco_BDireito.txt,28.0,0.14999618864841405,60.0,0.34808096289634705,0.4445533752441406,911.7080000005444,546.1554999992586
Branco_BDireito.txt,33.0,0.11342981460950358,60.0,0.5829935669898987,0.23241062462329865,886.7341999994096,600.2134000000297
Branco_BDireito.txt,38.0,0.1744963049671023,60.0,0.33388522267341614,0.3573206663131714,893.161400000281,510.08490000003803
Branco_BDireito.txt,43.0,0.1282783305783412,60.0,0.3913101553916931,0.402142733335495,877.1813000003021,570.2456999997594
Branco_BDireito.txt,48.0,0.08880121030579659,60.0,0.8273324966430664,0.8038398623466492,898.4971999998379,530.2732999998625
Branco_BDireito.txt,53.0,0.1681922430890884,60.0,0.250530481338501,0.4793756902217865,904.6326999996381,580.2551999995558
Branco_BDireito.txt,58.0,0.16165701907305388,60.0,0.42460641264915466,0.5323007106781006,952.0523000001049,545.5063999997947
Branco_BDireito.txt,63.0,0.12271279329413061,60.0,0.25016310811042786,0.37078621983528137,901.9491999997626,534.8987999996098
Branco_BDireito.txt,68.0,0.1272252748542718,60.0,0.2326662838459015,0.2568114995956421,975.6949000002351,481.75240000000485
Branco_BDireito.txt,73.0,0.17427043562761493,60.0,0.1891205757856369,0.3681727945804596,1014.3027000003713,495.9963000001153
Branco_BDireito.txt,78.0,0.1326619010683204,60.0,0.6687938570976257,0.40751388669013977,964.6452999995745,541.8511000007129
Branco_BDireito.txt,83.0,0.16711834173147,60.0,0.7429627180099487,0.6011898517608643,936.0853999996834,488.05689999971946
Branco_BDireito.txt,88.0,0.16375584007680447,60.0,0.2872520685195923,0.1471947282552719,1048.2882999995127,459.53300000019226
Branco_BDireito.txt,93.0,0.11794052489071966,60.0,0.16918186843395233,0.337910920381546,1044.2990999999893,502.8699000004053
Branco_BDireito.txt,98.0,0.18813872698302433,60.0,0.2116352617740631,0.3060319125652313,956.9586000006893,515.3052999994543
Branco_BDireito.txt,103.0,0.1331050179996597,60.0,0.28000393509864807,0.1529410034418106,939.3144000005123,480.9556000000157
Branco_BDireito.txt,108.0,0.1601710865549278,60.0,0.36243119835853577,0.21241392195224762,1022.6050000001123,495.18149999948946
Branco_BDireito.txt,113.0,0.18496209384337406,60.0,0.26773133873939514,0.12589068710803986,972.6556000005075,485.755199999403
Branco_BDireito.txt,118.0,0.15376290109683974,60.0,0.25897419452667236,0.38842737674713135,1035.0469000004523,496.6703999998572
Branco_BDireito.txt,123.0,0.17948849479576895,60.0,0.869772732257843,0.27205634117126465,1077.3782000005667,473.8160000006246
Branco_BDireito.txt,128.0,0.20928792328779275,60.0,0.16817250847816467,0.20666050910949707,941.4637999998376,460.8038000005763
Branco_BDireito.txt,133.0,0.17621974393340228,60.0,0.4379176199436188,0.13752588629722595,926.8279999996594,476.2660999995205
Branco_BDireito.txt,138.0,0.17455243538958634,60.0,0.3920994699001312,0.49297311902046204,905.7763999999224,490.8691999999064
Branco_BDireito.txt,143.0,0.16665198723188016,60.0,0.37879419326782227,0.18769901990890503,895.6730999998399,463.5091000000102
Branco_BDireito.txt,148.0,0.14818871440287204,60.0,0.31522947549819946,0.36665958166122437,921.8141000001197,500.503000000208
Branco_BDireito.txt,153.0,0.16799509248249367,60.0,0.27934372425079346,0.21420519053936005,969.1344000002573,511.5329999998721
Branco_BDireito.txt,158.0,0.16131509457702697,60.0,0.29694604873657227,0.44041308760643005,959.202600000026,551.6629999992801
Branco_BDireito.txt,163.0,0.16222358451757599,60.0,0.12929518520832062,0.3412248492240906,945.5574000003253,576.1648999996396
Branco_BDireito.txt,168.0,0.14804589754983014,60.0,0.3277069330215454,0.22486251592636108,903.3096999992267,641.1408000003576
Branco_BDireito.txt,173.0,0.15058028459668746,60.0,0.2968165874481201,0.22765590250492096,791.2015000001702,591.1436999995203
Branco_BDireito.txt,178.0,0.18413220515462425,60.0,0.6471342444419861,0.6229678988456726,786.7378999999346,611.9128999998793
Branco_BDireito.txt,183.0,0.16949796387510416,60.0,0.3651738166809082,0.22324113547801971,808.2345000002533,657.0388000000094
Branco_BDireito.txt,188.0,0.19687853663035032,60.0,0.3068748712539673,0.30423882603645325,819.2158000001655,641.5515999997297
Branco_BDireito.txt,193.0,0.21958745287242498,60.0,0.6909228563308716,0.22890791296958923,812.7070999998978,721.6397000001962
Branco_BDireito.txt,198.0,0.2287900751816163,60.0,0.36670178174972534,0.3419114649295807,760.8737999998993,627.9308000002857
Branco_BDireito.txt,203.0,0.21580116041073621,60.0,0.4619772434234619,0.3316022753715515,775.9789000001547,681.8852999995215
Branco_BDireito.txt,208.0,0.1742780823663922,60.0,0.7057317495346069,0.6128208041191101,771.8119999999544,640.1915000005829
Branco_BDireito.txt,213.0,0.1616617920989407,60.0,0.47877225279808044,0.17892412841320038,760.7548000005409,680.9740000007878
Branco_BDireito.txt,218.0,0.15473247027833373,60.0,0.5221747159957886,0.4350614547729492,743.6772999999448,718.9418999996633
Branco_BDireito.txt,223.0,0.209159786365559,60.0,0.23362281918525696,0.25520360469818115,750.0258000000031,658.7534000000232
Branco_BDireito.txt,228.0,0.17307240204222338,60.0,0.27172040939331055,0.1999320089817047,761.9808000008561,730.1200999991124
Branco_BDireito.txt,233.0,0.1844675031466798,60.0,0.3441920280456543,0.3875253200531006,717.3972999999023,686.7808999995759
Branco_BDireito.txt,238.0,0.1530449074073253,60.0,0.698571503162384,0.5802017450332642,768.0766999992557,721.8126999996457
Branco_BDireito.txt,243.0,0.15427665529071852,60.0,0.4598143696784973,0.5897443294525146,867.9161000000022,691.6755000002013
Branco_BDireito.txt,248.0,0.14169172472633076,60.0,0.3079768717288971,0.3302018940448761,803.7180000001172,697.3688999996739
Branco_BDireito.txt,253.0,0.1553762828873617,60.0,0.3604324758052826,0.46182748675346375,776.8771999999444,616.9323000003715
Branco_BDireito.txt,258.0,0.1908661683605192,60.0,0.2822016477584839,0.1269979178905487,889.9640999998155,688.3372000002055
Branco_BDireito.txt,263.0,0.12062483786925692,60.0,0.30254846811294556,0.17897701263427734,910.3038000002925,611.2717000005432
Branco_BDireito.txt,268.0,0.13253766140101803,60.0,0.8921422958374023,0.40388238430023193,844.7597999993377,676.8603000000439
Branco_BDireito.txt,273.0,0.16075064682761084,60.0,0.18895623087882996,0.17186661064624786,870.9098999997877,611.3590999993903
Branco_BDireito.txt,278.0,0.33758800812555156,60.0,0.45875176787376404,0.4065364897251129,901.2223999998241,661.7554999993445
Branco_BDireito.txt,283.0,0.2212824039460483,60.0,0.7827339172363281,0.3637341856956482,822.1684000000096,607.3401000003287
Branco_BDireito.txt,288.0,0.1612997159429527,60.0,0.22342947125434875,0.21419043838977814,826.7287999997279,618.9785999995365
Branco_BDireito.txt,293.0,0.16510416482756302,60.0,0.7487719058990479,0.15738341212272644,852.2700000003169,565.0409999998374
Branco_BDireito.txt,298.0,0.17595409928838945,60.0,0.5415843725204468,0.3002588450908661,871.7804000007163,591.8888000005609
Branco_BDireito.txt,303.0,0.1941456446353302,60.0,0.49734342098236084,0.33346548676490784,886.7965999997978,528.0648999996629
Branco_BDireito.txt,308.0,0.18770129030118726,60.0,0.3292003571987152,0.2803594768047333,906.5007999997761,544.8555999992095
Branco_BDireito.txt,313.0,0.17829503011521533,60.0,0.3717133700847626,0.30371057987213135,933.6610999998811,531.6939000003913
Branco_BDireito.txt,318.0,0.17960744063227685,60.0,0.46378979086875916,0.23366931080818176,974.1033999998763,505.1418000002741
Branco_BDireito.txt,323.0,0.1994431772694605,60.0,0.23569293320178986,0.31604862213134766,996.9265999998242,495.5768999998327
Branco_BDireito.txt,328.0,0.17063630016364428,60.0,0.5452359914779663,0.5196524262428284,985.8131000000867,477.16050000053656
Branco_BDireito.txt,333.0,0.15293410328871268,60.0,0.2334592342376709,0.2557085156440735,941.4772999998604,536.6161000001739
Branco_BDireito.txt,338.0,0.22478832860460593,60.0,0.6803319454193115,0.40989598631858826,1022.9569000002812,502.87220000063826
Branco_BDireito.txt,343.0,0.23058418695425445,60.0,0.26031023263931274,0.3231813311576843,1017.0659999994314,483.99500000050466
Branco_BDireito.txt,348.0,0.17930854988110675,60.0,0.36524564027786255,0.3945744037628174,976.1907000001884,484.8952999991525
Branco_BDireito.txt,353.0,0.19119648284023988,60.0,0.282279908657074,0.31001248955726624,935.4354000006424,544.3220999995901
Branco_BDireito.txt,358.0,0.19487789312933126,60.0,0.332394003868103,0.3105156123638153,1039.3812000002072,501.63700000030076
Branco_BDireito.txt,363.0,0.1980418818545867,60.0,0.418815016746521,0.3748965561389923,964.9061999998594,506.56720000006317
Branco_BDireito.txt,368.0,0.2148452354650668,60.0,0.560264527797699,0.39682915806770325,1020.5210000003717,506.7410999999993
Branco_BDireito.txt,373.0,0.18989294282796176,60.0,0.4135694205760956,0.41403067111968994,1139.600600000449,530.2506999996695
Branco_BDireito.txt,378.0,0.2287446633093534,60.0,0.3404708802700043,0.3044385612010956,1052.179100000103,506.3698000003569
Branco_BDireito.txt,383.0,0.199206277738847,60.0,0.2871379852294922,0.3504748046398163,1098.8447999998243,492.81470000005356
Branco_BDireito.txt,388.0,0.23772336731760008,60.0,0.37196826934814453,0.3194863796234131,1002.2515000000567,525.453600000219
Branco_BDireito.txt,393.0,0.1450481752585933,60.0,0.3376738131046295,0.2993442118167877,1227.881200000411,542.5592000001416
Branco_BDireito.txt,398.0,0.18944959469942677,60.0,0.21811509132385254,0.27107128500938416,967.3773000004076,518.9698000003773
Branco_BDireito.txt,403.0,0.19323363788198777,60.0,0.3918363153934479,0.22699671983718872,1019.4652000000133,498.88470000041707
Branco_BDireito.txt,408.0,0.14869445621076302,60.0,0.2220230996608734,0.24644124507904053,981.7564000004495,505.42509999922913
Branco_BDireito.txt,413.0,0.17471307521469895,60.0,0.5368943214416504,0.2604709267616272,980.7076000006418,559.5657000003484
Branco_BDireito.txt,418.0,0.2050229019493073,60.0,0.3001144230365753,0.260261595249176,911.9277999998303,524.5875999999043
Branco_BEsquerdo.txt,8.0,0.19161731090787884,60.0,0.5495288968086243,0.48173972964286804,907.2782000002917,574.4785000006232
Branco_BEsquerdo.txt,13.0,0.158814067546941,60.0,0.709889829158783,0.24256625771522522,885.7653999994,585.7805999994525
Branco_BEsquerdo.txt,18.0,0.1389974424893515,60.0,0.7126847505569458,0.6461614370346069,851.1069999995016,592.8635000000213
Branco_BEsquerdo.txt,23.0,0.1981295281729866,60.0,0.1786014586687088,0.26282188296318054,813.4191999997711,616.5409000004729
Branco_BEsquerdo.txt,28.0,0.13911450653250224,60.0,0.33233970403671265,0.3506583273410797,839.5455999998376,602.5087999996686
Branco_BEsquerdo.txt,33.0,0.12458390892851648,60.0,0.30925509333610535,0.2817807197570801,895.2321000006123,686.1648999993122
Branco_BEsquerdo.txt,38.0,0.19784703094571132,60.0,0.2815110981464386,0.18284963071346283,799.7685000000274,619.6521999991091
Branco_BEsquerdo.txt,43.0,0.21060692625649532,60.0,0.12735554575920105,0.20420821011066437,824.6384000003673,667.5762000004397
Branco_BEsquerdo.txt,48.0,0.15597555833273125,60.0,0.24312297999858856,0.27883675694465637,768.016500000158,614.1137000004164
Branco_BEsquerdo.txt,53.0,0.19817092835233746,60.0,0.24185305833816528,0.1419018805027008,798.0102000001352,648.4899999995832
Branco_BEsquerdo.txt,58.0,0.2997664065866542,60.0,0.5328956246376038,0.4360879361629486,802.15969999972,628.7867999999435
Branco_BEsquerdo.txt,63.0,0.3005580966228194,60.0,0.18855078518390656,0.4239519536495209,812.4260999993567,674.3876999998974
Branco_BEsquerdo.txt,68.0,0.2630422223673708,60.0,0.33716800808906555,0.2381744682788849,773.2759000000442,659.6601000001101
Branco_BEsquerdo.txt,73.0,0.2894737646963105,60.0,0.2913670241832733,0.2812882661819458,777.1597999999358,635.9055000002627
Branco_BEsquerdo.txt,78.0,0.22748756761045624,60.0,0.44711804389953613,0.20127752423286438,773.560699999507,693.1032000002233
Branco_BEsquerdo.txt,83.0,0.21461135996290084,60.0,0.3464096486568451,0.2713417708873749,779.6512999993865,664.1603000007308
Branco_BEsquerdo.txt,88.0,0.22100387343777397,60.0,0.4604234993457794,0.2857947051525116,810.743499999262,701.9728000004761
Branco_BEsquerdo.txt,93.0,0.22742125444343142,60.0,0.3260670304298401,0.23798371851444244,739.1477000001032,671.1456000002727
Branco_BEsquerdo.txt,98.0,0.16529331985961807,60.0,0.34118905663490295,0.4004098176956177,824.0986000000703,670.9192000007533
Branco_BEsquerdo.txt,103.0,0.2176446738161843,60.0,0.3613942861557007,0.42501577734947205,812.001300000702,605.9916000003795
Branco_BEsquerdo.txt,108.0,0.17199819251145287,60.0,0.3394128084182739,0.49646663665771484,866.8668000000253,651.8095999999787
Branco_BEsquerdo.txt,113.0,0.22230142054118152,60.0,0.2716362178325653,0.32749438285827637,854.7905000004903,630.6636999997863
Branco_BEsquerdo.txt,118.0,0.17652395624910844,60.0,0.3842472434043884,0.37936174869537354,845.5295000003389,605.5618000000322
Branco_BEsquerdo.txt,123.0,0.17728466684968314,60.0,0.48368245363235474,0.3755534291267395,882.1779999998398,549.3944999998348
Branco_BEsquerdo.txt,128.0,0.20327507713776227,60.0,0.16989532113075256,0.16296924650669098,902.4469000005411,601.4334000001327
Branco_BEsquerdo.txt,133.0,0.19165748659682727,60.0,0.30984848737716675,0.13714683055877686,835.4727000005369,585.6564999994589
Branco_BEsquerdo.txt,138.0,0.14936251978960946,60.0,0.28917819261550903,0.4571899473667145,880.9001999998145,523.505600000135
Branco_BEsquerdo.txt,143.0,0.13226143423474848,60.0,0.12044274806976318,0.16537708044052124,908.3106999996744,561.8800000002011
Branco_BEsquerdo.txt,148.0,0.12104317183354894,60.0,0.17342598736286163,0.06152566894888878,919.0053999991505,537.5783999998021
Branco_BEsquerdo.txt,153.0,0.15501337373447927,60.0,0.18591362237930298,0.18249084055423737,887.7185000001191,555.1697000000786
Branco_BEsquerdo.txt,158.0,0.1679553469472168,60.0,0.1780756711959839,0.23946169018745422,950.9588000000804,488.53330000019923
Branco_BEsquerdo.txt,163.0,0.17795114411540788,60.0,0.2814629375934601,0.3418666124343872,981.3857999997708,515.8038999998098
Branco_BEsquerdo.txt,168.0,0.25180049067376165,60.0,0.3424888253211975,0.20286907255649567,972.4352000002909,460.6229999999414
Branco_BEsquerdo.txt,173.0,0.23339051597563454,60.0,0.20957517623901367,0.19072280824184418,977.1078999992824,492.0972999998412
Branco_BEsquerdo.txt,178.0,0.1950363170169507,60.0,0.2778349220752716,0.23508360981941223,958.4353000000192,498.6248000004707
Branco_BEsquerdo.txt,183.0,0.14635407982900855,60.0,0.2291354387998581,0.2310616821050644,967.2105999998166,486.52859999947395
Branco_BEsquerdo.txt,188.0,0.22235737247970186,60.0,0.23015880584716797,0.2318568378686905,926.442699999825,456.63969999986875
Branco_BEsquerdo.txt,193.0,0.20625246830024777,60.0,0.1255575567483902,0.15684130787849426,884.959600000002,474.23499999968044
Branco_BEsquerdo.txt,198.0,0.22766472135481922,60.0,0.16759032011032104,0.19574007391929626,898.1352000000697,462.8375000002052
Branco_BEsquerdo.txt,203.0,0.2331027923509771,60.0,0.2391384243965149,0.24468138813972473,885.3265999996438,450.8090999997876
Branco_BEsquerdo.txt,208.0,0.22319706100355285,60.0,0.2988167107105255,0.25565510988235474,882.098600000063,459.63709999978164
Branco_BEsquerdo.txt,213.0,0.2392127608753688,60.0,0.21854716539382935,0.21361035108566284,856.5638000000035,472.16089999983524
Branco_BEsquerdo.txt,218.0,0.18934976279125754,60.0,0.39380770921707153,0.49403560161590576,894.5196000004216,459.3469000001278
Branco_BEsquerdo.txt,223.0,0.27650529128991036,60.0,0.1668563038110733,0.2832253873348236,883.2809999994424,463.68919999986247
Branco_BEsquerdo.txt,228.0,0.2028803941451617,60.0,0.14445830881595612,0.1512327790260315,893.9620999999534,472.11329999936424
Branco_BEsquerdo.txt,233.0,0.2617795019894044,60.0,0.15832413733005524,0.21907231211662292,883.2406000001356,461.1411000005319
Branco_BEsquerdo.txt,238.0,0.20958336624931265,60.0,0.2514951229095459,0.27299225330352783,882.2156000005634,476.169900000059
Branco_BEsquerdo.txt,243.0,0.19481089139329918,60.0,0.213489830493927,0.17832030355930328,872.5659000001542,472.35929999988
Branco_BEsquerdo.txt,248.0,0.24374065592944497,60.0,0.24542179703712463,0.17611774802207947,901.380500000414,450.8432000002358
Branco_BEsquerdo.txt,253.0,0.22348578500138422,60.0,0.11352749168872833,0.13858747482299805,908.5957999996026,496.87209999956394
Branco_BEsquerdo.txt,258.0,0.28022014089331665,60.0,0.18107633292675018,0.17693015933036804,853.5684999997102,486.3796999998158
Branco_BEsquerdo.txt,263.0,0.26968134294560925,60.0,0.16059574484825134,0.21855388581752777,876.4227000001483,478.70640000019193
Branco_BEsquerdo.txt,268.0,0.22942994869818686,60.0,0.2149268239736557,0.22014038264751434,846.2156000005052,535.1235000007364
Branco_BEsquerdo.txt,273.0,0.3210563934996529,60.0,0.27717354893684387,0.3558317720890045,909.611699999914,510.17010000032315
Branco_BEsquerdo.txt,278.0,0.26807231465014447,60.0,0.3453178405761719,0.20602908730506897,842.874899999515,558.057700000063
Branco_BEsquerdo.txt,283.0,0.29781273007765857,60.0,0.2427985668182373,0.2757382094860077,841.8419000008726,540.6731000002765
Branco_BEsquerdo.txt,288.0,0.2542371196045217,60.0,0.16976702213287354,0.27538761496543884,830.4168999993635,523.9166000001205
Branco_BEsquerdo.txt,293.0,0.24083559836737817,60.0,0.12404956668615341,0.14658330380916595,836.9712999992771,549.3403000000399
Branco_BEsquerdo.txt,298.0,0.25387233856745983,60.0,0.26377230882644653,0.3081028163433075,858.7827000001198,531.4840999999433
Branco_BEsquerdo.txt,303.0,0.21544481301482218,60.0,0.16782338917255402,0.19691939651966095,790.3588999997737,553.5548000007111
Branco_BEsquerdo.txt,308.0,0.274869866870527,60.0,0.21387431025505066,0.11249028891324997,823.5492999992857,607.8732000005402
Branco_BEsquerdo.txt,313.0,0.24496952044267628,60.0,0.15254195034503937,0.16524860262870789,805.2778999999646,561.5993000001254
Branco_BEsquerdo.txt,318.0,0.24483744284031952,60.0,0.2439817488193512,0.32921117544174194,758.8273000001209,596.7545000003156
Branco_BEsquerdo.txt,323.0,0.20140916088106073,60.0,0.242899090051651,0.2814957797527313,837.3727999996845,622.4175000006653
Branco_BEsquerdo.txt,328.0,0.17385117095874236,60.0,0.11910822987556458,0.4020259976387024,843.3212999998432,596.2284000006548
Branco_BEsquerdo.txt,333.0,0.16964077223438256,60.0,0.14854393899440765,0.21965928375720978,856.417899999542,691.130900000644
Branco_BEsquerdo.txt,338.0,0.19714358454789013,60.0,0.18734730780124664,0.27383536100387573,838.7001000000964,666.0286999995151
Branco_BEsquerdo.txt,343.0,0.1444781890074026,60.0,0.3498171865940094,0.21819552779197693,757.7894000005472,692.3545000008744
Branco_BEsquerdo.txt,348.0,0.2510989412778202,60.0,0.2779597342014313,0.2405531406402588,776.9627999996374,663.5673000000679
Branco_BEsquerdo.txt,353.0,0.3724797223996581,60.0,0.4649180471897125,0.2977140545845032,752.1071999999549,697.9854000001069
Branco_BEsquerdo.txt,358.0,0.3048711244542439,60.0,0.3748125433921814,0.46159425377845764,748.9642000000458,640.9725999992588
Branco_BEsquerdo.txt,363.0,0.29544173053998496,60.0,0.2631620466709137,0.23565101623535156,712.2496000001775,659.0363999994224
Branco_BEsquerdo.txt,368.0,0.3295053748915594,60.0,0.27929559350013733,0.26690757274627686,785.8032999993156,684.4234000000142
Branco_BEsquerdo.txt,373.0,0.20877498837899897,60.0,0.1505005955696106,0.27652621269226074,771.8463999999585,654.8855000000913
Branco_BEsquerdo.txt,378.0,0.22403865518060762,60.0,0.33768385648727417,0.5943034887313843,756.5180999999939,688.7557999998535
Branco_BEsquerdo.txt,383.0,0.20343957149374367,60.0,0.34134963154792786,0.3357839584350586,801.1835999996038,610.4606999997486
Branco_BEsquerdo.txt,388.0,0.17924786320907699,60.0,0.278764009475708,0.32882416248321533,830.2398999994693,644.1400000003341
Branco_BEsquerdo.txt,393.0,0.2280146981106565,60.0,0.22813257575035095,0.26279783248901367,841.063199999553,557.4414000002434
Branco_BEsquerdo.txt,398.0,0.20508836248207124,60.0,0.30600255727767944,0.30730944871902466,839.2016999996486,594.5489000005182
Branco_BEsquerdo.txt,403.0,0.2418125489588279,60.0,0.3673313856124878,0.4746684432029724,867.5372000006973,558.2342000006975
Branco_BEsquerdo.txt,408.0,0.23851111450055124,60.0,0.14766459167003632,0.172457754611969,864.5531000001938,562.3070999999982
Branco_BEsquerdo.txt,413.0,0.25073411731026257,60.0,0.13573668897151947,0.15305200219154358,870.5656000001909,606.8801000001258
Branco_BEsquerdo.txt,418.0,0.2379476192075482,60.0,0.19032469391822815,0.19747279584407806,857.2167000002082,530.4371000001993
Teste coupling.txt,8.0,0.0477873065765951,60.0,0.6615924835205078,0.4901941120624542,851.3573000000179,591.5513999998439
Teste coupling.txt,13.0,0.5434003396785798,75.0,0.3460724949836731,0.3463342785835266,882.4228000003131,493.60449999949196
Teste coupling.txt,18.0,0.36201011847859355,60.0,0.24639761447906494,0.25742098689079285,882.3977000001832,546.2005999997928
Teste coupling.txt,23.0,0.1749832550141279,60.0,0.4919641315937042,0.46578943729400635,1097.17880000062,521.9653000003746
Teste coupling.txt,28.0,0.14338807181462004,60.0,1.0214298963546753,0.4111493229866028,960.9995999999228,533.3405000001221
Teste coupling.txt,33.0,0.011549513118771665,60.0,0.5029892921447754,0.22545884549617767,1071.1793999998918,532.6482999998916
Teste coupling.txt,38.0,0.011063669943319069,75.0,0.8559393286705017,0.6076111793518066,939.4299000005049,523.2464000000618
Teste coupling.txt,43.0,0.013322701524304799,60.0,0.391891747713089,0.18750478327274323,1057.1023000002242,493.00489999950514
Teste coupling.txt,48.0,0.007917235963368486,60.0,0.6636245250701904,0.5868219137191772,973.909299999832,522.217499999897
Teste coupling.txt,53.0,0.01001711438443445,75.0,0.456403523683548,0.3522176146507263,978.0026999997062,491.53889999979583
Teste coupling.txt,58.0,0.3967631407304533,75.0,0.30744668841362,0.3200235068798065,1065.6348000002254,483.86830000072223
Teste coupling.txt,63.0,0.34543497144755486,90.0,0.3543979525566101,0.510075569152832,965.8952999998291,520.0576999995974
Teste coupling.txt,68.0,0.007998747127285615,75.0,1.0278898477554321,1.094870924949646,946.8335999999908,496.74620000041614
Teste coupling.txt,73.0,0.01196898512972725,75.0,0.8607115745544434,0.7562063336372375,1049.0296999996644,472.69969999979367
Teste coupling.txt,78.0,0.013691393381381983,75.0,1.0693128108978271,0.9609401822090149,984.5119999999952,514.0242000006765
Teste coupling.txt,83.0,0.29563745897552157,60.0,0.2662402093410492,0.26378971338272095,1019.3411000000197,521.1955000004309
Teste coupling.txt,88.0,0.22573280754009786,75.0,1.1514462232589722,1.1839394569396973,1094.2134999995687,499.03619999986404
Teste coupling.txt,93.0,0.020866028177320056,60.0,1.3589674234390259,0.3771297335624695,1062.0558999999048,524.3366000004244
Teste coupling.txt,98.0,0.0190971469297692,90.0,0.34326043725013733,0.5157620310783386,971.6456000005564,472.56039999956556
Teste coupling.txt,103.0,0.014192714676206813,75.0,0.6955740451812744,0.1956150233745575,960.197700000208,500.6180000000313
Teste coupling.txt,108.0,0.29241585941577036,60.0,0.640265166759491,0.6422699689865112,985.1071000002776,517.1081000007689
Teste coupling.txt,113.0,0.46795837344649244,60.0,0.2524707615375519,0.24062415957450867,1004.8102999999173,505.1491000003807
Teste coupling.txt,118.0,0.23281843392314527,105.0,0.951816737651825,1.177791953086853,988.2926000000225,521.2664999999106
Teste coupling.txt,123.0,0.04276244436807972,60.0,0.29717332124710083,0.42643454670906067,1531.0836999997264,574.6080999997503
Teste coupling.txt,128.0,0.018546644700899305,75.0,1.734597086906433,0.3634122610092163,1266.2938000003123,573.9254999998593
Teste coupling.txt,133.0,0.005769842107732298,75.0,0.4454767107963562,0.45589879155158997,1301.5826000000743,577.2845999999845
Teste coupling.txt,138.0,0.017894515213940605,60.0,0.3310771584510803,0.7173453569412231,1262.093599999389,578.6721000004036
Teste coupling.txt,143.0,0.03513869440044092,60.0,0.8232123851776123,0.8091784715652466,1126.6785000007076,528.3530000006067
Teste coupling.txt,148.0,0.018344737650466677,60.0,0.7628071308135986,0.6942266225814819,1083.9177000007112,559.2277999994621
Teste coupling.txt,153.0,0.012421019324999217,60.0,0.44796761870384216,0.43798545002937317,1117.056699999921,531.2393000003794
Teste coupling.txt,158.0,0.010002541933862054,75.0,0.38667798042297363,0.5601494908332825,992.0337000003201,494.67530000038096
Teste coupling.txt,163.0,0.017374834929312324,60.0,0.3867107629776001,0.3177650272846222,962.6411999997799,508.318700000018
Teste coupling.txt,168.0,0.024327674718829316,90.0,0.1831103414297104,0.46567973494529724,990.5016000002433,496.3216000005559
Teste coupling.txt,173.0,0.03557272269701147,60.0,0.6182824373245239,0.7427239418029785,982.5896000002103,516.82239999991
Teste coupling.txt,178.0,0.003941326150602555,75.0,0.34483760595321655,0.33912375569343567,917.4478000004456,508.2546000003276
Teste coupling.txt,183.0,0.05492773546112398,75.0,0.8267695307731628,1.2200905084609985,849.9256000004607,517.4904000004972
Teste coupling.txt,188.0,0.018801616926710767,60.0,0.4520147442817688,0.3166680335998535,818.8411999999516,529.0085000006002
Teste coupling.txt,193.0,0.4696904347258044,60.0,0.3711540997028351,0.37319496273994446,772.1344999999928,541.1947000002328
Teste coupling.txt,198.0,0.45996852630511487,60.0,0.309732586145401,0.24081315100193024,835.6659999999465,568.5200999996596
Teste coupling.txt,203.0,0.03820493600183973,75.0,0.4805086553096771,0.4558769464492798,799.2810000005193,549.7552999995605
Teste coupling.txt,208.0,0.09460000400615859,90.0,0.6800957918167114,0.33344531059265137,780.3379000006316,579.2567999997118
Teste coupling.txt,213.0,0.018391988693679792,75.0,0.3564128577709198,0.2611564099788666,788.4136999991824,567.0759000004182
Teste coupling.txt,218.0,0.012428745377277528,60.0,0.45911097526550293,0.3403221666812897,772.1370999997816,557.9775999995036
Teste coupling.txt,223.0,0.007633150866243802,75.0,0.7881978750228882,0.7553554773330688,801.5513999998802,581.6463000001022
Teste coupling.txt,228.0,0.029696269404439094,75.0,0.2525167763233185,0.3441121578216553,771.5799999996307,574.0741999998136
Teste coupling.txt,233.0,0.07500535878076345,75.0,0.8970071077346802,0.7884982228279114,755.9508999993341,583.1770000004326
Teste coupling.txt,238.0,0.1364756731667006,60.0,1.8895803689956665,2.3571460247039795,733.8638999999603,570.5194000001939
Teste coupling.txt,243.0,0.004680276492309012,75.0,1.3217449188232422,0.30639830231666565,800.0221000002057,584.2399000002843
Teste coupling.txt,248.0,0.7731757287367939,105.0,0.34040704369544983,0.3213318884372711,749.678799999856,584.8208999996132
Teste coupling.txt,253.0,0.8952619228211196,90.0,0.1628604382276535,0.25256025791168213,742.7598000003854,593.9988999998604
Teste coupling.txt,258.0,0.7022386770243353,90.0,0.34763601422309875,0.3586243987083435,722.4008999992293,604.2170999999144
Teste coupling.txt,263.0,0.15864515720422706,90.0,0.34152132272720337,0.32312166690826416,785.0225000001956,620.5284999996366
Teste coupling.txt,268.0,0.12834423467005232,60.0,3.46368408203125,0.7150781750679016,724.6255000000019,630.5471999994552
Teste coupling.txt,273.0,0.04770649187236983,60.0,1.156768560409546,1.7087794542312622,691.7097999994439,637.9503000007389
Teste coupling.txt,278.0,0.06060681636525192,60.0,0.7068851590156555,0.3264603912830353,701.1087000000771,648.1289000003017
Teste coupling.txt,283.0,0.03983806399968442,60.0,0.36667051911354065,0.301362544298172,722.379999999248,638.2960000000821
Teste coupling.txt,288.0,0.04908021348428121,60.0,0.8768718242645264,0.44230222702026367,718.0852999999843,689.3247999996674
Teste coupling.txt,293.0,0.03567011654937523,75.0,0.32759684324264526,0.4591046869754791,683.4164000001692,658.9453999995385
Teste coupling.txt,298.0,0.04099115928824029,75.0,0.314321905374527,0.35458213090896606,692.6465999995344,635.3596999997535
Teste coupling.txt,303.0,0.056354420206519935,60.0,0.530764639377594,0.4952922761440277,674.2741999996724,669.1139000004114
Teste coupling.txt,308.0,0.06915081453128799,60.0,0.7034216523170471,0.6919368505477905,887.7353000007133,664.0678999992815
Teste coupling.txt,313.0,0.06655243955383115,60.0,0.3921389579772949,0.48820024728775024,761.1652000005051,673.1360000003406
Teste coupling.txt,318.0,0.06281621634085297,60.0,0.3437533974647522,0.31928929686546326,657.1954000000915,682.5275999999576
Teste coupling.txt,323.0,0.07316101810530458,135.0,0.3209172189235687,0.4024542570114136,722.1064999994269,631.7304000003787
Teste coupling.txt,328.0,0.11600349210360902,90.0,0.933228611946106,0.5329674482345581,796.7648000003464,644.060100000388
Teste coupling.txt,333.0,0.09519577790970714,60.0,0.5638505220413208,0.5772792100906372,729.2182999999568,631.0199999998076
Teste coupling.txt,338.0,0.280335994799892,75.0,0.51661217212677,0.41906434297561646,792.0758999998725,646.5901999999915
Teste coupling.txt,343.0,0.2292311027689499,60.0,0.17219756543636322,0.17644065618515015,803.0074999996941,620.9269999999378
Teste coupling.txt,348.0,0.36380358371061816,75.0,0.731931209564209,0.617254376411438,832.1208000006663,594.4030000000566
Teste coupling.txt,353.0,0.1599044427058971,60.0,0.19358639419078827,0.697801947593689,845.6115999997564,601.4960000002247
Teste coupling.txt,358.0,0.11772538335719972,60.0,0.7918099164962769,0.4860595464706421,916.4405999999872,544.2577999992864
Teste coupling.txt,363.0,0.07994687090137338,75.0,0.2603011131286621,0.2647121846675873,836.7321000005177,526.750500000162
Teste coupling.txt,368.0,0.21612135458422213,75.0,0.2314663529396057,0.22620037198066711,814.0873000002102,528.2708000004277
Teste coupling.txt,373.0,0.23200553195570414,135.0,0.7647673487663269,2.5645618438720703,833.6214000000837,506.76299999940966
Teste coupling.txt,378.0,0.08963502354717236,60.0,0.17242567241191864,0.1662531942129135,840.496599999824,482.8465000000506
Teste coupling.txt,383.0,0.3461761628007215,90.0,1.1580259799957275,0.4302799105644226,931.3254999997298,476.1523999995916
Teste coupling.txt,388.0,0.0944742439744778,60.0,0.18866346776485443,1.6433393955230713,849.9449999999342,460.0037999998676
Teste coupling.txt,393.0,0.01802315647523393,60.0,0.42149993777275085,0.25997433066368103,886.7963000002419,463.5067999997773
Teste coupling.txt,398.0,0.014215763586256522,60.0,1.5341476202011108,0.87470942735672,880.5544000006194,459.03220000036526
Teste coupling.txt,403.0,0.010856034550129956,60.0,0.2645717263221741,0.33003297448158264,866.7404000007082,452.4036000002525
Teste coupling.txt,408.0,0.12463357146410688,60.0,0.9997878670692444,1.9121077060699463,877.0926000006511,449.99639999969077
Teste coupling.txt,413.0,0.06676857646622139,90.0,1.0649439096450806,0.5946448445320129,929.0274000004501,471.98130000015226
Teste coupling.txt,418.0,0.0304884291499243,60.0,0.5217561721801758,0.5291107296943665,856.5021000003981,455.47829999941314
Teste coupling.txt,423.0,0.5244292458574313,60.0,0.3812295198440552,0.372955858707428,873.7816000002567,451.1923999998544
Teste coupling.txt,428.0,0.31302747200973935,60.0,nan,nan,867.6816999995935,459.02600000044913
Teste coupling.txt,433.0,0.0,60.0,nan,nan,852.8782000003048,456.9194999994579
Teste coupling.txt,438.0,0.0,60.0,nan,nan,875.0124999996842,459.4250000000102
Teste coupling.txt,443.0,0.17694201453619354,60.0,0.5287656188011169,0.5297451019287109,857.3529000004783,488.2012999996732
Teste coupling.txt,448.0,0.11149985117998686,60.0,0.9074974656105042,0.8640507459640503,941.3856000001033,447.28219999979046
Teste coupling.txt,453.0,0.20047577361615515,60.0,0.6301408410072327,0.2681822180747986,880.4088999995656,446.15040000007866
Teste coupling.txt,458.0,0.018640965680647232,75.0,2.085031509399414,0.5184620022773743,873.3174999997573,469.3776000003709
Teste coupling.txt,463.0,0.3961262020289404,75.0,0.24559065699577332,0.5026784539222717,867.6027000001341,459.44950000011886
Teste coupling.txt,468.0,0.3813781523781972,60.0,0.5462017059326172,0.40169382095336914,857.7041999997164,488.12380000072153
Teste coupling.txt,473.0,0.5397192182506617,75.0,0.4230320453643799,0.3158641755580902,866.587299999992,465.3344999996989
Zero.txt,8.0,0.08155728187308958,60.0,0.4272640347480774,0.3652859926223755,888.228099999651,460.8331999997972
Zero.txt,13.0,0.48342740614725954,60.0,0.3744363784790039,0.3026684522628784,871.4508000002752,456.97930000005726
Zero.txt,18.0,0.3871421265798707,60.0,0.5431169271469116,0.19743111729621887,863.7435000000551,450.82780000029743
Zero.txt,23.0,0.3218385384123291,60.0,0.027300752699375153,0.13917280733585358,864.6742000000813,451.42419999956473
Zero.txt,28.0,0.3738555554679122,60.0,0.4917256534099579,0.33995476365089417,870.8246999995026,462.19249999921885
Zero.txt,33.0,0.50160757367136,60.0,0.22752590477466583,0.40143629908561707,874.468999999408,456.0386000002836
Zero.txt,38.0,0.5748936854737843,60.0,0.18649794161319733,0.2705155909061432,883.3295000004,464.0673000003517
Zero.txt,43.0,0.35399256456013706,60.0,0.4354969263076782,0.35032084584236145,963.2172999999966,476.671699999315
Zero.txt,48.0,0.1773905274081164,75.0,0.4657181203365326,0.4046522080898285,950.8476000000883,482.12149999926623
Zero.txt,53.0,0.37909808536147965,75.0,0.3142503798007965,0.22809208929538727,854.7730000000229,475.7002000005741
Zero.txt,58.0,0.36231701875095995,75.0,0.47916197776794434,0.3914540112018585,864.0463000001546,456.18629999989935
Zero.txt,63.0,0.3429285402311727,60.0,0.5718238949775696,0.3440510332584381,883.6439999995491,482.21469999953115
ZeroL2.txt,8.0,0.7591596189668158,90.0,0.2417881041765213,0.3716198205947876,920.2275999996345,487.31619999944087
ZeroL2.txt,13.0,0.8655700544844248,75.0,0.45083683729171753,0.4957069754600525,894.6246000004976,532.9211999996915
ZeroL2.txt,18.0,0.8555532310002011,90.0,0.11316710710525513,0.1826051026582718,915.0030000000697,531.9209999997838
ZeroL2.txt,23.0,0.5012302441817544,75.0,0.9142354130744934,0.8488762378692627,915.6798000003619,534.808499999599
ZeroL2.txt,28.0,0.6649311396637696,75.0,0.2755226492881775,0.3054717779159546,947.5338000002012,568.9488999996684
ZeroL2.txt,33.0,0.7093772636977054,75.0,0.19400516152381897,0.33685171604156494,820.0660000002244,548.5617000003913
ZeroL2.txt,38.0,0.8185826843939785,75.0,0.5875554084777832,0.4435172975063324,808.5274000004574,529.819999999745
ZeroL2.txt,43.0,0.8507184845902449,90.0,0.27702584862709045,0.2584916651248932,824.7402000006332,558.6431000001539
ZeroL2.txt,48.0,0.7092961777494118,90.0,0.27788591384887695,0.23382717370986938,801.07500000031,585.0987000003443
ZeroL2.txt,53.0,0.5650559275827166,105.0,0.729484498500824,0.5716720819473267,771.6261000005034,571.0023000001456
ZeroL2.txt,58.0,0.6893110563955885,105.0,0.3834775686264038,0.4705858528614044,779.5210000003863,577.1110999994562
ZeroL3.txt,8.0,0.42297176972886547,90.0,0.6499455571174622,0.38105905055999756,766.1383000004207,565.0567000002411
ZeroL3.txt,13.0,0.10017442731030442,105.0,0.14734657108783722,0.2760127782821655,823.4115000004749,615.1595999999699
ZeroL3.txt,18.0,0.3386376806064299,105.0,0.21293646097183228,0.64546138048172,755.6158999996114,573.2417999997779
ZeroL3.txt,23.0,0.7717425216933912,90.0,0.4403557777404785,0.33026930689811707,753.2129999999597,586.7063999994571
ZeroL3.txt,28.0,0.8436022094821035,75.0,0.3122604787349701,0.3155542314052582,755.3330000000642,608.0502999993769
ZeroL3.txt,33.0,0.8124903528996038,75.0,0.4482838213443756,0.45499932765960693,752.4567999998908,606.5748999999414
ZeroL3.txt,38.0,0.8255006362220534,75.0,0.3469478487968445,0.34464290738105774,720.7678000004307,614.7106000007625
ZeroL3.txt,43.0,0.8066456522967789,75.0,0.05572252720594406,0.3295937776565552,728.3387999996194,611.1666000006153
ZeroL3.txt,48.0,0.8365934680833226,75.0,0.4489160478115082,0.30777376890182495,699.513499999739,632.2877000002336
ZeroL3.txt,53.0,0.7526402041919392,90.0,0.44364914298057556,0.3558385372161865,689.0444000000571,619.3303999998534
ZeroL3.txt,58.0,0.7520903109314261,90.0,0.10833894461393356,0.11243985593318939,741.445599999679,645.0518999999986
coupling_protocol.txt,8.0,0.14846961874343434,75.0,0.39402395486831665,0.26586559414863586,786.6911999999502,682.616600000074
coupling_protocol.txt,13.0,0.08051217303196277,60.0,0.5809344053268433,0.29969871044158936,730.13390000051,661.0255000005054
coupling_protocol.txt,18.0,0.09728535037986911,60.0,0.1819964200258255,0.2649778425693512,689.7633999997197,633.9236000003439
coupling_protocol.txt,23.0,0.06711893822394559,60.0,0.25743645429611206,0.2597210705280304,716.4794000000256,624.920000000202
coupling_protocol.txt,28.0,0.11927746658779756,60.0,0.33613333106040955,0.439361572265625,715.5986999996458,615.3432999999495
coupling_protocol.txt,33.0,0.11334327293188212,60.0,0.2692584693431854,0.19487236440181732,702.74100000006,636.8483000005654
coupling_protocol.txt,38.0,0.1156869212752335,75.0,0.16299185156822205,0.3232748806476593,738.0016000006435,613.5919999996986
coupling_protocol.txt,43.0,0.08599739764475925,60.0,0.46599122881889343,0.25644731521606445,725.5125000001499,591.8897999999899
coupling_protocol.txt,48.0,0.08064751033320612,75.0,0.17652693390846252,0.4320736527442932,766.836400000102,598.6781000001429
coupling_protocol.txt,53.0,0.08976238482416347,60.0,0.18435360491275787,0.3174254596233368,765.7834999999977,570.4427999999098
coupling_protocol.txt,58.0,0.07951411122835468,60.0,0.279501736164093,0.28497883677482605,790.533499999583,580.2198999999746
coupling_protocol.txt,63.0,0.07707088230702877,60.0,0.282900869846344,0.4732802212238312,772.4026000005324,541.0127999994074
coupling_protocol.txt,68.0,0.12158347542855281,75.0,0.2704821527004242,0.3041399121284485,808.6269000004904,540.7550999998421
coupling_protocol.txt,73.0,0.4055788399042101,75.0,0.3503510057926178,0.2986706793308258,811.4316000001054,522.9952999998204
coupling_protocol.txt,78.0,0.3135640938170868,75.0,0.21887116134166718,0.33480358123779297,806.6596999997273,500.9285000005548
coupling_protocol.txt,83.0,0.41982412350472936,75.0,0.32739976048469543,0.28908029198646545,843.3209000004354,473.08109999994485
coupling_protocol.txt,88.0,0.34052088004720515,75.0,0.25693511962890625,0.3163871765136719,859.9216000002343,475.7700999998633
coupling_protocol.txt,93.0,0.3064076475560252,90.0,0.421331524848938,0.4263671040534973,922.830100000283,460.9973999995418
coupling_protocol.txt,98.0,0.06904187786144718,60.0,0.4000200927257538,0.34807509183883667,879.3366999998398,452.86960000066756
coupling_protocol.txt,103.0,0.04522844864710046,60.0,0.2718822658061981,0.18891069293022156,877.3225000004459,451.8212000002677
coupling_protocol.txt,108.0,0.014717137580193499,75.0,0.5478128790855408,0.40851595997810364,856.519500000104,455.14189999994414
coupling_protocol.txt,113.0,0.017568020149017694,75.0,0.0980977863073349,0.21175017952919006,1173.0469000003723,465.57639999991807
coupling_protocol.txt,118.0,0.015400394347738846,75.0,0.2819286584854126,0.6603308320045471,854.1966000002503,454.5568000003186
coupling_protocol.txt,123.0,0.014842272513775446,60.0,0.0943073183298111,0.4194871485233307,866.623900000377,445.57740000072954
coupling_protocol.txt,128.0,0.012684467712381575,60.0,0.537541389465332,0.7376526594161987,870.1152000003276,455.337999999756
coupling_protocol.txt,133.0,0.01026365192422772,75.0,0.4268874228000641,0.4731196165084839,863.4020999998029,450.0882000002093
coupling_protocol.txt,138.0,0.029922040242550865,75.0,0.3551308810710907,0.41117778420448303,887.5461000006908,453.4051999999065
coupling_protocol.txt,143.0,0.031047712795410708,60.0,1.6675976514816284,1.159393072128296,883.4779999997409,497.7232000001095
coupling_protocol.txt,148.0,0.005651218091919645,75.0,0.6339761018753052,0.8172261118888855,926.0147999993933,484.3655000004219
coupling_protocol.txt,153.0,0.0051941635618113855,75.0,0.28412818908691406,0.6159909963607788,970.1574000000619,473.01359999983106
coupling_protocol.txt,158.0,0.009202405217253826,60.0,0.9948662519454956,0.488924503326416,962.0305000007647,473.2114999997066
coupling_test2.txt,8.0,0.06326930585456846,75.0,0.8097092509269714,0.559912383556366,933.1683000000339,487.07959999956074
coupling_test2.txt,13.0,0.0652601308782822,75.0,0.21762466430664062,0.18960194289684296,921.4635999996972,451.92440000028
coupling_test2.txt,18.0,0.06098676729224806,75.0,0.1826980859041214,0.7022839188575745,845.2970000007554,455.9015000004365
coupling_test2.txt,23.0,0.065273137178105,75.0,0.2643605172634125,0.169218048453331,888.2112000001143,450.71740000003047
coupling_test2.txt,28.0,0.06716485376059464,75.0,0.13132311403751373,0.7818087339401245,852.1988000002239,454.13230000031035
coupling_test2.txt,33.0,0.07098492168872161,75.0,0.5861420035362244,0.3736197054386139,870.9254000004876,459.49949999976525
coupling_test2.txt,38.0,0.07570498173436546,75.0,0.43433159589767456,0.8704439401626587,830.2819000000454,455.51219999924797
coupling_test2.txt,43.0,0.07848958047497742,75.0,0.3578946888446808,0.6799679398536682,888.9272999995228,452.5437000002057
coupling_test2.txt,48.0,0.07921244416184813,75.0,0.27794724702835083,0.6116429567337036,846.8458000006649,455.08090000021184
coupling_test2.txt,53.0,0.05379725673274993,75.0,0.38069120049476624,0.8189049959182739,952.1604000001389,462.3467999999775
coupling_test2.txt,58.0,0.06532272443907294,75.0,0.2517857849597931,0.2379717230796814,882.1757999994588,457.50520000001416
coupling_test2.txt,63.0,0.2537669796292041,75.0,0.2531128525733948,0.2558678090572357,870.5263000001651,454.18379999955505
coupling_test2.txt,68.0,0.2620389705041295,60.0,0.3976137340068817,0.1173502504825592,847.7597999999489,464.84439999949245
coupling_test2.txt,73.0,0.14570505059742747,75.0,0.24163995683193207,0.20800386369228363,853.6493000001428,487.80249999981606
coupling_test2.txt,78.0,0.5430170093108283,75.0,0.45421648025512695,0.2514435648918152,823.6237000000983,484.41039999943314
coupling_test2.txt,83.0,0.5607889375769067,60.0,0.27565959095954895,0.3873377740383148,824.8554000001604,512.8660999998829
coupling_test2.txt,88.0,0.6407285463163873,75.0,0.2279631495475769,0.2771339416503906,807.6695999998265,510.1428999996642
coupling_test2.txt,93.0,0.681058230895003,75.0,0.19322256743907928,0.3186345398426056,791.6975999996794,524.3353999994724
coupling_test2.txt,98.0,0.6235487902786833,75.0,0.3037668764591217,0.2842262387275696,792.5968999998076,511.63650000034977
coupling_test2.txt,103.0,0.6822853288403753,75.0,0.22675134241580963,0.30528199672698975,794.5933999999397,513.7862999999925
coupling_test2.txt,108.0,0.5548044336069137,75.0,0.5888214707374573,0.5353535413742065,792.2316000003775,537.1377999999822
coupling_test2.txt,113.0,0.4547656217409892,60.0,0.23466861248016357,0.22504140436649323,775.8108000007269,529.8344000002544
coupling_test2.txt,118.0,0.5038879541704112,60.0,0.29251164197921753,0.22056138515472412,774.4817000002513,571.7937999997957
coupling_test2.txt,123.0,0.4959812775036706,60.0,0.3154674172401428,0.47166818380355835,776.3279000000693,581.0576000003493
coupling_test2.txt,128.0,0.5112653075862194,75.0,0.2885916829109192,0.19510971009731293,762.0434999998906,577.371100000164
coupling_test2.txt,133.0,0.5650391771810739,75.0,0.25645148754119873,0.29704248905181885,757.5471999998626,580.6298000006791
coupling_test2.txt,138.0,0.5046887064595674,75.0,0.3926841914653778,0.49668240547180176,753.0828999997539,552.7897000001758
e_desta.txt,8.0,0.0067902882812067,60.0,0.7543415427207947,0.5900682210922241,761.9463000000906,591.9036999994205
e_desta.txt,13.0,0.17860509522603138,60.0,0.34736940264701843,0.42251113057136536,745.7868000001326,601.1372000002666
e_desta.txt,18.0,0.36998859640236564,60.0,0.3034136891365051,0.31226012110710144,747.5942999999461,593.7296999991304
e_desta.txt,23.0,0.22229043298686507,60.0,0.3010036051273346,0.5223157405853271,748.341999999866,595.3225999992355
e_desta.txt,28.0,0.1703860666630573,60.0,0.2751900255680084,0.24836063385009766,721.8988000004174,612.0446999993874
e_desta.txt,33.0,0.09804683754692838,60.0,0.5893706679344177,0.5621138215065002,718.74360000038,586.1568000000261
e_desta.txt,38.0,0.07550563867484814,60.0,0.2449246048927307,0.17136020958423615,734.2232999999396,585.7975999997507
e_desta.txt,43.0,0.3275772009516934,75.0,0.49468642473220825,0.5365009307861328,743.0691999998089,594.1775999999663
e_desta.txt,48.0,0.08176583492529975,75.0,0.6986091136932373,0.577228844165802,735.9912000001714,591.8556000005992
e_desta.txt,53.0,0.0211603314069942,60.0,0.8001458048820496,0.6969004273414612,735.9674999997878,619.3959000001996
e_desta.txt,58.0,0.04656099456909039,75.0,1.3960150480270386,0.5585016012191772,770.8094999998139,590.0841000002401
e_desta.txt,63.0,0.12064101088969459,60.0,0.40252333879470825,0.3947675824165344,731.9798999997147,605.2146000001812
e_desta.txt,68.0,0.027868642898432636,60.0,0.688154935836792,0.8265113830566406,712.0227999994313,596.06789999998
e_desta.txt,73.0,0.22008928537707284,75.0,0.7515227198600769,0.9813098907470703,808.9946999998574,625.6065999996281
e_desta.txt,78.0,0.24827051717628393,75.0,0.2531718313694,0.33479899168014526,739.5754999997735,606.0009000002538
e_desta.txt,83.0,0.06366290417315665,75.0,0.661017656326294,0.46689245104789734,762.4479000005522,602.2769999999582
e_desta.txt,88.0,0.1495958820831254,75.0,0.754986584186554,0.6653369069099426,717.6386999999522,676.3831000007485
e_desta2.txt,8.0,0.0044286280125687165,60.0,0.5746327638626099,0.3821352422237396,750.0144999994518,659.4481000001906
e_desta2.txt,13.0,0.12385507546645846,75.0,0.33180567622184753,0.5655689239501953,713.4358000002976,645.0939999995171
e_desta2.txt,18.0,0.1480569803404022,90.0,0.4305097460746765,0.6723448038101196,710.5828000003385,676.003600000513
e_desta2.txt,23.0,0.17026836979827686,180.0,0.3389824330806732,0.8511049151420593,707.032899999831,611.258099999759
e_desta2.txt,28.0,0.2249801754887044,90.0,0.5252922177314758,0.7811323404312134,704.3033999998443,641.8547000002945
e_desta2.txt,33.0,0.1872933734451825,60.0,0.36553066968917847,0.43121111392974854,689.4400999999561,676.7319000000498
e_desta2.txt,38.0,0.05181602613554201,60.0,0.5664832592010498,0.5396003723144531,696.0872999998173,628.4393999994791
e_desta2.txt,43.0,0.12971980018351362,60.0,0.3687228858470917,0.3462066054344177,713.6772000003475,631.6059000000678
e_desta2.txt,48.0,0.06604967950538355,90.0,0.27983182668685913,0.21887506544589996,699.3966,618.086299999959
e_desta2.txt,53.0,0.050714950626153464,60.0,0.28723928332328796,0.3671044707298279,676.9690999999511,609.9849000001996
e_desta2.txt,58.0,0.04153076639944648,60.0,0.728889524936676,0.6247649192810059,730.8321000000433,615.7776000000013
e_desta2.txt,63.0,0.03208722547925117,60.0,0.6713335514068604,0.653761625289917,695.8823000004486,600.7865000001402
e_desta2.txt,68.0,0.012737715947975733,75.0,0.7711162567138672,0.5921623110771179,737.5535000001037,580.6557999994766
e_desta2.txt,73.0,0.13345883783857235,90.0,0.21259768307209015,0.21897873282432556,742.642799999885,602.5612000003093
e_desta2.txt,78.0,0.059098949314124155,105.0,0.5239757299423218,0.5203716158866882,781.2420999998722,558.1448000002638
e_desta2.txt,83.0,0.05502353364626442,105.0,0.4416532516479492,0.41864877939224243,801.4414999997825,519.4815999993807
e_desta2.txt,88.0,0.10499881640038435,90.0,0.3383246064186096,0.28036847710609436,875.5466000002343,532.2934999994686
e_desta3.txt,8.0,0.09257507743576808,105.0,0.4185744822025299,0.2945104241371155,977.2933000003832,481.9831000004342
e_desta3.txt,13.0,0.07784715814491674,90.0,0.34629228711128235,0.5606604814529419,845.0265999999829,457.9446999996435
e_desta3.txt,18.0,0.10680734234610026,150.0,0.47498953342437744,0.7136648297309875,854.1395000002012,460.1299999994808
e_desta3.txt,23.0,0.11346006832486913,75.0,0.21434757113456726,0.5671242475509644,872.8713000000425,457.9383999998754
e_desta3.txt,28.0,0.08546669183519608,60.0,0.5081720352172852,0.6172674894332886,964.1905999997107,486.4021000003049
e_desta3.txt,33.0,0.0826587420013778,60.0,0.683799684047699,0.37138932943344116,941.595100000086,476.8875999998272
e_desta3.txt,38.0,0.011021763372824664,60.0,0.3593476414680481,0.35643431544303894,943.6897000005047,467.5403000001097
e_desta3.txt,43.0,0.0341755896779656,75.0,0.7225251793861389,0.9680749177932739,950.9790000001885,485.41279999972176
e_desta3.txt,48.0,0.04340341207552928,60.0,0.5145848989486694,0.7150450348854065,934.5289000002595,460.869300000013
e_desta3.txt,53.0,0.0,60.0,0.26157787442207336,0.5947768688201904,842.7802999995038,454.3625999995129
e_desta3.txt,58.0,0.0,60.0,1.2486653327941895,1.2920513153076172,914.9127999999109,465.826399999969
e_desta3.txt,63.0,0.062392847281941846,60.0,0.532183825969696,0.5240907073020935,911.6984000002049,493.26449999989563
e_desta3.txt,68.0,0.030517490266715467,60.0,1.2697550058364868,0.7034335732460022,867.2955000001821,449.73709999976563
e_desta3.txt,73.0,0.009096516721687837,90.0,0.06925228983163834,0.1934599131345749,861.6736000003584,449.2985000006229
e_desta3.txt,78.0,0.009538561521046264,90.0,0.06735754013061523,0.03524677827954292,973.8492999995287,475.57680000045366
e_desta3.txt,83.0,0.01204598330051328,90.0,0.06287367641925812,0.07495048642158508,934.2409000000771,473.51849999995466
e_desta3.txt,88.0,0.04898700595761376,90.0,0.40108805894851685,0.1434948593378067,950.6286000005275,477.6206999995338
e_desta4.txt,8.0,0.40517199826975986,75.0,0.7587499022483826,0.42164918780326843,941.6070000006584,480.77250000005733
e_desta4.txt,13.0,0.27469196664371637,60.0,0.7648190855979919,0.9108511805534363,956.6082999999708,470.92630000042845
e_desta4.txt,18.0,0.1462458548136718,60.0,0.56610506772995,0.4508916437625885,859.9499000001742,500.688999999511
e_desta4.txt,23.0,0.16650039081557907,60.0,0.4525693953037262,0.46465280652046204,867.6783999999316,446.841900000436
e_desta4.txt,28.0,0.3610634898716076,60.0,0.19620618224143982,0.2767195999622345,849.4688999999198,455.1829000001817
e_desta4.txt,33.0,0.041576479790822005,60.0,0.5031346082687378,2.0130248069763184,855.2992000004451,465.925900000002
e_desta4.txt,38.0,0.02680114815834341,60.0,0.6843844652175903,0.3466898202896118,858.2325999996101,451.55869999962306
e_desta4.txt,43.0,0.0301718711047267,60.0,0.7622624635696411,0.9954589009284973,852.3943000000145,451.56219999989844
e_desta4.txt,48.0,0.13407936727114156,60.0,0.4158518314361572,0.29299089312553406,837.2871000001396,452.7996000006169
e_desta4.txt,53.0,0.03679922907252439,60.0,0.21274837851524353,0.16020254790782928,831.7399999996269,452.9376999998931
e_desta4.txt,58.0,0.05429359911056875,75.0,0.49507439136505127,0.6403573155403137,876.4567000007446,452.8322999994998
e_desta4.txt,63.0,0.03370844677231504,75.0,0.6380840539932251,0.6365617513656616,855.2712000000611,451.09379999939847
e_desta4.txt,68.0,0.026328227672980598,75.0,0.5588117837905884,0.38250312209129333,849.3465999999898,450.6837999997515
e_desta4.txt,73.0,0.18546891222372283,90.0,0.5556831359863281,0.7859883904457092,863.3359999994354,455.10600000034174
e_desta4.txt,78.0,0.21361901696283217,75.0,0.42918992042541504,0.3381347358226776,841.9135999993159,455.88670000051934
e_desta4.txt,83.0,0.36954160826375765,75.0,0.8490694165229797,0.7923043966293335,845.9335999996256,457.7729000002364
e_desta4.txt,88.0,0.17289999978693465,60.0,0.4395468235015869,0.3861251473426819,838.3444999999483,457.6502999998411
opensignals_00078089802C_2026-01-09_11-41-44.txt,8.0,0.12918006273115631,180.0,0.21763090789318085,0.21885964274406433,867.3307999997633,458.80789999955596
opensignals_00078089802C_2026-01-09_11-41-44.txt,13.0,0.24160694905426083,180.0,0.9714765548706055,1.0087454319000244,811.4170999997441,467.8946000003634
opensignals_00078089802C_2026-01-09_11-41-44.txt,18.0,0.34336973562183637,60.0,0.44210636615753174,0.5339678525924683,856.0628999994151,495.99490000036894
opensignals_00078089802C_2026-01-09_11-41-44.txt,23.0,0.5680532804701538,75.0,0.28617405891418457,0.43710312247276306,815.5330999998114,487.9418999998961
opensignals_00078089802C_2026-01-09_11-41-44.txt,28.0,0.46441555703041704,60.0,0.5271477103233337,0.20274235308170319,820.9881999991921,498.6410000001342
opensignals_00078089802C_2026-01-09_11-41-44.txt,33.0,0.5874483988934687,60.0,0.21620970964431763,0.3476617634296417,811.4432000002125,501.6061999995145
opensignals_00078089802C_2026-01-09_11-41-44.txt,38.0,0.6362301868608112,75.0,0.4178561270236969,0.42060932517051697,803.7267999998221,512.932899999214
opensignals_00078089802C_2026-01-09_11-41-44.txt,43.0,0.4726142820333947,60.0,0.11792450398206711,0.17611074447631836,786.2385999997059,538.9104000005318
opensignals_00078089802C_2026-01-09_11-41-44.txt,48.0,0.5026892157232321,60.0,0.4167691767215729,0.26786744594573975,898.2083000000785,574.0210999992996
opensignals_00078089802C_2026-01-09_11-41-44.txt,53.0,0.518632470213941,60.0,0.3752861022949219,0.29570484161376953,886.7301000000225,549.756399999751
opensignals_00078089802C_2026-01-09_11-41-44.txt,58.0,0.6528458832017474,60.0,0.19885918498039246,0.29838067293167114,902.7663000006214,568.2685000001584
opensignals_00078089802C_2026-01-09_11-41-44.txt,63.0,0.36997278034462217,60.0,0.49633336067199707,0.270801842212677,840.8843000006527,572.670399999879
opensignals_00078089802C_2026-01-09_11-41-44.txt,68.0,0.04501796089339937,60.0,0.8384425044059753,0.5576902031898499,820.417300000372,577.7244000000792
opensignals_00078089802C_2026-01-09_11-41-44.txt,73.0,0.2983000738199097,60.0,0.19614507257938385,0.18649834394454956,782.0039000007455,583.6411000000226
opensignals_00078089802C_2026-01-09_11-41-44.txt,78.0,0.36153280172399044,150.0,0.19585660099983215,0.1975163072347641,751.234199999999,558.5011000002851
opensignals_00078089802C_2026-01-09_11-41-44.txt,83.0,0.39662680156700414,60.0,1.441030502319336,0.6274805068969727,751.6977000004772,574.6726999996099
opensignals_00078089802C_2026-01-09_11-41-44.txt,88.0,0.5598317703168441,60.0,0.35071247816085815,0.3535480797290802,746.0369000000355,560.9067999994295
opensignals_00078089802C_2026-01-09_11-41-44.txt,93.0,0.46278662551516275,90.0,0.24170321226119995,0.2105286419391632,752.5846999997157,570.5367000000479
opensignals_00078089802C_2026-01-09_11-41-44.txt,98.0,0.31898788521675936,60.0,0.4444926679134369,0.44910985231399536,751.5987000006135,540.3943999999683
opensignals_00078089802C_2026-01-09_11-41-44.txt,103.0,0.5406281009347595,120.0,0.4258290231227875,0.23529201745986938,774.2395000004763,580.9684000005291
opensignals_00078089802C_2026-01-09_11-41-44.txt,108.0,0.27283487453368716,60.0,0.40796804428100586,0.37075740098953247,812.389799999437,610.9728999999788
opensignals_00078089802C_2026-01-09_11-41-44.txt,113.0,0.15746022455319322,60.0,0.5029292106628418,0.456114798784256,831.0590999999476,576.87149999947
opensignals_00078089802C_2026-01-09_11-41-44.txt,118.0,0.13997964744910527,90.0,0.6095868349075317,0.6173210740089417,752.2872999998071,597.0766000000367
opensignals_00078089802C_2026-01-09_11-41-44.txt,123.0,0.17593163860621236,60.0,0.9440370202064514,0.8315000534057617,732.8268000001117,582.3225000003731
opensignals_00078089802C_2026-01-09_11-41-44.txt,128.0,0.08794834970579578,60.0,0.3304585814476013,0.3729115426540375,737.8878999998051,622.0124000001306
opensignals_00078089802C_2026-01-09_11-41-44.txt,133.0,0.1362469781326266,90.0,0.3037136197090149,0.32292434573173523,745.361999999659,595.8043000000544
opensignals_00078089802C_2026-01-09_11-41-44.txt,138.0,0.30433624839210593,60.0,0.44328105449676514,0.9757013320922852,730.5737999995472,589.0978000006726
opensignals_00078089802C_2026-01-09_11-41-44.txt,143.0,0.065672825252038,60.0,0.4467763602733612,0.3853549659252167,724.8719999997775,615.6425999997737
opensignals_00078089802C_2026-01-09_11-41-44.txt,148.0,0.08272413840508207,60.0,0.7001652121543884,0.5523726940155029,753.9465999998356,603.3935000004931
opensignals_00078089802C_2026-01-09_11-41-44.txt,153.0,0.0974815647820225,60.0,0.4255355894565582,0.4311741292476654,749.1386000001512,583.059300000059
opensignals_00078089802C_2026-01-09_11-41-44.txt,158.0,0.164790751939839,75.0,0.4903295338153839,0.4974591135978699,713.7111000001823,638.6181000007127
opensignals_00078089802C_2026-01-09_11-41-44.txt,163.0,0.12310628153758917,75.0,0.2729504108428955,0.1710413545370102,774.3209000000206,624.1225000003396
opensignals_00078089802C_2026-01-09_11-41-44.txt,168.0,0.18452637884698772,60.0,0.5486489534378052,0.25774085521698,705.2454999993643,597.671900000023
opensignals_00078089802C_2026-01-09_11-41-44.txt,173.0,0.11398946398422101,60.0,0.5796718001365662,0.43245282769203186,711.2382999994225,607.3365000002013
opensignals_00078089802C_2026-01-09_11-41-44.txt,178.0,0.4037464798888439,60.0,0.5846590399742126,0.5868257880210876,701.3483999999153,633.824800000184
opensignals_00078089802C_2026-01-09_11-41-44.txt,183.0,0.22900391311657986,60.0,0.6760820150375366,0.6854884028434753,701.1331000003338,639.018799999576
opensignals_00078089802C_2026-01-09_11-41-44.txt,188.0,0.08672131938890952,60.0,0.5532695055007935,0.7795155644416809,692.3701999994591,656.613500000276
opensignals_00078089802C_2026-01-09_11-41-44.txt,193.0,0.21635655950644034,60.0,0.3055202066898346,0.30503207445144653,684.5806000001176,613.1320000004052
opensignals_00078089802C_2026-01-09_11-41-44.txt,198.0,0.4063081229161952,60.0,0.22970160841941833,0.22958287596702576,698.3920999991824,605.2978000006988
opensignals_00078089802C_2026-01-09_11-41-44.txt,203.0,0.07565598097566918,60.0,0.7860779166221619,0.35117289423942566,709.6626000002288,607.2628000001714
opensignals_00078089802C_2026-01-09_11-41-44.txt,208.0,0.10671896723152778,60.0,0.4869411587715149,0.4861842393875122,707.2047000001476,641.3827999995192
opensignals_00078089802C_2026-01-09_11-41-44.txt,213.0,0.17260180384775062,60.0,0.8858736753463745,0.653738260269165,701.9647999995868,638.1013000000166
opensignals_00078089802C_2026-01-09_11-41-44.txt,218.0,0.22112553822628214,75.0,0.5030986070632935,0.5029394626617432,727.3267000000487,640.869400000156
opensignals_00078089802C_2026-01-09_11-41-44.txt,223.0,0.10076914209456495,90.0,1.7180309295654297,0.42930474877357483,712.8133999995043,629.0072000001601
opensignals_00078089802C_2026-01-09_11-41-44.txt,228.0,0.10905618708667904,60.0,0.5058785676956177,0.5080516934394836,722.2943000006126,611.3236000001052
opensignals_00078089802C_2026-01-09_11-41-44.txt,233.0,0.13361493379637723,60.0,0.3845919370651245,0.3548595905303955,698.6987000000227,609.8653999997623
opensignals_00078089802C_2026-01-09_11-41-44.txt,238.0,0.26342609012893564,60.0,0.3120920956134796,0.3156760334968567,697.5649999994857,637.3546000004353
opensignals_00078089802C_2026-02-06_12-13-17.txt,8.0,0.1263479771746328,60.0,0.4143334925174713,0.9163406491279602,713.9917999993486,598.968700000114
opensignals_00078089802C_2026-02-06_12-13-17.txt,13.0,0.09109485073732791,60.0,0.5351940393447876,0.4196913540363312,706.4164000003075,633.6868999997023
opensignals_00078089802C_2026-02-06_12-13-17.txt,18.0,0.07242000662786033,60.0,0.9011092782020569,0.8234636783599854,697.0003999995242,631.1476999999286
opensignals_00078089802C_2026-02-06_12-13-17.txt,23.0,0.0563088841196904,60.0,0.8052340149879456,0.6553041934967041,715.678300000036,623.1621999995696
opensignals_00078089802C_2026-02-06_12-13-17.txt,28.0,0.05297928477299572,60.0,0.6703631281852722,0.573617696762085,732.8078999998979,610.1643000001786
opensignals_00078089802C_2026-02-06_12-13-17.txt,33.0,0.05151799420988367,60.0,0.644681990146637,0.6312379240989685,713.2938000004287,621.3741999999911
opensignals_00078089802C_2026-02-06_12-13-17.txt,38.0,0.05697389044415831,60.0,0.5039573311805725,0.4418545961380005,729.9369000002116,595.7398000000467
opensignals_00078089802C_2026-02-06_12-13-17.txt,43.0,0.08798578680731511,60.0,0.3168625831604004,0.4774332344532013,750.1391999994667,581.0900999995283
opensignals_00078089802C_2026-02-06_12-13-17.txt,48.0,0.118581039699034,60.0,0.2898404896259308,0.4852601885795593,740.8153999995193,577.9167999999117
opensignals_00078089802C_2026-02-06_12-13-17.txt,53.0,0.05412508139148814,60.0,0.4623197317123413,0.9813041687011719,771.24189999995,554.0806999997585
opensignals_00078089802C_2026-02-06_12-13-17.txt,58.0,0.07412650226857187,60.0,0.27895915508270264,0.27997317910194397,812.465400000292,551.6895000000659
opensignals_00078089802C_2026-02-06_12-13-17.txt,63.0,0.0796297234852489,60.0,0.4721202850341797,0.44874826073646545,790.4644999998709,527.8495000002295
opensignals_00078089802C_2026-02-06_12-13-17.txt,68.0,0.07444837027161906,60.0,0.4287950396537781,0.45223468542099,803.0369999996765,527.991199999633
opensignals_00078089802C_2026-02-06_12-13-17.txt,73.0,0.10755684034094816,60.0,0.4107362926006317,1.0970497131347656,807.7454000003854,506.4924999996947
opensignals_00078089802C_2026-02-06_12-13-17.txt,78.0,0.10478998618522525,60.0,0.37814992666244507,0.5051978826522827,839.9201000001995,495.39090000052965
opensignals_00078089802C_2026-02-06_12-13-17.txt,83.0,0.15381035195767737,60.0,1.1726720333099365,0.22678597271442413,845.2227999996467,463.2720999998128
opensignals_00078089802C_2026-02-06_12-13-17.txt,88.0,0.059556135762965104,60.0,0.7250251770019531,1.1049456596374512,853.0330000003232,449.3179000000964
opensignals_00078089802C_2026-02-06_12-13-17.txt,93.0,0.09018543180784332,60.0,0.2836205065250397,0.24997128546237946,857.6079999993453,457.34449999963545
opensignals_00078089802C_2026-02-06_12-13-17.txt,98.0,0.08879176074168757,60.0,0.5399107933044434,1.1401880979537964,861.6668999993635,451.011500000277
opensignals_00078089802C_2026-02-06_12-13-17.txt,103.0,0.057705178729036855,60.0,0.19891692698001862,0.5454517602920532,863.6446999998952,439.4860000002154
opensignals_00078089802C_2026-02-06_12-13-17.txt,108.0,0.059587779753646146,60.0,0.36214742064476013,0.6611735820770264,860.3567000000112,454.49289999942266
opensignals_00078089802C_2026-02-06_12-13-17.txt,113.0,0.06064758544386673,75.0,0.47573062777519226,0.8647016882896423,862.3907999999574,447.78820000010455
opensignals_00078089802C_2026-02-06_12-13-17.txt,118.0,0.05356580364894572,75.0,0.6053434610366821,0.7155058979988098,858.1005000005462,446.52700000006007
opensignals_00078089802C_2026-02-06_12-13-17.txt,123.0,0.06606400854609928,60.0,1.0390548706054688,1.0900977849960327,870.2898999999888,450.1955000005182
opensignals_00078089802C_2026-02-06_12-13-17.txt,128.0,0.19399547193573072,60.0,0.6188629865646362,0.5391765832901001,850.9694000003947,454.84359999954904
opensignals_00078089802C_2026-02-06_12-13-17.txt,133.0,0.06312993575337202,60.0,0.7246586084365845,0.64183109998703,964.0236000004734,493.61039999985223
opensignals_00078089802C_2026-02-20_12-48-58.txt,8.0,0.5204533105403233,60.0,0.9079794883728027,0.6686200499534607,938.7553999995362,470.21719999975176
opensignals_00078089802C_2026-02-20_12-48-58.txt,13.0,0.4475686522144252,75.0,0.6453122496604919,0.3823196589946747,968.1591999997181,467.4002000001565
opensignals_00078089802C_2026-02-20_12-48-58.txt,18.0,0.4370406082461851,60.0,0.6549080014228821,0.38322097063064575,956.6139000007752,462.3724000002767
opensignals_00078089802C_2026-02-20_12-48-58.txt,23.0,0.41641963838263174,60.0,0.3537014424800873,0.6231123208999634,1070.9483000000546,483.80770000039774
opensignals_00078089802C_2026-02-20_12-48-58.txt,28.0,0.2339335109974226,60.0,0.2715812921524048,0.7543220520019531,941.35389999974,452.82769999994343
opensignals_00078089802C_2026-02-20_12-48-58.txt,33.0,0.2494830858446313,60.0,0.19079840183258057,0.1021917536854744,862.6446999996915,457.8132000006008
opensignals_00078089802C_2026-02-20_12-48-58.txt,38.0,0.21408801319980117,60.0,0.2390054315328598,0.3461315929889679,881.876999999804,468.3052999998836
opensignals_00078089802C_2026-02-20_12-48-58.txt,43.0,0.2651191276787967,60.0,0.31122738122940063,0.518744945526123,850.0312999995003,451.07959999950253
opensignals_00078089802C_2026-02-20_12-48-58.txt,48.0,0.20022163492243528,60.0,0.3407347798347473,0.2722334861755371,849.4346000006772,453.49289999921893
opensignals_00078089802C_2026-02-20_12-48-58.txt,53.0,0.27829219093592944,60.0,0.8338074684143066,0.9060698747634888,861.0283999996682,452.67560000047524
opensignals_00078089802C_2026-02-20_12-48-58.txt,58.0,0.2583112780592962,60.0,0.18349812924861908,0.2759917974472046,843.2938999994803,454.37700000002224
opensignals_00078089802C_2026-02-20_12-48-58.txt,63.0,0.23713678184649922,60.0,0.5244949460029602,0.5888521075248718,851.9878000006429,453.7762999998449
opensignals_00078089802C_2026-02-20_12-48-58.txt,68.0,0.20666464314685323,60.0,0.19759587943553925,0.3630400598049164,858.9262000004965,450.3812000002654
opensignals_00078089802C_2026-02-20_12-48-58.txt,73.0,0.2506046316743719,60.0,0.2919941246509552,0.791555643081665,848.0447000001732,455.02070000020467
opensignals_00078089802C_2026-02-20_12-48-58.txt,78.0,0.16478745416998414,60.0,0.37609580159187317,0.3049168884754181,853.2534999994823,453.9967999999135
opensignals_00078089802C_2026-02-20_12-48-58.txt,83.0,0.17724437027001702,60.0,0.3327558636665344,0.33348774909973145,858.0416000004334,464.23800000047777
opensignals_00078089802C_2026-02-20_12-48-58.txt,88.0,0.16400935106317172,60.0,0.4234575629234314,0.3020861744880676,882.5234000005366,456.5806000000521
opensignals_00078089802C_2026-02-20_12-48-58.txt,93.0,0.15701030367051821,60.0,0.22943010926246643,0.2279408872127533,859.5860000004905,463.70419999948354
opensignals_00078089802C_2026-02-20_12-48-58.txt,98.0,0.17085716340755103,60.0,0.21238751709461212,0.14501652121543884,812.1224000005896,477.90900000018155
opensignals_00078089802C_2026-02-20_12-48-58.txt,103.0,0.21247555757002454,60.0,0.24953769147396088,0.32855531573295593,844.1624999995838,481.0311000001093
opensignals_00078089802C_2026-02-20_12-48-58.txt,108.0,0.18642731358832568,60.0,0.29264119267463684,0.31040871143341064,838.4004999998069,485.3835000003528
opensignals_00078089802C_2026-02-20_12-48-58.txt,113.0,0.17145887525644132,60.0,0.24963870644569397,0.2731720805168152,821.4440000001559,493.90200000016193
opensignals_00078089802C_2026-02-20_12-48-58.txt,118.0,0.19099703684792704,60.0,0.1667259782552719,0.14810915291309357,824.7463999996398,495.2683999999863
opensignals_00078089802C_2026-02-20_12-48-58.txt,123.0,0.2004986135928737,60.0,0.2841578423976898,0.21910707652568817,808.3961000002091,497.8716000005079
opensignals_00078089802C_2026-02-20_12-48-58.txt,128.0,0.17075763293911772,60.0,0.18654461205005646,0.15376639366149902,792.3451000006025,507.0830000004207
opensignals_00078089802C_2026-02-20_12-48-58.txt,133.0,0.19578899848668452,60.0,0.3558484613895416,0.31077927350997925,798.0088000003889,500.51380000059
opensignals_00078089802C_2026-02-20_12-48-58.txt,138.0,0.26879565583203,60.0,0.3133576214313507,0.49629098176956177,793.5875000002852,495.2621000002182
opensignals_00078089802C_2026-02-20_12-48-58.txt,143.0,0.21572060916857078,60.0,0.3246946632862091,0.41173800826072693,808.5987000004025,506.10580000011396
opensignals_00078089802C_2026-02-20_12-48-58.txt,148.0,0.1555468698064162,60.0,0.2794731557369232,0.291277676820755,801.6383999993195,527.6145999996515
opensignals_00078089802C_2026-02-20_12-48-58.txt,153.0,0.18979546923167234,60.0,0.2697181701660156,0.30046772956848145,856.5918000003876,520.6986000002871
opensignals_00078089802C_2026-02-20_12-48-58.txt,158.0,0.16807727287852692,60.0,0.2539328932762146,0.2973814606666565,746.1397999995825,524.9892000001637
opensignals_00078089802C_2026-02-20_12-48-58.txt,163.0,0.18908449573743746,60.0,0.24119028449058533,0.13758163154125214,789.8007000003417,552.9574000001958
opensignals_00078089802C_2026-02-20_12-48-58.txt,168.0,0.21301187850340772,60.0,0.11862600594758987,0.17021000385284424,765.2801000003819,575.0480999995489
opensignals_00078089802C_2026-02-20_12-48-58.txt,173.0,0.18742917124572891,60.0,0.23755155503749847,0.5835795998573303,765.019299999949,548.1827999992674
opensignals_00078089802C_2026-02-20_12-48-58.txt,178.0,0.224994033911954,60.0,0.36406365036964417,0.40280166268348694,759.0730000001713,562.0134999999209
opensignals_00078089802C_2026-02-20_12-48-58.txt,183.0,0.1315924393883099,60.0,0.13539201021194458,0.5321906805038452,769.4729000004372,544.1172999999253
opensignals_00078089802C_2026-02-20_12-48-58.txt,188.0,0.19399759634889088,60.0,0.44359228014945984,0.32575666904449463,753.4030000006169,571.1714999997639
opensignals_00078089802C_2026-02-20_12-48-58.txt,193.0,0.2152270915744744,60.0,0.42760080099105835,0.4444548487663269,763.4361999998873,573.1636999998955
opensignals_00078089802C_2026-02-20_12-48-58.txt,198.0,0.16729769316737664,60.0,0.2534947991371155,0.3834838569164276,752.2905000005267,555.4684999997335
opensignals_00078089802C_2026-02-20_12-48-58.txt,203.0,0.15875775555977417,60.0,0.3720428943634033,0.5368087291717529,761.6011999998591,560.4523000001791
opensignals_00078089802C_2026-02-20_12-48-58.txt,208.0,0.17804537850671973,60.0,0.5350797176361084,0.31672072410583496,745.0112999995326,586.0771000006935
opensignals_00078089802C_2026-02-20_12-48-58.txt,213.0,0.15907511726310825,60.0,0.4454515278339386,0.332380473613739,755.051199999798,567.3894999999902
opensignals_00078089802C_2026-02-20_12-48-58.txt,218.0,0.1399993174551582,60.0,0.4134270250797272,0.2883884608745575,745.9883999999875,559.6526999997877
opensignals_00078089802C_2026-02-20_12-48-58.txt,223.0,0.11077222013948204,60.0,0.4853023290634155,0.4929366707801819,738.7864000002082,578.7147000000914
opensignals_00078089802C_2026-02-20_12-48-58.txt,228.0,0.13353019266388086,60.0,0.5199007987976074,0.8179675340652466,755.3961000003255,548.5496999999668
opensignals_00078089802C_2026-02-20_12-48-58.txt,233.0,0.12848036056709614,60.0,0.7142522931098938,0.8907366394996643,753.585500000554,544.7544999997262
opensignals_00078089802C_2026-02-20_12-48-58.txt,238.0,0.14484492598127022,60.0,0.7547034025192261,0.19649669528007507,766.0211000002164,549.7515000006388
opensignals_00078089802C_2026-04-17_11-41-52.txt,8.0,0.0004413851619709381,75.0,0.7702937722206116,0.6718853116035461,765.170699999544,603.1306000004406
opensignals_00078089802C_2026-04-17_11-41-52.txt,13.0,0.0004063111733027156,60.0,1.0392735004425049,0.38317522406578064,761.7451000005531,512.4433000000863
opensignals_00078089802C_2026-04-17_11-41-52.txt,18.0,0.0003335102529232999,60.0,0.3284247815608978,0.2229560762643814,752.8689000000668,523.8785999999891
opensignals_00078089802C_2026-04-17_11-41-52.txt,23.0,0.00021325101222309883,75.0,0.5282946825027466,0.5556361675262451,784.0288999996119,567.5160000000687
opensignals_00078089802C_2026-04-17_11-41-52.txt,28.0,0.14240034311516797,60.0,0.35795071721076965,0.21619369089603424,895.9684000001289,554.7225000000253
opensignals_00078089802C_2026-04-17_11-41-52.txt,33.0,0.09777002159919786,180.0,0.8000008463859558,0.47799429297447205,870.0072000001455,538.0256000007648
opensignals_00078089802C_2026-04-17_11-41-52.txt,38.0,0.0958667901668951,60.0,0.34770771861076355,0.26409050822257996,842.5444999993488,579.7768000002179
opensignals_00078089802C_2026-04-17_11-41-52.txt,43.0,0.028759217381409942,60.0,1.154251217842102,0.387923002243042,861.8326000005254,554.6944000006988
opensignals_00078089802C_2026-04-17_11-41-52.txt,48.0,0.00033253967743696706,75.0,0.27493375539779663,0.2427649199962616,836.7575000002034,573.6394999994445
opensignals_00078089802C_2026-04-17_11-41-52.txt,53.0,0.00022467660170097007,75.0,0.1204954981803894,0.11751490086317062,786.0964999999851,552.9006999995545
opensignals_00078089802C_2026-04-17_11-41-52.txt,58.0,0.0002472688131517004,75.0,0.8855410814285278,0.6008622646331787,764.3560000005891,560.0438000001304
opensignals_00078089802C_2026-04-17_11-41-52.txt,63.0,0.00026231600764251646,75.0,0.30353420972824097,0.3376287817955017,777.6723999995738,563.0854000000909
opensignals_00078089802C_2026-04-17_11-41-52.txt,68.0,0.0062997109422308645,90.0,0.2608181834220886,0.25773414969444275,737.6690999999482,547.2574999994322
opensignals_00078089802C_2026-04-17_11-41-52.txt,73.0,0.26945811773208717,75.0,0.2555482089519501,1.0125744342803955,719.0983000000415,549.5152000003145
opensignals_00078089802C_2026-04-17_11-41-52.txt,78.0,0.20117321942674282,75.0,0.6198577284812927,0.6879602670669556,741.642399999364,570.8506000000853
opensignals_00078089802C_2026-04-17_11-41-52.txt,83.0,0.20336056712116032,105.0,0.38719817996025085,0.3960387706756592,768.497699999898,586.983500000315
opensignals_00078089802C_2026-04-17_11-41-52.txt,88.0,0.3287837370447664,90.0,0.8312431573867798,1.0502123832702637,755.4658999997628,561.900799999421
opensignals_00078089802C_2026-04-17_11-41-52.txt,93.0,0.0033887233827707888,75.0,0.7607165575027466,0.24978017807006836,774.4740999996793,592.5445000002583
opensignals_00078089802C_2026-04-17_11-41-52.txt,98.0,0.0015493088578540503,75.0,0.5143597722053528,0.36448195576667786,822.8477000002385,566.1008000006404
opensignals_00078089802C_2026-04-17_11-41-52.txt,103.0,0.00036941631151339105,60.0,0.24793076515197754,0.4148433208465576,767.999200000304,614.2722999993566
opensignals_00078089802C_2026-04-17_11-41-52.txt,108.0,0.000866899501707422,60.0,0.46575644612312317,0.4590090215206146,768.355000000156,616.684599999644
opensignals_00078089802C_2026-04-17_11-41-52.txt,113.0,0.0019461523094120158,60.0,0.5240760445594788,0.38603323698043823,749.9428000000989,582.2707999996055
opensignals_00078089802C_2026-04-17_11-41-52.txt,118.0,0.0006287037653815688,60.0,0.5918002128601074,0.542460024356842,753.5999000001539,619.6445999994467
opensignals_00078089802C_2026-04-17_11-41-52.txt,123.0,0.0008922034075159721,60.0,0.4743293523788452,0.28894591331481934,850.8439999995971,630.4053000003478
opensignals_00078089802C_2026-04-17_11-41-52.txt,128.0,0.00014190448643294993,75.0,0.7601020336151123,0.29368752241134644,844.2310000000361,628.2952999999907
opensignals_00078089802C_2026-04-17_11-41-52.txt,133.0,0.00011313986481906683,75.0,0.28114157915115356,0.4162721037864685,790.1093000000401,588.7400999999954
opensignals_00078089802C_2026-04-17_11-41-52.txt,138.0,0.0004909730822723878,75.0,0.25525417923927307,0.5504260063171387,758.881100000508,604.997800000092
opensignals_00078089802C_2026-04-17_11-41-52.txt,143.0,0.0004000106460136271,75.0,0.24296367168426514,0.2222771793603897,728.9713999998639,639.6761000005426
opensignals_00078089802C_2026-04-17_11-41-52.txt,148.0,0.0017129741086747527,60.0,0.47127336263656616,0.40759268403053284,733.3661000002394,596.8143000000055
opensignals_00078089802C_2026-04-17_11-41-52.txt,153.0,0.002402438512796558,75.0,0.20969483256340027,0.20987173914909363,729.0850999997929,622.6642999999967
opensignals_00078089802C_2026-04-17_11-41-52.txt,158.0,0.4730776176060936,105.0,0.3081109821796417,0.4832932949066162,726.6329999993104,640.8420000007027
opensignals_00078089802C_2026-04-17_11-41-52.txt,163.0,0.03349323800315779,60.0,0.7491693496704102,1.0199977159500122,716.8093000000226,625.0368999999409
opensignals_00078089802C_2026-04-17_11-41-52.txt,168.0,0.0002596467369905168,75.0,0.2804092764854431,0.3273841142654419,734.3097999992096,654.7073000001546
opensignals_00078089802C_2026-04-17_11-41-52.txt,173.0,0.010922081278647439,60.0,0.7166963219642639,0.7647001147270203,719.0032999997129,642.7347999997437
opensignals_00078089802C_2026-04-17_11-41-52.txt,178.0,0.004375519819259912,60.0,0.5569297075271606,1.523707628250122,702.7327999994668,610.2610000007189
opensignals_00078089802C_2026-04-17_11-41-52.txt,183.0,0.0016346226529469446,60.0,0.3883558213710785,0.33620280027389526,709.8862000002555,637.5826999992569
opensignals_00078089802C_2026-04-17_11-41-52.txt,188.0,0.0013641884841561936,60.0,0.9321439862251282,0.8149372935295105,728.0856999996104,669.2861000001358
opensignals_00078089802C_2026-04-17_11-41-52.txt,193.0,0.0019118232583317024,60.0,1.2861491441726685,0.3976024389266968,673.3899999999267,638.5498999998163
opensignals_00078089802C_2026-04-17_11-41-52.txt,198.0,0.0012551050137655393,60.0,0.5693124532699585,0.47246649861335754,695.8502999996199,659.9554000003991
opensignals_00078089802C_2026-04-17_11-41-52.txt,203.0,0.0009614636677963371,60.0,0.33114513754844666,0.2978684902191162,688.850999999886,656.0167999996338
opensignals_00078089802C_2026-04-17_11-41-52.txt,208.0,0.12863697666288468,60.0,0.41307297348976135,0.13748998939990997,688.2981999997355,643.3207999998558
opensignals_00078089802C_2026-04-17_11-41-52.txt,213.0,0.00432189872720034,60.0,0.8946622014045715,0.6128644347190857,703.7979999995514,611.9367999999668
opensignals_00078089802C_2026-04-17_11-41-52.txt,218.0,0.006258923191227147,60.0,0.4145578444004059,0.374277800321579,706.6451999999117,639.2970999995669
opensignals_00078089802C_2026-04-17_11-41-52.txt,223.0,0.002556312047022662,90.0,0.7437706589698792,0.2615123391151428,712.8809000005276,670.592299999953
opensignals_00078089802C_2026-04-17_11-41-52.txt,228.0,0.0028939121221528714,60.0,0.5683199167251587,0.5726783275604248,722.8683000003002,644.6144000001368
opensignals_00078089802C_2026-04-17_11-41-52.txt,233.0,0.0013952791378421313,60.0,1.141564130783081,1.086465835571289,729.9941999999646,619.1953999996258
opensignals_00078089802C_2026-04-17_11-41-52.txt,238.0,0.0007119124021254563,75.0,0.926216721534729,0.7396546006202698,737.9471999993257,620.1344999999492
opensignals_00078089802C_2026-04-17_11-41-52.txt,243.0,0.0005942055959770241,75.0,0.37116843461990356,0.6051455736160278,692.4659999995129,630.87859999996
opensignals_00078089802C_2026-04-17_11-46-05.txt,8.0,0.00016152494128190208,75.0,0.7492952346801758,0.8703786730766296,744.2698000004384,599.0723000004436
opensignals_00078089802C_2026-04-17_11-46-05.txt,13.0,0.00018276928625250683,75.0,0.5300130844116211,0.7505794763565063,751.1232000006203,606.6468999997596
opensignals_00078089802C_2026-04-17_11-46-05.txt,18.0,0.00014251842851482346,60.0,0.2585074305534363,0.4801013171672821,759.465099999943,574.5342000000164
opensignals_00078089802C_2026-04-17_11-46-05.txt,23.0,0.0020855510775051266,60.0,0.5906850695610046,0.5895410776138306,797.5844000002326,566.4248000002772
opensignals_00078089802C_2026-04-17_11-46-05.txt,28.0,0.001740493492981816,60.0,0.366880863904953,0.5813183188438416,808.4963999999673,539.1757999996116
opensignals_00078089802C_2026-04-17_11-46-05.txt,33.0,0.00042596412274291666,90.0,0.39702850580215454,0.5994049906730652,823.5165999994933,516.0053999998127
opensignals_00078089802C_2026-04-17_11-46-05.txt,38.0,0.0003377572725335079,75.0,0.4619941711425781,0.41634389758110046,832.2383000004265,492.7809000000707
opensignals_00078089802C_2026-04-17_11-46-05.txt,43.0,0.00024165269780192401,75.0,0.5797675251960754,0.8546316623687744,866.2272999999914,457.7766000002157
opensignals_00078089802C_2026-04-17_11-46-05.txt,48.0,0.005151401085557226,60.0,0.30346807837486267,0.3117261528968811,848.8870000001043,470.434099999693
opensignals_00078089802C_2026-04-17_11-46-05.txt,53.0,0.0028862558545301466,150.0,0.2302267849445343,0.4640025198459625,855.8144999997239,455.95090000006167
opensignals_00078089802C_2026-04-17_11-46-05.txt,58.0,0.0054481265455593245,60.0,0.27347424626350403,0.30457645654678345,872.8768999999375,456.662900000083
opensignals_00078089802C_2026-04-17_11-46-05.txt,63.0,0.011867609213198193,60.0,0.3732970058917999,0.5101436972618103,872.0414000008532,463.4535999994114
opensignals_00078089802C_2026-04-17_11-46-05.txt,68.0,0.06370487719728174,75.0,0.4819375276565552,0.4650866985321045,886.6378000002442,459.2298000006849
opensignals_00078089802C_2026-04-17_11-46-05.txt,73.0,0.10532314613207566,75.0,0.7591014504432678,0.46565091609954834,885.8685999994123,467.1130999995512
opensignals_00078089802C_2026-04-17_11-46-05.txt,78.0,0.07270387172324834,60.0,0.6248059868812561,0.5142999291419983,902.3224000002301,457.018799999787
opensignals_00078089802C_2026-04-17_11-46-05.txt,83.0,0.05215790740470401,60.0,1.4204310178756714,0.2629074156284332,853.210900000704,453.4446999996362
opensignals_00078089802C_2026-04-17_11-46-05.txt,88.0,0.1241431795685001,90.0,0.5960046052932739,0.5696449875831604,857.7287000007345,449.9691000000894
opensignals_00078089802C_2026-04-17_11-46-05.txt,93.0,0.09151759409124126,75.0,0.7929584383964539,0.8155226707458496,852.6384999995571,449.3686000005255
opensignals_00078089802C_2026-04-17_11-46-05.txt,98.0,0.27075908630423257,75.0,0.42503467202186584,0.4387194514274597,873.1606999999713,450.42840000041906
opensignals_00078089802C_2026-04-17_11-46-05.txt,103.0,0.13682529563375104,60.0,0.42986413836479187,0.5194702744483948,875.1701000001049,453.80480000039825
opensignals_00078089802C_2026-04-17_11-46-05.txt,108.0,0.12971800732315283,60.0,1.4989997148513794,1.7067344188690186,876.7431000005672,449.77309999922
opensignals_00078089802C_2026-04-17_11-46-05.txt,113.0,0.08683957714121308,60.0,0.5852519869804382,0.7999283671379089,886.6060999998808,454.53790000010486
opensignals_00078089802C_2026-04-17_11-46-05.txt,118.0,0.05562088754797094,60.0,1.0625221729278564,1.0773712396621704,863.5092999993503,453.50409999991825
opensignals_00078089802C_2026-04-17_11-46-05.txt,123.0,0.07993455367777029,60.0,0.760713517665863,0.6076686382293701,1074.991499999669,485.5731999996351
opensignals_00078089802C_2026-04-17_11-46-05.txt,128.0,0.1445021805399217,75.0,0.6964930295944214,0.5301135182380676,988.1427999998778,477.8275999997277
opensignals_00078089802C_2026-04-17_11-46-05.txt,133.0,0.1869902700440331,75.0,0.5586962103843689,1.128530502319336,967.791799999759,476.10439999971277
opensignals_00078089802C_2026-04-17_11-46-05.txt,138.0,0.3028378722481493,75.0,0.3130899965763092,0.22530949115753174,939.6883999997954,479.2655000001105
opensignals_00078089802C_2026-04-17_11-46-05.txt,143.0,0.2615335751218548,60.0,0.4187564253807068,0.4806908369064331,955.156199999692,481.1815999992177
opensignals_00078089802C_2026-04-17_11-46-05.txt,148.0,0.14157805544205787,75.0,0.2733152508735657,0.3583377003669739,852.6641000007658,449.5662999997876
opensignals_00078089802C_2026-04-17_11-46-05.txt,153.0,0.2138584953757325,60.0,0.3742193877696991,0.34571585059165955,834.8188999998456,458.6287000001903
opensignals_00078089802C_2026-04-17_11-46-05.txt,158.0,0.4218955813869619,75.0,0.6785173416137695,0.5982787609100342,854.6113000002151,466.6842999995424
opensignals_00078089802C_2026-04-17_11-46-05.txt,163.0,0.2184648052416286,60.0,0.30751022696495056,0.32048195600509644,863.5422999996081,460.6996000002255
opensignals_00078089802C_2026-04-17_11-46-05.txt,168.0,0.3115078973604541,75.0,0.34275904297828674,0.41710740327835083,840.1337000004787,455.04280000022845
opensignals_00078089802C_2026-04-17_11-46-05.txt,173.0,0.24699489774925062,60.0,0.5130221247673035,0.5397685766220093,846.0746999999174,453.9000999993732
opensignals_00078089802C_2026-04-17_11-46-05.txt,178.0,0.32652199937637755,60.0,0.41649091243743896,0.4462154805660248,841.2756999996418,474.40050000022893
opensignals_00078089802C_2026-04-17_11-46-05.txt,183.0,0.15253474458649394,75.0,0.38531872630119324,0.284481406211853,855.3846999993766,480.1530000004277
opensignals_00078089802C_2026-04-17_11-46-05.txt,188.0,0.11095394010719907,90.0,0.3374306261539459,0.25968584418296814,867.5601999993887,482.7666999999565
opensignals_00078089802C_2026-04-17_11-46-05.txt,193.0,0.11395819499178036,75.0,0.29670900106430054,0.4156377911567688,825.3873000003296,484.38769999938813
opensignals_00078089802C_2026-04-17_11-46-05.txt,198.0,0.24647351053501157,60.0,0.2617648243904114,0.29029685258865356,829.2042000002766,501.1397999996916
opensignals_00078089802C_2026-04-17_11-46-05.txt,203.0,0.254027514261692,75.0,0.947674572467804,1.302679419517517,789.2617000006794,504.33499999962805
opensignals_00078089802C_2026-04-17_11-46-05.txt,208.0,0.21047660578909672,75.0,0.45343005657196045,0.1894140988588333,796.333099999174,531.8785999997999
opensignals_00078089802C_2026-04-17_11-46-05.txt,213.0,0.0830483933598029,75.0,0.4687930643558502,0.2845604717731476,849.2719999994733,513.0513999993127
opensignals_00078089802C_2026-04-17_11-46-05.txt,218.0,0.11500769891481591,60.0,0.6151172518730164,0.7432710528373718,994.0575000000536,509.0343000001667
opensignals_00078089802C_2026-04-17_11-46-05.txt,223.0,0.06968301366018649,60.0,0.28100815415382385,0.5987342000007629,817.2979000000851,513.4267000003092
opensignals_00078089802C_2026-04-17_11-46-05.txt,228.0,0.07583344434807075,60.0,0.5461972951889038,0.5828126072883606,796.4413999998214,545.2790999997887
opensignals_00078089802C_2026-04-17_11-53-12.txt,8.0,0.05183309862675942,75.0,0.4975661337375641,0.4623351991176605,935.4221000003236,527.783499999714
opensignals_00078089802C_2026-04-17_11-53-12.txt,13.0,0.04451681113912948,75.0,0.6195098757743835,0.5961581468582153,752.6784000001498,562.7784999996948
opensignals_00078089802C_2026-04-17_11-53-12.txt,18.0,0.175585950056222,60.0,0.37575188279151917,0.3640063405036926,786.494699999821,530.8156000000963
opensignals_00078089802C_2026-04-17_11-53-12.txt,23.0,0.03400616601943304,75.0,0.7222254872322083,0.6781663298606873,856.9324000000051,541.4463000006435
opensignals_00078089802C_2026-04-17_11-53-12.txt,28.0,0.04117035299130991,75.0,0.24073490500450134,0.45895838737487793,806.1281999998755,544.9578000007023
opensignals_00078089802C_2026-04-17_11-53-12.txt,33.0,0.038588218545380436,60.0,0.2796303331851959,0.5597206354141235,766.2293000003046,533.4041000005527
opensignals_00078089802C_2026-04-17_11-53-12.txt,38.0,0.05657539097725855,60.0,0.3457360863685608,0.35130631923675537,743.0662999995548,537.09070000059
opensignals_00078089802C_2026-04-17_11-53-12.txt,43.0,0.14126555681942732,60.0,0.9971862435340881,1.0174537897109985,803.8180999992619,537.8216999997676
opensignals_00078089802C_2026-04-17_11-53-12.txt,48.0,0.07856852424084772,60.0,0.5980997681617737,1.5896600484848022,819.359600000098,570.8807999999408
opensignals_00078089802C_2026-04-17_11-53-12.txt,53.0,0.46395404702193066,60.0,1.1019976139068604,1.0786490440368652,789.2185000000609,553.5279000005175
opensignals_00078089802C_2026-04-17_11-53-12.txt,58.0,0.29894175727921435,90.0,0.42379045486450195,0.5274304151535034,773.9221000001635,593.6479000001782
opensignals_00078089802C_2026-04-17_11-53-12.txt,63.0,0.19158784267380846,75.0,0.5904539227485657,0.4683170020580292,757.1622999994361,556.0052999999243
opensignals_00078089802C_2026-04-17_11-53-12.txt,68.0,0.3752372613577456,60.0,0.720561146736145,0.5058891177177429,751.214599999912,552.9923000003691
opensignals_00078089802C_2026-04-17_11-53-12.txt,73.0,0.28558193825974476,75.0,0.44582998752593994,0.5956087112426758,794.2159000003812,565.3155999998489
opensignals_00078089802C_2026-04-17_11-53-12.txt,78.0,0.18516238789339554,75.0,0.5826572775840759,0.6943360567092896,751.4889000003677,572.3421000002418
opensignals_00078089802C_2026-04-17_11-53-12.txt,83.0,0.2530906119268503,75.0,0.2641991674900055,0.2868361175060272,785.957299999609,551.6949000002569
opensignals_00078089802C_2026-04-17_11-53-12.txt,88.0,0.1862980258957915,75.0,0.588488757610321,0.5040693879127502,780.550200000107,577.1147999994355
opensignals_00078089802C_2026-04-17_11-53-12.txt,93.0,0.32416360053318877,75.0,0.32846125960350037,0.5000221729278564,753.9106999993237,567.4466999998913
opensignals_00078089802C_2026-04-17_11-53-12.txt,98.0,0.38527512469006975,90.0,0.408968985080719,0.4811398684978485,755.3800999994564,578.2031000007919
opensignals_00078089802C_2026-04-17_11-53-12.txt,103.0,0.3704689197638464,90.0,0.5711065530776978,0.47189706563949585,756.69950000065,599.7382000005018
opensignals_00078089802C_2026-04-17_11-53-12.txt,108.0,0.1819707328669772,60.0,0.36422306299209595,0.2558545172214508,753.4274999998161,638.5056999997687
opensignals_00078089802C_2026-04-17_11-53-12.txt,113.0,0.2596913469600217,60.0,0.4839199185371399,0.4201919436454773,791.6180000001987,628.9107000002332
opensignals_00078089802C_2026-04-17_11-53-12.txt,118.0,0.06170256098155529,75.0,0.4405754804611206,0.5642128586769104,742.5700000003417,595.5177000005278
opensignals_00078089802C_2026-04-17_11-53-12.txt,123.0,0.08033001934781658,75.0,0.26212361454963684,0.39184844493865967,739.9670999993759,672.9107999999542
opensignals_00078089802C_2026-04-17_11-53-12.txt,128.0,0.045121404496208,75.0,0.46468159556388855,0.6723373532295227,725.0884999994014,647.0962000003055
opensignals_00078089802C_2026-04-17_11-53-12.txt,133.0,0.016804608697951515,105.0,0.6522802114486694,0.6268136501312256,715.6012999994346,648.326100000304
opensignals_00078089802C_2026-04-17_11-53-12.txt,138.0,0.24581246753790315,90.0,0.40913617610931396,0.36535942554473877,707.937000000129,627.5851999998849
opensignals_00078089802C_2026-04-17_11-53-12.txt,143.0,0.3048601045042362,105.0,0.19692179560661316,0.5264447331428528,713.0165000007764,615.1987000002919
opensignals_00078089802C_2026-04-17_11-53-12.txt,148.0,0.18188865728125286,60.0,0.5491570234298706,0.40230444073677063,723.03329999977,675.3288999998404
opensignals_00078089802C_2026-04-17_11-53-12.txt,153.0,0.13591997015126794,60.0,0.2744518518447876,0.23154819011688232,850.6540999997014,673.1924000005165
opensignals_00078089802C_2026-04-17_11-53-12.txt,158.0,0.16483052058374856,75.0,0.40169060230255127,0.1917637586593628,747.2195000000283,675.1957999995284
opensignals_00078089802C_2026-04-17_11-53-12.txt,163.0,0.11150236982194983,60.0,0.5023333430290222,0.49097397923469543,817.3625999997967,647.5906000005125
opensignals_00078089802C_2026-04-17_11-53-12.txt,168.0,0.09197766361793125,60.0,0.7056390047073364,0.5871448516845703,808.3742999997412,659.2146000002685
opensignals_00078089802C_2026-04-17_11-53-12.txt,173.0,0.08935212043432537,90.0,0.5710806250572205,0.35773372650146484,813.3963999998741,639.1991999998936
opensignals_00078089802C_2026-04-17_11-53-12.txt,178.0,0.09607301687717151,75.0,0.5590136647224426,0.49187108874320984,818.0308000000878,621.43610000021
opensignals_00078089802C_2026-04-17_11-53-12.txt,183.0,0.14285116824728658,75.0,0.20987947285175323,0.26671332120895386,818.8866000000417,639.2010999998092
opensignals_00078089802C_2026-04-17_11-53-12.txt,188.0,0.15936619492267293,75.0,0.20049229264259338,0.14984527230262756,830.8926999998221,612.0708000007653
opensignals_00078089802C_2026-04-17_11-53-12.txt,193.0,0.11706530329866303,75.0,0.33260205388069153,0.3461344838142395,900.254700000005,630.0807999996323
opensignals_00078089802C_2026-04-17_11-53-12.txt,198.0,0.13962514183146313,60.0,0.8149117231369019,0.6221800446510315,884.9410000002536,594.4380999999339
opensignals_00078089802C_2026-04-17_11-53-12.txt,203.0,0.09877417360010336,105.0,0.7752088308334351,1.5670654773712158,855.5998000001637,612.4085999999807
opensignals_00078089802C_2026-04-17_11-53-12.txt,208.0,0.04296728573249647,90.0,0.5366659164428711,0.5727698802947998,843.4435999997731,523.5312000004342
opensignals_00078089802C_2026-04-17_11-53-12.txt,213.0,0.49628060545080854,75.0,0.5237110257148743,0.5221849083900452,875.1042000003508,561.1453999999867
opensignals_00078089802C_2026-04-17_11-53-12.txt,218.0,0.33632137503020215,90.0,1.51516592502594,2.5066277980804443,900.1409000002241,653.9705000004687
opensignals_00078089802C_2026-04-17_11-53-12.txt,223.0,0.1575485007991126,105.0,0.26059412956237793,0.4061805307865143,842.191300000195,554.6242999998867
opensignals_00078089802C_2026-04-17_11-53-12.txt,228.0,0.23471483258254705,90.0,0.24562107026576996,0.20781826972961426,851.8717999995715,573.3564000001934
opensignals_00078089802C_2026-04-17_11-53-12.txt,233.0,0.4338598668016543,75.0,0.40281692147254944,0.2843913733959198,1010.8899999995629,491.6462999999567
opensignals_00078089802C_2026-04-17_11-53-12.txt,238.0,0.33310745532364,75.0,0.5517004728317261,0.9228575825691223,886.2179999996442,539.500599999883
opensignals_00078089802C_2026-04-17_11-53-12.txt,243.0,0.09762250269298964,75.0,0.7313910126686096,0.7467670440673828,1025.4390999998577,491.5821999993568
opensignals_00078089802C_2026-04-17_11-53-12.txt,248.0,0.12996564332372665,75.0,0.29643553495407104,0.23488378524780273,1042.1916000004785,523.8569000002826
opensignals_00078089802C_2026-04-17_11-53-12.txt,253.0,0.24695378420606576,75.0,0.6341918706893921,0.6998571753501892,1027.6899000000412,551.183000000492
opensignals_00078089802C_2026-04-17_11-53-12.txt,258.0,0.2935596537929102,60.0,0.31958192586898804,0.5541281700134277,1034.8842999992485,479.56150000027264
opensignals_00078089802C_2026-04-17_11-53-12.txt,263.0,0.1400271488744325,60.0,0.40756747126579285,0.6773826479911804,1131.155399999443,538.4525999998004
opensignals_00078089802C_2026-04-17_11-53-12.txt,268.0,0.23998514691671513,75.0,0.13069897890090942,0.25257840752601624,1042.8773000003275,579.0242000002763
opensignals_00078089802C_2026-04-17_11-53-12.txt,273.0,0.3983905264548514,60.0,0.5419660210609436,0.522663414478302,1256.9161000001259,519.9020999998538
opensignals_00078089802C_2026-04-17_11-53-12.txt,278.0,0.13102337432970765,60.0,0.5960286259651184,0.42830994725227356,1174.9767999999676,512.7230999996755
opensignals_00078089802C_2026-04-17_11-53-12.txt,283.0,0.11986648716143491,60.0,0.932072639465332,1.43751060962677,991.6652000001704,493.00700000003417
opensignals_00078089802C_2026-04-17_11-53-12.txt,288.0,0.3908153596310435,60.0,0.3426761329174042,0.24183547496795654,1178.0926000001273,501.6845000000103
opensignals_00078089802C_2026-04-17_11-53-12.txt,293.0,0.10503957196773468,60.0,1.1169397830963135,3.3985977172851562,1011.5053000008629,501.2234999994689
opensignals_00078089802C_2026-04-17_11-53-12.txt,298.0,0.0890510965737244,75.0,0.315517783164978,0.7260825037956238,933.3505000004152,503.95490000028076
opensignals_00078089802C_2026-04-17_11-53-12.txt,303.0,0.18089809549287292,60.0,0.5194457173347473,0.5252159237861633,1006.5826000000015,484.1764000002513
opensignals_00078089802C_2026-04-17_11-53-12.txt,308.0,0.21474776719152897,75.0,2.522535800933838,2.1616036891937256,1063.0050999998275,513.2687999994232
opensignals_00078089802C_2026-04-17_11-53-12.txt,313.0,0.07174424467512172,60.0,0.44862085580825806,0.3620339334011078,960.6103000005533,483.9722000006077
opensignals_00078089802C_2026-04-17_11-53-12.txt,318.0,0.09362858528564724,60.0,0.4666895568370819,0.4759393036365509,976.6235000006418,494.4279999999708
opensignals_00078089802C_2026-04-17_11-53-12.txt,323.0,0.07154369817571908,75.0,0.7063072919845581,0.48432594537734985,991.4557000001878,489.6393999997599
opensignals_00078089802C_2026-04-17_11-53-12.txt,328.0,0.14581049551030625,135.0,0.6156194806098938,0.5976997017860413,923.768800000289,512.4589999995806
opensignals_00078089802C_2026-04-17_11-53-12.txt,333.0,0.43717221222158825,120.0,0.30591416358947754,0.33430156111717224,904.8752999997305,476.54920000059064
opensignals_00078089802C_2026-04-17_11-53-12.txt,338.0,0.4313821871362572,60.0,0.4959157705307007,0.3668026626110077,952.2622999993473,522.9115000001912
opensignals_00078089802C_2026-04-17_11-53-12.txt,343.0,0.36826747019511646,90.0,0.5186658501625061,0.1725195199251175,927.5784999999814,517.2003999996377
opensignals_00078089802C_2026-04-17_11-53-12.txt,348.0,0.07143737183977325,75.0,0.42086875438690186,0.20403490960597992,916.3010000002032,564.7002999994584
opensignals_00078089802C_2026-04-17_11-53-12.txt,353.0,0.05007467068290406,75.0,1.0443024635314941,0.66658616065979,827.2551000000021,558.8840000000346
opensignals_00078089802C_2026-04-17_11-53-12.txt,358.0,0.04092575523838924,75.0,0.24513600766658783,0.28271549940109253,977.227700000185,594.3463999992673
opensignals_00078089802C_2026-04-17_11-53-12.txt,363.0,0.1405816553547167,90.0,0.9101163148880005,0.5324480533599854,891.6036000000531,547.3716000005879
opensignals_00078089802C_2026-04-17_11-53-12.txt,368.0,0.08120489808349995,75.0,0.34269973635673523,0.12202318012714386,900.755499999832,583.5409999999683
opensignals_00078089802C_2026-04-17_11-53-12.txt,373.0,0.11556124176843208,75.0,0.2608613073825836,0.4688869118690491,925.648700000238,567.0360000003711
opensignals_00078089802C_2026-04-17_11-53-12.txt,378.0,0.10504098346582003,75.0,0.2935655415058136,0.2943381071090698,928.0177999999069,647.712699999829
opensignals_00078089802C_2026-04-17_11-53-12.txt,383.0,0.20892744810198682,60.0,0.787564218044281,0.8616755604743958,996.5970999992351,624.2917999998099
opensignals_00078089802C_2026-04-17_11-53-12.txt,388.0,0.2346254093994334,90.0,2.171278476715088,4.396035671234131,934.5542999999452,659.9067999995896
opensignals_00078089802C_2026-04-17_11-53-12.txt,393.0,0.23866226497710644,90.0,0.4840935468673706,1.256610631942749,837.2675000000527,648.374800000056
opensignals_00078089802C_2026-04-17_11-53-12.txt,398.0,0.05123784199402985,90.0,0.4259506165981293,0.31975284218788147,850.2943000003143,651.165399999627
opensignals_00078089802C_2026-04-17_11-53-12.txt,403.0,0.04741497316454915,75.0,0.48182806372642517,0.32945939898490906,809.5674999995026,676.8366000005699
opensignals_00078089802C_2026-04-17_11-53-12.txt,408.0,0.07064912073338336,75.0,0.8555152416229248,0.5815111994743347,800.4781000008734,672.9689000003418
opensignals_00078089802C_2026-04-17_11-53-12.txt,413.0,0.08755571821748973,75.0,0.4278440475463867,0.29909247159957886,741.2186000001384,684.1384999997899
opensignals_00078089802C_2026-04-17_11-53-12.txt,418.0,0.05774744334118462,90.0,0.7096883058547974,0.3550526201725006,854.9851999996463,735.9436000006099
opensignals_00078089802C_2026-04-17_11-53-12.txt,423.0,0.039358896330346685,90.0,0.5014529228210449,0.5948821306228638,828.7928999998257,700.0692000001436
opensignals_00078089802C_2026-04-17_11-53-12.txt,428.0,0.026482471941183437,75.0,0.33545300364494324,0.32999512553215027,805.9461000002557,718.1656000002477
opensignals_00078089802C_2026-04-17_11-53-12.txt,433.0,0.018329900559975215,75.0,0.40928471088409424,0.6742047667503357,795.6366999997044,623.9269000006971
opensignals_00078089802C_2026-04-17_11-53-12.txt,438.0,0.07295525227706438,60.0,0.7588357329368591,0.7532332539558411,785.7991999999285,680.3825999995752
opensignals_00078089802C_2026-04-17_11-53-12.txt,443.0,0.08256858042457292,75.0,0.339720219373703,0.3908672332763672,798.7887999997838,639.2527999996673
opensignals_00078089802C_2026-04-17_11-53-12.txt,448.0,0.33303672384963057,60.0,0.6926555633544922,0.785590648651123,831.3172000007398,665.9202999999252
opensignals_00078089802C_2026-04-17_11-53-12.txt,453.0,0.49479043718928695,90.0,0.22852757573127747,0.23252037167549133,837.2338999997737,590.9363000000667
opensignals_00078089802C_2026-04-17_11-53-12.txt,458.0,0.4854848188110923,60.0,0.3658372163772583,0.3953332006931305,930.6774000006044,615.5841999998302
opensignals_00078089802C_2026-04-17_11-53-12.txt,463.0,0.48044966008749634,60.0,0.21565629541873932,0.2178904414176941,883.3878000004916,659.6503000000666
opensignals_00078089802C_2026-04-17_11-53-12.txt,468.0,0.2231464974129991,165.0,0.3861831724643707,0.3774971663951874,818.3325999998488,651.0397000001831
opensignals_00078089802C_2026-04-17_11-53-12.txt,473.0,0.23991832773254218,60.0,0.37014514207839966,0.49379631876945496,860.0382000004174,562.5405000000683
opensignals_00078089802C_2026-04-17_11-53-12.txt,478.0,0.0858389843756851,60.0,0.4079052805900574,0.3110486567020416,836.5094999999201,590.4213000003438
opensignals_00078089802C_2026-04-17_11-53-12.txt,483.0,0.5355314284496641,90.0,0.9929595589637756,0.35262054204940796,855.962499999805,627.1145999999135
opensignals_00078089802C_2026-04-17_11-53-12.txt,488.0,0.40054497994678867,90.0,0.3278377652168274,0.41271963715553284,851.8240000003061,580.1288000002387
opensignals_00078089802C_2026-04-17_11-53-12.txt,493.0,0.4384401368455096,90.0,0.3497811257839203,0.23385272920131683,881.1744000004182,592.3384999996415
opensignals_00078089802C_2026-04-17_11-53-12.txt,498.0,0.4592911785954992,90.0,0.17356769740581512,0.35545679926872253,936.558899999909,583.66819999992
opensignals_00078089802C_2026-04-17_11-53-12.txt,503.0,0.5287529129912312,90.0,0.34217530488967896,0.2793613374233246,887.0765000001484,585.0952999999208
opensignals_00078089802C_2026-04-17_11-53-12.txt,508.0,0.6203789844103034,75.0,0.21944354474544525,0.25869640707969666,926.664499999788,594.537300000411
opensignals_00078089802C_2026-04-17_11-53-12.txt,513.0,0.6574308261680207,90.0,0.20836903154850006,0.31684350967407227,1039.1136000007464,586.6998999999851
opensignals_00078089802C_2026-04-17_11-53-12.txt,518.0,0.6632966246699558,90.0,0.282018780708313,0.30522915720939636,933.5864000004221,553.0608999997639
opensignals_00078089802C_2026-04-17_11-53-12.txt,523.0,0.5473827391295921,90.0,0.2990049123764038,0.1532829999923706,910.1486999998087,571.9267000004038
opensignals_00078089802C_2026-04-17_11-53-12.txt,528.0,0.550628384150458,75.0,0.3576919734477997,0.4489666521549225,887.3813999998674,514.9827000004734
opensignals_00078089802C_2026-04-17_11-53-12.txt,533.0,0.6315579381623111,75.0,0.17350958287715912,0.22790448367595673,895.4533999994965,570.5022999991343
opensignals_00078089802C_2026-04-17_11-53-12.txt,538.0,0.4084018446643017,90.0,0.4769277572631836,0.3467513620853424,859.9800999991203,531.7700000005061
opensignals_00078089802C_2026-04-17_11-53-12.txt,543.0,0.4119997830905764,90.0,0.5551657676696777,0.3910548686981201,902.0815000003495,591.7127000002438
opensignals_00078089802C_2026-04-17_11-53-12.txt,548.0,0.37067983282385436,75.0,0.747900664806366,0.5071680545806885,889.6394000003056,573.0656999994608
opensignals_00078089802C_2026-04-17_11-53-12.txt,553.0,0.4479144574373558,75.0,0.3044561743736267,0.3020094335079193,877.8309999997873,584.5804999999018
opensignals_00078089802C_2026-04-17_11-53-12.txt,558.0,0.35817226239962496,60.0,0.32488781213760376,0.3839617967605591,873.3285000007527,545.2033999999912
opensignals_00078089802C_2026-04-17_11-53-12.txt,563.0,0.2727566047094098,75.0,0.45128151774406433,0.5466378331184387,906.4693999998781,545.4491999998936
opensignals_00078089802C_2026-04-17_11-53-12.txt,568.0,0.31620219526208004,75.0,0.271526575088501,0.23642145097255707,938.1953000001886,556.1473999996451
opensignals_00078089802C_2026-04-17_11-53-12.txt,573.0,0.2786496325581087,90.0,0.3288957476615906,0.26332658529281616,910.9703000003719,507.90760000018054
opensignals_00078089802C_2026-04-17_11-53-12.txt,578.0,0.4157485848346351,75.0,0.5368940830230713,0.4463619291782379,929.2672000001403,549.435099999755
opensignals_00078089802C_2026-04-17_11-53-12.txt,583.0,0.30864490747888096,75.0,0.7191805243492126,0.35640740394592285,984.0322000000015,504.0212000003521
opensignals_00078089802C_2026-04-17_11-53-12.txt,588.0,0.4174037825721158,75.0,0.4016360938549042,0.25476574897766113,1014.111800000137,496.9135000001188
opensignals_00078089802C_2026-04-17_11-53-12.txt,593.0,0.2884881430012365,60.0,0.26397424936294556,0.2787622809410095,930.0417999993442,517.6676000000953
opensignals_00078089802C_2026-04-17_11-53-12.txt,598.0,0.33713719747544085,75.0,0.7644590735435486,0.5917959213256836,937.1851000005336,530.7222999999794
opensignals_00078089802C_2026-04-17_11-53-12.txt,603.0,0.17559514813269675,75.0,0.43851473927497864,0.28407570719718933,978.4461999997802,470.4403999994611
opensignals_00078089802C_2026-04-17_11-53-12.txt,608.0,0.2694990230001115,75.0,0.2011934369802475,0.26497912406921387,929.7738000004756,520.7840000002761
opensignals_00078089802C_2026-04-17_11-53-12.txt,613.0,0.16393328004264193,90.0,0.4496349096298218,0.4813944101333618,967.4695999992764,546.9610999998622
opensignals_00078089802C_2026-04-17_11-53-12.txt,618.0,0.20245358485453235,75.0,0.6555120944976807,0.4941807985305786,1028.0517999999574,536.0171000002083
opensignals_00078089802C_2026-04-17_11-53-12.txt,623.0,0.20507115589351171,75.0,0.6145707964897156,0.4282674193382263,1060.0960000001578,492.3278999995091
opensignals_00078089802C_2026-04-17_11-53-12.txt,628.0,0.16719390219061914,75.0,0.36969584226608276,0.31148993968963623,1072.7143000003707,500.9658999997555
opensignals_00078089802C_2026-04-17_11-53-12.txt,633.0,0.21546519609264714,75.0,0.2885842025279999,0.3144075870513916,1052.7172000001883,487.43759999979375
opensignals_00078089802C_2026-04-17_11-53-12.txt,638.0,0.15590532165060092,90.0,0.3156353533267975,0.2824415862560272,1021.6369999998278,482.1294000003036
opensignals_00078089802C_2026-04-17_11-53-12.txt,643.0,0.23651336163108277,90.0,0.47972357273101807,0.41789016127586365,946.5593999993871,475.45940000054543
opensignals_00078089802C_2026-04-17_11-53-12.txt,648.0,0.25056963922911013,90.0,0.2486100047826767,0.2909245193004608,972.119300000486,522.0883000001777
opensignals_00078089802C_2026-04-17_11-53-12.txt,653.0,0.45938264610854584,90.0,0.21713224053382874,0.20819033682346344,991.2842000003366,468.36769999936223
opensignals_00078089802C_2026-04-17_11-53-12.txt,658.0,0.5105630957805501,150.0,0.24092966318130493,0.23178133368492126,1004.4987999999648,501.74930000048334
opensignals_00078089802C_2026-04-17_11-53-12.txt,663.0,0.30708288610874457,75.0,0.49649885296821594,0.30997443199157715,977.1741000004113,512.4989999994796
opensignals_00078089802C_2026-04-17_11-53-12.txt,668.0,0.2527685946378611,75.0,0.26431867480278015,0.2546476125717163,914.8175000000265,505.1786000003631
opensignals_00078089802C_2026-04-17_11-53-12.txt,673.0,0.3453835229760104,75.0,0.33221903443336487,0.30401676893234253,970.7459999999628,455.01039999999193
opensignals_00078089802C_2026-04-17_11-53-12.txt,678.0,0.2811808869631733,75.0,0.45829784870147705,0.36716461181640625,1023.1659000000946,450.4153000007136
opensignals_00078089802C_2026-04-17_11-53-12.txt,683.0,0.2620554042209742,75.0,0.7162753939628601,0.4105115830898285,947.1567000000505,516.1963999998989
opensignals_00078089802C_2026-04-17_11-53-12.txt,688.0,0.16981066424074495,75.0,1.0405590534210205,0.6682031750679016,877.0162999999229,489.0623000001142
opensignals_00078089802C_2026-04-17_11-53-12.txt,693.0,0.18878877076354317,90.0,0.28114038705825806,0.3806624114513397,985.8587999997326,455.64329999979236
opensignals_00078089802C_2026-04-17_11-53-12.txt,698.0,0.23566348256413033,75.0,0.7092909812927246,0.7335325479507446,997.4155999998402,507.4214000005668
opensignals_00078089802C_2026-04-17_11-53-12.txt,703.0,0.19727789481309355,75.0,0.28674963116645813,0.3858247697353363,897.2297000000253,521.0471000000325
opensignals_00078089802C_2026-04-17_11-53-12.txt,708.0,0.14488422061982872,75.0,1.0092171430587769,0.6619942784309387,931.339200000366,469.8710000002393
opensignals_00078089802C_2026-04-17_11-53-12.txt,713.0,0.2209039895053056,75.0,0.3970296084880829,0.26338574290275574,1009.5207000003938,456.8429999999353
opensignals_00078089802C_2026-04-17_11-53-12.txt,718.0,0.33895549648944723,75.0,0.28538838028907776,0.2687702178955078,951.3771000001725,520.1682999995683
opensignals_00078089802C_2026-04-17_11-53-12.txt,723.0,0.2103879078453888,75.0,0.4311676025390625,0.1735076606273651,880.3141000007599,504.40490000073623
opensignals_00078089802C_2026-04-17_11-53-12.txt,728.0,0.2353560323116265,75.0,0.31304416060447693,0.19053460657596588,976.0344999995141,448.1621000004452
opensignals_00078089802C_2026-04-17_11-53-12.txt,733.0,0.2655022548301118,75.0,0.3224761486053467,0.3344389796257019,1006.7801000004692,503.3114999996542
opensignals_00078089802C_2026-04-17_11-53-12.txt,738.0,0.06508113001545435,60.0,0.5745242238044739,0.6367971301078796,930.1077000000078,516.6689999996379
opensignals_00078089802C_2026-04-17_11-53-12.txt,743.0,0.05849011862288256,60.0,0.18673290312290192,0.6081379652023315,917.4535000001924,483.88639999939187
opensignals_00078089802C_2026-04-17_11-53-12.txt,748.0,0.1369186918796096,75.0,0.34234869480133057,0.22939524054527283,1012.0365999991918,454.1218000003937
opensignals_00078089802C_2026-04-17_11-53-12.txt,753.0,0.4572100361887666,75.0,0.5396106243133545,0.7857427597045898,926.30089999966,528.8746999995055
opensignals_00078089802C_2026-04-17_11-53-12.txt,758.0,0.08975090986551987,105.0,0.4333065152168274,0.237405464053154,579.5963999999003,440.9856000002037
opensignals_00078089802C_2026-04-17_11-53-12.txt,763.0,0.09281369213641442,60.0,0.33819082379341125,0.41755932569503784,592.9175000001123,383.36789999993925
opensignals_00078089802C_2026-04-17_11-53-12.txt,768.0,0.33611062115953927,75.0,0.5215839147567749,0.5168589949607849,620.4478999998173,353.73579999941285
opensignals_00078089802C_2026-04-17_11-53-12.txt,773.0,0.42138313187518356,75.0,0.27403685450553894,0.5870072245597839,551.0649999996531,325.0057999994169
opensignals_00078089802C_2026-04-17_11-53-12.txt,778.0,0.6859591530799429,75.0,0.20019537210464478,0.13346347212791443,539.4550000000891,317.5865999992311
opensignals_00078089802C_2026-04-17_11-53-12.txt,783.0,0.6416272967259464,75.0,0.15490509569644928,0.20068277418613434,572.9843999997684,330.9105999996973
opensignals_00078089802C_2026-04-17_11-53-12.txt,788.0,0.5791398250939646,90.0,0.3259778320789337,0.4073898196220398,522.3157000000356,363.3988000001409
opensignals_00078089802C_2026-04-17_12-34-59.txt,8.0,0.1866662199031758,75.0,0.2890322506427765,0.28160279989242554,488.1475000001956,423.7646000001405
opensignals_00078089802C_2026-04-17_12-34-59.txt,13.0,0.2784633146241494,60.0,0.754450798034668,0.5552806258201599,474.2455000005066,422.73280000063096
opensignals_00078089802C_2026-04-17_12-34-59.txt,18.0,0.21426513630485067,90.0,0.3578120768070221,0.6675722599029541,494.70080000082817,406.43569999974716
opensignals_00078089802C_2026-04-17_12-34-59.txt,23.0,0.19166594666782194,75.0,0.4319343566894531,0.9090635776519775,494.43559999963327,378.05849999949714
opensignals_00078089802C_2026-04-17_12-34-59.txt,28.0,0.12552128755242442,75.0,0.33691293001174927,0.33290329575538635,547.3086000001786,349.50540000045294
opensignals_00078089802C_2026-04-17_12-34-59.txt,33.0,0.1957920977185746,75.0,0.44813722372055054,0.4804624915122986,534.0055000006032,318.6204000003272
opensignals_00078089802C_2026-04-17_12-34-59.txt,38.0,0.06201327884265235,75.0,0.49506518244743347,0.4871569871902466,580.4543000003832,314.1820999999254
opensignals_00078089802C_2026-04-17_12-34-59.txt,43.0,0.1323336161659902,75.0,0.3674117624759674,0.5001226663589478,552.2483000004286,319.60479999997915
opensignals_00078089802C_2026-04-17_12-34-59.txt,48.0,0.5877127050729747,75.0,0.1722906231880188,0.27401331067085266,486.6829000002326,429.0919000004578
opensignals_00078089802C_2026-04-17_12-34-59.txt,53.0,0.5506878059565432,75.0,0.2271546870470047,0.2745037078857422,520.5784999998286,359.1556999999739
opensignals_00078089802C_2026-04-17_12-34-59.txt,58.0,0.4359914978115367,75.0,0.3187951445579529,0.36998042464256287,493.46500000046944,430.6040999999823
opensignals_00078089802C_2026-04-17_12-34-59.txt,63.0,0.5161183659677862,75.0,0.38255882263183594,0.44937872886657715,507.5281999997969,398.92039999995177
opensignals_00078089802C_2026-04-17_12-34-59.txt,68.0,0.672002109251875,75.0,0.3091210722923279,0.3351016044616699,487.3069999994186,379.4846000000689
opensignals_00078089802C_2026-04-17_12-34-59.txt,73.0,0.6452349540925882,75.0,0.3670099377632141,0.30026131868362427,551.1124000004202,355.15010000017355
opensignals_00078089802C_2026-04-17_12-34-59.txt,78.0,0.6451621132674707,75.0,0.40944546461105347,0.3051309287548065,510.39700000001176,384.3747999999323
opensignals_00078089802C_2026-04-17_12-34-59.txt,83.0,0.6505832781460407,75.0,0.3366430401802063,0.28222253918647766,674.3436999995538,395.1574000002438
opensignals_00078089802C_2026-04-17_12-34-59.txt,88.0,0.6405658648514534,75.0,0.1403629183769226,0.27952489256858826,646.8426000001273,436.7431000000579
opensignals_00078089802C_2026-04-17_12-34-59.txt,93.0,0.710100110620343,75.0,0.2313135713338852,0.2741282880306244,592.1636999992188,486.2947000001441
opensignals_00078089802C_2026-04-17_12-34-59.txt,98.0,0.6948382600511629,75.0,0.2795505225658417,0.31906333565711975,707.7993000002607,518.9002999995864
opensignals_00078089802C_2026-04-17_12-34-59.txt,103.0,0.406054061602253,75.0,0.43992793560028076,0.42534998059272766,543.6547999997856,461.815800000295
r_c_isometric_leg2.txt,8.0,0.013692205736124364,75.0,0.2677341103553772,0.33029693365097046,575.8011999996597,493.53530000007595
r_c_isometric_leg2.txt,13.0,0.43735538142029584,75.0,0.2815714180469513,0.30424386262893677,600.3749999999854,499.10989999989397
r_c_isometric_leg2.txt,18.0,0.3645536786131869,60.0,0.2880028486251831,0.2380019724369049,641.7209999999614,419.9536000005537
r_c_isometric_leg2.txt,23.0,0.327617899664692,60.0,0.4261893332004547,0.3836548924446106,678.1021999995573,520.0976000005539
r_c_isometric_leg2.txt,28.0,0.3875056276859354,60.0,0.11605088412761688,0.0921759232878685,674.3305999998483,433.57019999984914
r_c_isometric_leg2.txt,33.0,0.20625162257866853,60.0,0.32800936698913574,0.40302538871765137,678.7884999994276,415.8469000003606
r_c_isometric_leg2.txt,38.0,0.16760369779481135,60.0,0.6149103045463562,0.6118509769439697,594.8686000001544,391.22930000030465
r_c_isometric_leg2.txt,43.0,0.0935249037488567,75.0,0.35964319109916687,0.41090458631515503,634.1020999998364,518.5156000006828
r_c_isometric_leg2.txt,48.0,0.10948227982418167,60.0,0.31856226921081543,0.2648681700229645,607.1332000001348,418.96339999948395
r_c_isometric_leg2.txt,53.0,0.2659782487429862,60.0,0.5099488496780396,0.23583143949508667,523.4702999996443,368.16499999986263
r_c_isometric_leg2.txt,58.0,0.07838844471896658,75.0,0.7815632820129395,1.054856300354004,542.4606999995376,400.2584999998362
r_c_isometric_leg2.txt,63.0,0.05247116741880459,135.0,0.4205772280693054,0.3868013620376587,550.3968000002715,331.4701999997851
r_c_isometric_leg2.txt,68.0,0.014918410491816214,60.0,0.6080781817436218,1.7165203094482422,557.5403000002552,321.64149999971414
r_c_isometric_leg2.txt,73.0,0.12921983835118678,75.0,0.3278529942035675,0.5063198208808899,566.0135999996783,337.17909999995754
r_c_isometric_leg2.txt,78.0,0.07235487981639134,60.0,0.4131615459918976,0.40972021222114563,588.5275999999067,320.97259999954986
r_c_isometric_leg2.txt,83.0,0.04830823925787886,90.0,0.30895769596099854,0.4514870345592499,522.2869999997783,405.0545999998576
r_c_isometric_leg2.txt,88.0,0.08348892552003728,60.0,0.30941474437713623,0.322959303855896,524.1642999999385,380.8422000001883
r_c_isometric_leg2.txt,93.0,0.16163092160807482,60.0,0.4912920892238617,0.6196328401565552,481.5942000004725,421.23499999979686
zeroL.txt,8.0,0.58012879088106,90.0,0.4764013886451721,0.5682326555252075,546.905300000617,370.65999999958876
zeroL.txt,13.0,0.5923394508477902,90.0,0.5984411835670471,0.5795316696166992,491.24919999940175,333.0181999999695
zeroL.txt,18.0,0.4038739377501024,90.0,0.20597176253795624,0.3931943476200104,480.2982000001066,323.83930000014516
zeroL.txt,23.0,0.4619827263968441,90.0,0.5406166911125183,0.2677016854286194,502.9082999999446,317.3640000004525
zeroL.txt,28.0,0.7687183755441902,75.0,0.44969791173934937,0.42972636222839355,493.6496000000261,319.8639000002004
zeroL.txt,33.0,0.5625812899811165,75.0,0.2342275232076645,0.22706368565559387,495.2190000003611,320.03010000062204
zeroL.txt,38.0,0.6283150793149134,90.0,0.20622006058692932,0.3341241180896759,480.89439999967,336.8075999997018
zeroL.txt,43.0,0.7739619135055867,75.0,0.3445027768611908,0.3613409996032715,479.3864000002941,342.53480000006675
zeroL.txt,48.0,0.22467777386063295,105.0,1.2581619024276733,1.3566677570343018,484.14880000018456,322.02370000049996
zeroL.txt,53.0,0.22795851228495295,90.0,0.4180285334587097,0.32041606307029724,483.62840000027063,313.03329999991547
zeroL.txt,58.0,0.5282177720842937,75.0,0.4449023902416229,0.2981129586696625,490.0112999994235,319.6187000003192
