config,context_samples,horizon_samples,context_sec,horizon_sec,filename,window_end_sec,cardiac_hr_snr,hr_bpm,nrmse_chronos,latency_ms
6s context + 2s horizon,60,20,6.0,2.0,B_C_B_C_B_isometria.txt,8.0,0.2853691206444683,60.0,0.9420799612998962,425.6462000003012
6s context + 2s horizon,60,20,6.0,2.0,B_C_B_C_B_isometria.txt,13.0,0.3201322791060117,75.0,0.4959605932235718,420.0134000002436
6s context + 2s horizon,60,20,6.0,2.0,B_C_B_C_B_isometria.txt,18.0,0.1663483550398273,75.0,0.0956318825483322,419.4254000003639
6s context + 2s horizon,60,20,6.0,2.0,B_C_B_C_B_isometria.txt,23.0,0.2116432810189735,60.0,0.4045958220958709,412.06179999971937
6s context + 2s horizon,60,20,6.0,2.0,B_C_B_C_B_isometria.txt,28.0,0.3797343826658099,60.0,0.2086560875177383,417.1607999996922
6s context + 2s horizon,60,20,6.0,2.0,B_C_B_C_B_isometria.txt,33.0,0.0147365043036268,75.0,1.0488572120666504,557.1249999993597
6s context + 2s horizon,60,20,6.0,2.0,B_C_B_C_B_isometria.txt,38.0,0.0309938133077877,90.0,0.4549300074577331,486.4018999996915
6s context + 2s horizon,60,20,6.0,2.0,B_C_B_C_B_isometria.txt,43.0,0.097213403970996,60.0,0.6565607190132141,415.9953999997015
6s context + 2s horizon,60,20,6.0,2.0,B_C_B_C_B_isometria.txt,48.0,0.0685796562232659,75.0,1.6987662315368652,416.3507000002937
6s context + 2s horizon,60,20,6.0,2.0,B_C_B_C_B_isometria.txt,53.0,0.0970012817664848,60.0,0.8191614151000977,470.894899999621
6s context + 2s horizon,60,20,6.0,2.0,B_C_B_C_B_isometria.txt,58.0,0.1520275760630471,90.0,0.5291446447372437,453.52920000004815
6s context + 2s horizon,60,20,6.0,2.0,B_C_B_C_B_isometria.txt,63.0,0.0187204853662171,60.0,0.8974751234054565,426.0787000002893
6s context + 2s horizon,60,20,6.0,2.0,B_C_B_C_B_isometria.txt,68.0,0.0137346912563397,75.0,0.1938432902097702,412.1234999993249
6s context + 2s horizon,60,20,6.0,2.0,B_C_B_C_B_isometria.txt,73.0,0.3032301364875513,75.0,0.8216949105262756,499.72059999981866
6s context + 2s horizon,60,20,6.0,2.0,B_C_B_C_B_isometria.txt,78.0,0.3198530401139514,75.0,0.4462313950061798,446.7901999996684
6s context + 2s horizon,60,20,6.0,2.0,B_C_B_C_B_isometria.txt,83.0,0.6029753207907667,75.0,0.295082539319992,432.9470000002402
6s context + 2s horizon,60,20,6.0,2.0,B_C_B_C_B_isometria.txt,88.0,0.6552034880223321,75.0,0.1960901170969009,423.3813000000737
6s context + 2s horizon,60,20,6.0,2.0,B_C_B_C_B_isometria.txt,93.0,0.0143960199488308,60.0,1.435877799987793,415.0525999993988
6s context + 2s horizon,60,20,6.0,2.0,B_C_B_C_B_isometria.txt,98.0,0.239124239275925,90.0,0.3816408514976501,411.36550000010175
6s context + 2s horizon,60,20,6.0,2.0,B_C_B_C_B_isometria.txt,103.0,0.3418602512794008,75.0,0.3809498846530914,411.23439999955735
6s context + 2s horizon,60,20,6.0,2.0,B_C_B_C_B_isometria.txt,108.0,0.313441111013723,90.0,0.7171083688735962,414.9228000005678
6s context + 2s horizon,60,20,6.0,2.0,B_C_B_C_B_isometria.txt,113.0,0.211290421104607,75.0,0.5860022902488708,410.8863999999812
6s context + 2s horizon,60,20,6.0,2.0,B_C_B_C_B_isometria.txt,118.0,0.3957585301418336,75.0,0.3056375086307525,417.7264999998442
6s context + 2s horizon,60,20,6.0,2.0,B_C_B_C_B_isometria.txt,123.0,0.0261701409126273,75.0,0.2659328877925873,412.6245999996172
6s context + 2s horizon,60,20,6.0,2.0,B_C_B_C_B_isometria.txt,128.0,0.1545740214364829,75.0,0.3868259787559509,414.9537000002965
6s context + 2s horizon,60,20,6.0,2.0,B_C_B_C_B_isometria.txt,133.0,0.5816403893962208,75.0,0.2330742329359054,412.00620000017807
6s context + 2s horizon,60,20,6.0,2.0,B_C_B_C_B_isometria.txt,138.0,0.5966884836902057,60.0,0.267619639635086,415.0336000002426
6s context + 2s horizon,60,20,6.0,2.0,B_C_B_C_B_isometria.txt,143.0,0.3310577330247262,75.0,0.2224458009004593,412.7702000005229
6s context + 2s horizon,60,20,6.0,2.0,B_C_B_C_B_isometria.txt,148.0,0.363456753274361,75.0,0.4872388243675232,412.02869999960967
6s context + 2s horizon,60,20,6.0,2.0,B_C_B_C_B_isometric_2.txt,8.0,0.4760623932265033,60.0,0.7299628853797913,413.8250999994853
6s context + 2s horizon,60,20,6.0,2.0,B_C_B_C_B_isometric_2.txt,13.0,0.2562222513017663,60.0,0.2835400402545929,411.2590000004275
6s context + 2s horizon,60,20,6.0,2.0,B_C_B_C_B_isometric_2.txt,18.0,0.278725593883755,60.0,0.2941011190414428,412.6225999998496
6s context + 2s horizon,60,20,6.0,2.0,B_C_B_C_B_isometric_2.txt,23.0,0.3246895225575265,75.0,0.8596037030220032,409.74310000001424
6s context + 2s horizon,60,20,6.0,2.0,B_C_B_C_B_isometric_2.txt,28.0,0.4219481265397361,60.0,0.272610068321228,416.7580000003
6s context + 2s horizon,60,20,6.0,2.0,B_C_B_C_B_isometric_2.txt,33.0,0.0235179967708978,60.0,0.6938565969467163,406.28279999964434
6s context + 2s horizon,60,20,6.0,2.0,B_C_B_C_B_isometric_2.txt,38.0,0.0182170627175995,60.0,1.0079530477523804,409.958700000061
6s context + 2s horizon,60,20,6.0,2.0,B_C_B_C_B_isometric_2.txt,43.0,0.0,60.0,0.5764289498329163,429.4981000002736
6s context + 2s horizon,60,20,6.0,2.0,B_C_B_C_B_isometric_2.txt,48.0,0.0,60.0,0.5237192511558533,552.0768999995198
6s context + 2s horizon,60,20,6.0,2.0,B_C_B_C_B_isometric_2.txt,53.0,0.0,60.0,0.8002133369445801,407.4416999992536
6s context + 2s horizon,60,20,6.0,2.0,B_C_B_C_B_isometric_2.txt,58.0,0.0,60.0,0.3821999430656433,434.0486000000965
6s context + 2s horizon,60,20,6.0,2.0,B_C_B_C_B_isometric_2.txt,63.0,0.0154189491179287,90.0,0.4317187368869781,421.5197000003173
6s context + 2s horizon,60,20,6.0,2.0,B_C_B_C_B_isometric_2.txt,68.0,0.0162181038601368,75.0,1.096918702125549,427.57330000040383
6s context + 2s horizon,60,20,6.0,2.0,B_C_B_C_B_isometric_2.txt,73.0,0.216462186976534,60.0,0.4272721707820892,414.1147999998793
6s context + 2s horizon,60,20,6.0,2.0,B_C_B_C_B_isometric_2.txt,78.0,0.3654947742673062,60.0,0.2374069541692733,416.502600000058
6s context + 2s horizon,60,20,6.0,2.0,B_C_B_C_B_isometric_2.txt,83.0,0.3999786899376228,60.0,0.339108943939209,412.40730000026815
6s context + 2s horizon,60,20,6.0,2.0,B_C_B_C_B_isometric_2.txt,88.0,0.4083605794515313,60.0,0.504655659198761,413.26870000011695
6s context + 2s horizon,60,20,6.0,2.0,B_C_B_C_B_isometric_2.txt,93.0,0.0643399359491695,60.0,0.6050516963005066,428.0966999995144
6s context + 2s horizon,60,20,6.0,2.0,B_C_B_C_B_isometric_2.txt,98.0,0.0813872426582403,60.0,0.866982102394104,413.0617999999231
6s context + 2s horizon,60,20,6.0,2.0,B_C_B_C_B_isometric_2.txt,103.0,0.1358941168612353,75.0,0.4457059204578399,435.3006999999707
6s context + 2s horizon,60,20,6.0,2.0,B_C_B_C_B_isometric_2.txt,108.0,0.0,60.0,0.6727060079574585,410.6745999997656
6s context + 2s horizon,60,20,6.0,2.0,B_C_B_C_B_isometric_2.txt,113.0,0.0,60.0,0.6795271039009094,410.03939999973227
6s context + 2s horizon,60,20,6.0,2.0,B_C_B_C_B_isometric_2.txt,118.0,0.0,60.0,0.7299515008926392,417.895700000372
6s context + 2s horizon,60,20,6.0,2.0,B_C_B_C_B_isometric_2.txt,123.0,0.0072855576135707,60.0,0.6728053092956543,407.8068999997413
6s context + 2s horizon,60,20,6.0,2.0,B_C_B_C_B_isometric_2.txt,128.0,0.0155350435624751,60.0,0.4513860046863556,413.1121000000349
6s context + 2s horizon,60,20,6.0,2.0,B_C_B_C_B_isometric_2.txt,133.0,0.1429901887902195,75.0,0.6041110157966614,411.0701999998128
6s context + 2s horizon,60,20,6.0,2.0,B_C_B_C_B_isometric_2.txt,138.0,0.2217623751554138,60.0,0.1016042083501815,410.2634000000762
6s context + 2s horizon,60,20,6.0,2.0,B_C_B_C_B_isometric_2.txt,143.0,0.4669284656649959,60.0,0.7215061187744141,411.30640000028507
6s context + 2s horizon,60,20,6.0,2.0,B_C_B_C_B_isometric_2.txt,148.0,0.6515753132838885,75.0,0.9545177221298218,405.2998999995907
6s context + 2s horizon,60,20,6.0,2.0,Baseline_isometrico_baseline.txt,8.0,0.0094458784206308,75.0,1.2833508253097534,501.755399999638
6s context + 2s horizon,60,20,6.0,2.0,Baseline_isometrico_baseline.txt,13.0,0.004626719125068,60.0,0.3779007792472839,418.10609999993176
6s context + 2s horizon,60,20,6.0,2.0,Baseline_isometrico_baseline.txt,18.0,0.0041520496964298,60.0,1.1764880418777466,447.6626999994551
6s context + 2s horizon,60,20,6.0,2.0,Baseline_isometrico_baseline.txt,23.0,0.0354230934383808,60.0,0.6445885896682739,490.0241000004826
6s context + 2s horizon,60,20,6.0,2.0,Baseline_isometrico_baseline.txt,28.0,0.0209518270847882,60.0,1.3039932250976562,537.4580999996397
6s context + 2s horizon,60,20,6.0,2.0,Baseline_isometrico_baseline.txt,33.0,0.0876836245280731,90.0,0.3282436430454254,511.324500000228
6s context + 2s horizon,60,20,6.0,2.0,Baseline_isometrico_baseline.txt,38.0,0.0777904638067801,75.0,0.3596068024635315,483.51280000042607
6s context + 2s horizon,60,20,6.0,2.0,Baseline_isometrico_baseline.txt,43.0,0.021509968206211,60.0,0.7154173254966736,415.961900000184
6s context + 2s horizon,60,20,6.0,2.0,Baseline_isometrico_baseline.txt,48.0,0.015716337917241,75.0,0.3230957090854645,465.3916999996
6s context + 2s horizon,60,20,6.0,2.0,Baseline_isometrico_baseline.txt,53.0,0.0159404132838594,75.0,0.701576292514801,438.01040000016656
6s context + 2s horizon,60,20,6.0,2.0,Baseline_isometrico_baseline.txt,58.0,0.0116775549402537,75.0,0.4061299264431,429.1708999999173
6s context + 2s horizon,60,20,6.0,2.0,Branco_BDireito.txt,8.0,0.0878724648524504,60.0,0.3393459022045135,508.8864999997895
6s context + 2s horizon,60,20,6.0,2.0,Branco_BDireito.txt,13.0,0.0577138997091354,60.0,0.1903771311044693,411.566099999618
6s context + 2s horizon,60,20,6.0,2.0,Branco_BDireito.txt,18.0,0.149018622752331,60.0,0.4255705177783966,418.6681999999564
6s context + 2s horizon,60,20,6.0,2.0,Branco_BDireito.txt,23.0,0.1107306786878559,60.0,0.5691369771957397,411.8705000000773
6s context + 2s horizon,60,20,6.0,2.0,Branco_BDireito.txt,28.0,0.149996188648414,60.0,0.3389783799648285,416.0835000002408
6s context + 2s horizon,60,20,6.0,2.0,Branco_BDireito.txt,33.0,0.1134298146095035,60.0,0.4533403515815735,410.5847000000722
6s context + 2s horizon,60,20,6.0,2.0,Branco_BDireito.txt,38.0,0.1744963049671023,60.0,0.6159840226173401,424.6249999996508
6s context + 2s horizon,60,20,6.0,2.0,Branco_BDireito.txt,43.0,0.1282783305783412,60.0,0.4046160876750946,412.3787999997148
6s context + 2s horizon,60,20,6.0,2.0,Branco_BDireito.txt,48.0,0.0888012103057965,60.0,0.9523891806602478,412.83280000061495
6s context + 2s horizon,60,20,6.0,2.0,Branco_BDireito.txt,53.0,0.1681922430890884,60.0,0.2881795763969421,417.7583999999115
6s context + 2s horizon,60,20,6.0,2.0,Branco_BDireito.txt,58.0,0.1616570190730538,60.0,0.387040227651596,415.5737000000954
6s context + 2s horizon,60,20,6.0,2.0,Branco_BDireito.txt,63.0,0.1227127932941306,60.0,0.2574674189090729,409.8536000001332
6s context + 2s horizon,60,20,6.0,2.0,Branco_BDireito.txt,68.0,0.1272252748542718,60.0,0.3628627955913543,411.5585999998075
6s context + 2s horizon,60,20,6.0,2.0,Branco_BDireito.txt,73.0,0.1742704356276149,60.0,0.2178389728069305,413.118299999951
6s context + 2s horizon,60,20,6.0,2.0,Branco_BDireito.txt,78.0,0.1326619010683204,60.0,0.5869587659835815,413.5741999998572
6s context + 2s horizon,60,20,6.0,2.0,Branco_BDireito.txt,83.0,0.16711834173147,60.0,0.4672116041183471,411.6238999995403
6s context + 2s horizon,60,20,6.0,2.0,Branco_BDireito.txt,88.0,0.1637558400768044,60.0,0.2889827191829681,413.57719999996334
6s context + 2s horizon,60,20,6.0,2.0,Branco_BDireito.txt,93.0,0.1179405248907196,60.0,0.2225258648395538,413.91569999996136
6s context + 2s horizon,60,20,6.0,2.0,Branco_BDireito.txt,98.0,0.1881387269830243,60.0,0.2331561893224716,408.4047999995164
6s context + 2s horizon,60,20,6.0,2.0,Branco_BDireito.txt,103.0,0.1331050179996597,60.0,0.3405950963497162,413.5716999999204
6s context + 2s horizon,60,20,6.0,2.0,Branco_BDireito.txt,108.0,0.1601710865549278,60.0,0.452245831489563,411.0322000005908
6s context + 2s horizon,60,20,6.0,2.0,Branco_BDireito.txt,113.0,0.184962093843374,60.0,0.3354832231998443,415.6623999997464
6s context + 2s horizon,60,20,6.0,2.0,Branco_BDireito.txt,118.0,0.1537629010968397,60.0,0.3237127661705017,408.8277999999264
6s context + 2s horizon,60,20,6.0,2.0,Branco_BDireito.txt,123.0,0.1794884947957689,60.0,0.881216287612915,410.896600000342
6s context + 2s horizon,60,20,6.0,2.0,Branco_BDireito.txt,128.0,0.2092879232877927,60.0,0.1680352538824081,406.23690000029455
6s context + 2s horizon,60,20,6.0,2.0,Branco_BDireito.txt,133.0,0.1762197439334022,60.0,0.2708118259906769,416.7138000002524
6s context + 2s horizon,60,20,6.0,2.0,Branco_BDireito.txt,138.0,0.1745524353895863,60.0,0.7464443445205688,415.581100000054
6s context + 2s horizon,60,20,6.0,2.0,Branco_BDireito.txt,143.0,0.1666519872318801,60.0,0.1353549659252166,407.2089000001142
6s context + 2s horizon,60,20,6.0,2.0,Branco_BDireito.txt,148.0,0.148188714402872,60.0,0.4083330631256103,412.7951000000394
6s context + 2s horizon,60,20,6.0,2.0,Branco_BDireito.txt,153.0,0.1679950924824936,60.0,0.2613981068134308,412.3064000004888
6s context + 2s horizon,60,20,6.0,2.0,Branco_BDireito.txt,158.0,0.1613150945770269,60.0,0.4109137058258056,413.51680000025226
6s context + 2s horizon,60,20,6.0,2.0,Branco_BDireito.txt,163.0,0.1622235845175759,60.0,0.1669037491083145,412.2429000008197
6s context + 2s horizon,60,20,6.0,2.0,Branco_BDireito.txt,168.0,0.1480458975498301,60.0,0.2921626269817352,411.7443999994066
6s context + 2s horizon,60,20,6.0,2.0,Branco_BDireito.txt,173.0,0.1505802845966874,60.0,0.2689301967620849,411.3301999996111
6s context + 2s horizon,60,20,6.0,2.0,Branco_BDireito.txt,178.0,0.1841322051546242,60.0,0.4984469413757324,417.9238999995505
6s context + 2s horizon,60,20,6.0,2.0,Branco_BDireito.txt,183.0,0.1694979638751041,60.0,0.3002056777477264,417.95709999951214
6s context + 2s horizon,60,20,6.0,2.0,Branco_BDireito.txt,188.0,0.1968785366303503,60.0,0.2585273683071136,412.3832999994193
6s context + 2s horizon,60,20,6.0,2.0,Branco_BDireito.txt,193.0,0.2195874528724249,60.0,0.4421145319938659,417.73920000014186
6s context + 2s horizon,60,20,6.0,2.0,Branco_BDireito.txt,198.0,0.2287900751816163,60.0,0.3234642446041107,415.9865000001446
6s context + 2s horizon,60,20,6.0,2.0,Branco_BDireito.txt,203.0,0.2158011604107362,60.0,0.3278059065341949,454.9775000004957
6s context + 2s horizon,60,20,6.0,2.0,Branco_BDireito.txt,208.0,0.1742780823663922,60.0,0.3856155574321747,419.6603000000323
6s context + 2s horizon,60,20,6.0,2.0,Branco_BDireito.txt,213.0,0.1616617920989407,60.0,0.2393293231725692,409.4107999999324
6s context + 2s horizon,60,20,6.0,2.0,Branco_BDireito.txt,218.0,0.1547324702783337,60.0,0.2622914314270019,413.4539999995468
6s context + 2s horizon,60,20,6.0,2.0,Branco_BDireito.txt,223.0,0.209159786365559,60.0,0.232361689209938,414.56879999987
6s context + 2s horizon,60,20,6.0,2.0,Branco_BDireito.txt,228.0,0.1730724020422233,60.0,0.3445315957069397,420.8730999998807
6s context + 2s horizon,60,20,6.0,2.0,Branco_BDireito.txt,233.0,0.1844675031466798,60.0,0.3991170823574066,435.93909999981406
6s context + 2s horizon,60,20,6.0,2.0,Branco_BDireito.txt,238.0,0.1530449074073253,60.0,0.7133923768997192,410.32770000038
6s context + 2s horizon,60,20,6.0,2.0,Branco_BDireito.txt,243.0,0.1542766552907185,60.0,0.4906348288059234,417.4606999995376
6s context + 2s horizon,60,20,6.0,2.0,Branco_BDireito.txt,248.0,0.1416917247263307,60.0,0.3740827441215515,413.4723999995913
6s context + 2s horizon,60,20,6.0,2.0,Branco_BDireito.txt,253.0,0.1553762828873617,60.0,0.4851839244365692,420.0276000001395
6s context + 2s horizon,60,20,6.0,2.0,Branco_BDireito.txt,258.0,0.1908661683605192,60.0,0.2461918890476226,414.7127999995064
6s context + 2s horizon,60,20,6.0,2.0,Branco_BDireito.txt,263.0,0.1206248378692569,60.0,0.3029893040657043,414.02709999965737
6s context + 2s horizon,60,20,6.0,2.0,Branco_BDireito.txt,268.0,0.132537661401018,60.0,1.0117976665496826,419.4600000000719
6s context + 2s horizon,60,20,6.0,2.0,Branco_BDireito.txt,273.0,0.1607506468276108,60.0,0.2102104574441909,414.9734000002354
6s context + 2s horizon,60,20,6.0,2.0,Branco_BDireito.txt,278.0,0.3375880081255515,60.0,0.5340177416801453,412.3214999999618
6s context + 2s horizon,60,20,6.0,2.0,Branco_BDireito.txt,283.0,0.2212824039460483,60.0,0.4534918665885925,417.51100000055885
6s context + 2s horizon,60,20,6.0,2.0,Branco_BDireito.txt,288.0,0.1612997159429527,60.0,0.3723970651626587,408.4828999993988
6s context + 2s horizon,60,20,6.0,2.0,Branco_BDireito.txt,293.0,0.165104164827563,60.0,0.6242372393608093,412.0833999995739
6s context + 2s horizon,60,20,6.0,2.0,Branco_BDireito.txt,298.0,0.1759540992883894,60.0,0.4859737455844879,414.2123000001448
6s context + 2s horizon,60,20,6.0,2.0,Branco_BDireito.txt,303.0,0.1941456446353302,60.0,0.505881130695343,414.0445000002728
6s context + 2s horizon,60,20,6.0,2.0,Branco_BDireito.txt,308.0,0.1877012903011872,60.0,0.2389018535614013,412.69130000000587
6s context + 2s horizon,60,20,6.0,2.0,Branco_BDireito.txt,313.0,0.1782950301152153,60.0,0.2740051746368408,410.3694999994332
6s context + 2s horizon,60,20,6.0,2.0,Branco_BDireito.txt,318.0,0.1796074406322768,60.0,0.3578471541404724,413.3875999996235
6s context + 2s horizon,60,20,6.0,2.0,Branco_BDireito.txt,323.0,0.1994431772694605,60.0,0.2587035298347473,410.41279999990365
6s context + 2s horizon,60,20,6.0,2.0,Branco_BDireito.txt,328.0,0.1706363001636442,60.0,0.5846547484397888,411.329300000034
6s context + 2s horizon,60,20,6.0,2.0,Branco_BDireito.txt,333.0,0.1529341032887126,60.0,0.3929214775562286,415.8639999996012
6s context + 2s horizon,60,20,6.0,2.0,Branco_BDireito.txt,338.0,0.2247883286046059,60.0,0.6253703832626343,409.79109999989305
6s context + 2s horizon,60,20,6.0,2.0,Branco_BDireito.txt,343.0,0.2305841869542544,60.0,0.287006676197052,414.0014999993582
6s context + 2s horizon,60,20,6.0,2.0,Branco_BDireito.txt,348.0,0.1793085498811067,60.0,0.3721051514148712,415.6821000005948
6s context + 2s horizon,60,20,6.0,2.0,Branco_BDireito.txt,353.0,0.1911964828402398,60.0,0.3035407662391662,419.9338999997053
6s context + 2s horizon,60,20,6.0,2.0,Branco_BDireito.txt,358.0,0.1948778931293312,60.0,0.3404018580913543,411.6887000000133
6s context + 2s horizon,60,20,6.0,2.0,Branco_BDireito.txt,363.0,0.1980418818545867,60.0,0.4227005541324615,409.48200000002544
6s context + 2s horizon,60,20,6.0,2.0,Branco_BDireito.txt,368.0,0.2148452354650668,60.0,0.5222193002700806,416.4493999996921
6s context + 2s horizon,60,20,6.0,2.0,Branco_BDireito.txt,373.0,0.1898929428279617,60.0,0.3752882778644562,424.6665999999095
6s context + 2s horizon,60,20,6.0,2.0,Branco_BDireito.txt,378.0,0.2287446633093534,60.0,0.4750465154647827,409.6473999998125
6s context + 2s horizon,60,20,6.0,2.0,Branco_BDireito.txt,383.0,0.199206277738847,60.0,0.2958546280860901,409.2748000002757
6s context + 2s horizon,60,20,6.0,2.0,Branco_BDireito.txt,388.0,0.2377233673176,60.0,0.4003678262233734,413.02710000036313
6s context + 2s horizon,60,20,6.0,2.0,Branco_BDireito.txt,393.0,0.1450481752585933,60.0,0.2951566576957702,412.37550000005285
6s context + 2s horizon,60,20,6.0,2.0,Branco_BDireito.txt,398.0,0.1894495946994267,60.0,0.2138876169919967,639.9606999993921
6s context + 2s horizon,60,20,6.0,2.0,Branco_BDireito.txt,403.0,0.1932336378819877,60.0,0.448109358549118,409.4819000001735
6s context + 2s horizon,60,20,6.0,2.0,Branco_BDireito.txt,408.0,0.148694456210763,60.0,0.2470620572566986,415.2805999992779
6s context + 2s horizon,60,20,6.0,2.0,Branco_BDireito.txt,413.0,0.1747130752146989,60.0,0.5740995407104492,410.4639999995925
6s context + 2s horizon,60,20,6.0,2.0,Branco_BDireito.txt,418.0,0.2050229019493073,60.0,0.2981088757514953,410.2309999998397
6s context + 2s horizon,60,20,6.0,2.0,Branco_BEsquerdo.txt,8.0,0.1916173109078788,60.0,0.4322602152824402,412.4939000002996
6s context + 2s horizon,60,20,6.0,2.0,Branco_BEsquerdo.txt,13.0,0.158814067546941,60.0,0.5591546893119812,414.4506999991791
6s context + 2s horizon,60,20,6.0,2.0,Branco_BEsquerdo.txt,18.0,0.1389974424893515,60.0,0.6747875213623047,409.0440999998464
6s context + 2s horizon,60,20,6.0,2.0,Branco_BEsquerdo.txt,23.0,0.1981295281729866,60.0,0.2788713574409485,413.4055000004082
6s context + 2s horizon,60,20,6.0,2.0,Branco_BEsquerdo.txt,28.0,0.1391145065325022,60.0,0.2382627576589584,411.5799999999581
6s context + 2s horizon,60,20,6.0,2.0,Branco_BEsquerdo.txt,33.0,0.1245839089285164,60.0,0.3295886814594269,411.0619000002771
6s context + 2s horizon,60,20,6.0,2.0,Branco_BEsquerdo.txt,38.0,0.1978470309457113,60.0,0.2944673299789428,405.2391999994143
6s context + 2s horizon,60,20,6.0,2.0,Branco_BEsquerdo.txt,43.0,0.2106069262564953,60.0,0.2117078453302383,418.7080000001515
6s context + 2s horizon,60,20,6.0,2.0,Branco_BEsquerdo.txt,48.0,0.1559755583327312,60.0,0.224222719669342,549.3530000003375
6s context + 2s horizon,60,20,6.0,2.0,Branco_BEsquerdo.txt,53.0,0.1981709283523374,60.0,0.3673099279403686,415.8967000003031
6s context + 2s horizon,60,20,6.0,2.0,Branco_BEsquerdo.txt,58.0,0.2997664065866542,60.0,0.5268256664276123,414.6694000000935
6s context + 2s horizon,60,20,6.0,2.0,Branco_BEsquerdo.txt,63.0,0.3005580966228194,60.0,0.2903851270675659,409.97930000048655
6s context + 2s horizon,60,20,6.0,2.0,Branco_BEsquerdo.txt,68.0,0.2630422223673708,60.0,0.3009935617446899,415.35210000074585
6s context + 2s horizon,60,20,6.0,2.0,Branco_BEsquerdo.txt,73.0,0.2894737646963105,60.0,0.2915045022964477,406.9555999994918
6s context + 2s horizon,60,20,6.0,2.0,Branco_BEsquerdo.txt,78.0,0.2274875676104562,60.0,0.4067251980304718,415.8556000002136
6s context + 2s horizon,60,20,6.0,2.0,Branco_BEsquerdo.txt,83.0,0.2146113599629008,60.0,0.4247816205024719,411.4944999992076
6s context + 2s horizon,60,20,6.0,2.0,Branco_BEsquerdo.txt,88.0,0.2210038734377739,60.0,0.3991243243217468,416.628099999798
6s context + 2s horizon,60,20,6.0,2.0,Branco_BEsquerdo.txt,93.0,0.2274212544434314,60.0,0.3487315773963928,416.0951999992904
6s context + 2s horizon,60,20,6.0,2.0,Branco_BEsquerdo.txt,98.0,0.165293319859618,60.0,0.419147253036499,409.61409999999887
6s context + 2s horizon,60,20,6.0,2.0,Branco_BEsquerdo.txt,103.0,0.2176446738161843,60.0,0.399519681930542,413.912199999686
6s context + 2s horizon,60,20,6.0,2.0,Branco_BEsquerdo.txt,108.0,0.1719981925114528,60.0,0.3197172284126282,410.4059999999663
6s context + 2s horizon,60,20,6.0,2.0,Branco_BEsquerdo.txt,113.0,0.2223014205411815,60.0,0.2839357256889343,412.2827999999572
6s context + 2s horizon,60,20,6.0,2.0,Branco_BEsquerdo.txt,118.0,0.1765239562491084,60.0,0.3684478104114532,421.4646000000357
6s context + 2s horizon,60,20,6.0,2.0,Branco_BEsquerdo.txt,123.0,0.1772846668496831,60.0,0.3491294085979461,408.95540000019537
6s context + 2s horizon,60,20,6.0,2.0,Branco_BEsquerdo.txt,128.0,0.2032750771377622,60.0,0.0979449599981308,486.499200000253
6s context + 2s horizon,60,20,6.0,2.0,Branco_BEsquerdo.txt,133.0,0.1916574865968272,60.0,0.3548383712768554,417.00719999971625
6s context + 2s horizon,60,20,6.0,2.0,Branco_BEsquerdo.txt,138.0,0.1493625197896094,60.0,0.2837370932102203,521.8552999995154
6s context + 2s horizon,60,20,6.0,2.0,Branco_BEsquerdo.txt,143.0,0.1322614342347484,60.0,0.1255438923835754,430.1483000008375
6s context + 2s horizon,60,20,6.0,2.0,Branco_BEsquerdo.txt,148.0,0.1210431718335489,60.0,0.1862444281578064,438.8183000000936
6s context + 2s horizon,60,20,6.0,2.0,Branco_BEsquerdo.txt,153.0,0.1550133737344792,60.0,0.1946123242378235,471.7678999995769
6s context + 2s horizon,60,20,6.0,2.0,Branco_BEsquerdo.txt,158.0,0.1679553469472168,60.0,0.1663219481706619,510.9879999999976
6s context + 2s horizon,60,20,6.0,2.0,Branco_BEsquerdo.txt,163.0,0.1779511441154078,60.0,0.2857178747653961,541.6957000006732
6s context + 2s horizon,60,20,6.0,2.0,Branco_BEsquerdo.txt,168.0,0.2518004906737616,60.0,0.2816715538501739,594.025899999906
6s context + 2s horizon,60,20,6.0,2.0,Branco_BEsquerdo.txt,173.0,0.2333905159756345,60.0,0.2778989374637604,542.5299999997151
6s context + 2s horizon,60,20,6.0,2.0,Branco_BEsquerdo.txt,178.0,0.1950363170169507,60.0,0.2493772655725479,540.9139000003051
6s context + 2s horizon,60,20,6.0,2.0,Branco_BEsquerdo.txt,183.0,0.1463540798290085,60.0,0.1906515806913375,496.879600000284
6s context + 2s horizon,60,20,6.0,2.0,Branco_BEsquerdo.txt,188.0,0.2223573724797018,60.0,0.2730922102928161,516.6032999995878
6s context + 2s horizon,60,20,6.0,2.0,Branco_BEsquerdo.txt,193.0,0.2062524683002477,60.0,0.1305675506591797,511.2063000005946
6s context + 2s horizon,60,20,6.0,2.0,Branco_BEsquerdo.txt,198.0,0.2276647213548192,60.0,0.1687676459550857,502.1197000005486
6s context + 2s horizon,60,20,6.0,2.0,Branco_BEsquerdo.txt,203.0,0.2331027923509771,60.0,0.1832006126642227,509.9165999999968
6s context + 2s horizon,60,20,6.0,2.0,Branco_BEsquerdo.txt,208.0,0.2231970610035528,60.0,0.3178357183933258,449.63689999985945
6s context + 2s horizon,60,20,6.0,2.0,Branco_BEsquerdo.txt,213.0,0.2392127608753688,60.0,0.1765278428792953,409.0458000000581
6s context + 2s horizon,60,20,6.0,2.0,Branco_BEsquerdo.txt,218.0,0.1893497627912575,60.0,0.3759413957595825,421.7017000000851
6s context + 2s horizon,60,20,6.0,2.0,Branco_BEsquerdo.txt,223.0,0.2765052912899103,60.0,0.216728538274765,418.68069999964064
6s context + 2s horizon,60,20,6.0,2.0,Branco_BEsquerdo.txt,228.0,0.2028803941451617,60.0,0.1912969201803207,417.6289000006364
6s context + 2s horizon,60,20,6.0,2.0,Branco_BEsquerdo.txt,233.0,0.2617795019894044,60.0,0.1164677515625953,411.4284000006592
6s context + 2s horizon,60,20,6.0,2.0,Branco_BEsquerdo.txt,238.0,0.2095833662493126,60.0,0.2601512372493744,410.6222999998863
6s context + 2s horizon,60,20,6.0,2.0,Branco_BEsquerdo.txt,243.0,0.1948108913932991,60.0,0.211200401186943,437.7619000006234
6s context + 2s horizon,60,20,6.0,2.0,Branco_BEsquerdo.txt,248.0,0.2437406559294449,60.0,0.2238476276397705,489.1165999997611
6s context + 2s horizon,60,20,6.0,2.0,Branco_BEsquerdo.txt,253.0,0.2234857850013842,60.0,0.1314206421375274,433.0254999995304
6s context + 2s horizon,60,20,6.0,2.0,Branco_BEsquerdo.txt,258.0,0.2802201408933166,60.0,0.2365078777074813,410.6360000005225
6s context + 2s horizon,60,20,6.0,2.0,Branco_BEsquerdo.txt,263.0,0.2696813429456092,60.0,0.1415896862745285,406.1288000002605
6s context + 2s horizon,60,20,6.0,2.0,Branco_BEsquerdo.txt,268.0,0.2294299486981868,60.0,0.1988133937120437,413.3254999997007
6s context + 2s horizon,60,20,6.0,2.0,Branco_BEsquerdo.txt,273.0,0.3210563934996529,60.0,0.2896170318126678,416.92970000076457
6s context + 2s horizon,60,20,6.0,2.0,Branco_BEsquerdo.txt,278.0,0.2680723146501444,60.0,0.3258739113807678,436.8928000003507
6s context + 2s horizon,60,20,6.0,2.0,Branco_BEsquerdo.txt,283.0,0.2978127300776585,60.0,0.2495995759963989,412.9344000002675
6s context + 2s horizon,60,20,6.0,2.0,Branco_BEsquerdo.txt,288.0,0.2542371196045217,60.0,0.1876438707113266,416.1859000005279
6s context + 2s horizon,60,20,6.0,2.0,Branco_BEsquerdo.txt,293.0,0.2408355983673781,60.0,0.1566358804702758,411.9885000000068
6s context + 2s horizon,60,20,6.0,2.0,Branco_BEsquerdo.txt,298.0,0.2538723385674598,60.0,0.2740468084812164,412.4009000006481
6s context + 2s horizon,60,20,6.0,2.0,Branco_BEsquerdo.txt,303.0,0.2154448130148221,60.0,0.2168523222208023,414.78640000059386
6s context + 2s horizon,60,20,6.0,2.0,Branco_BEsquerdo.txt,308.0,0.274869866870527,60.0,0.2852655947208404,410.3745000002164
6s context + 2s horizon,60,20,6.0,2.0,Branco_BEsquerdo.txt,313.0,0.2449695204426762,60.0,0.1345385313034057,417.6072000000204
6s context + 2s horizon,60,20,6.0,2.0,Branco_BEsquerdo.txt,318.0,0.2448374428403195,60.0,0.2517577111721039,408.0296000001909
6s context + 2s horizon,60,20,6.0,2.0,Branco_BEsquerdo.txt,323.0,0.2014091608810607,60.0,0.2458361387252807,406.5583000001425
6s context + 2s horizon,60,20,6.0,2.0,Branco_BEsquerdo.txt,328.0,0.1738511709587423,60.0,0.1410031765699386,411.3209000006464
6s context + 2s horizon,60,20,6.0,2.0,Branco_BEsquerdo.txt,333.0,0.1696407722343825,60.0,0.1554069370031356,410.3776000001744
6s context + 2s horizon,60,20,6.0,2.0,Branco_BEsquerdo.txt,338.0,0.1971435845478901,60.0,0.2095039933919906,412.774399999762
6s context + 2s horizon,60,20,6.0,2.0,Branco_BEsquerdo.txt,343.0,0.1444781890074026,60.0,0.3598105609416961,412.0888000006744
6s context + 2s horizon,60,20,6.0,2.0,Branco_BEsquerdo.txt,348.0,0.2510989412778202,60.0,0.2853731215000152,414.9379999998928
6s context + 2s horizon,60,20,6.0,2.0,Branco_BEsquerdo.txt,353.0,0.3724797223996581,60.0,0.4393940269947052,414.0164000000368
6s context + 2s horizon,60,20,6.0,2.0,Branco_BEsquerdo.txt,358.0,0.3048711244542439,60.0,0.4036981463432312,407.76050000022224
6s context + 2s horizon,60,20,6.0,2.0,Branco_BEsquerdo.txt,363.0,0.2954417305399849,60.0,0.2355210185050964,421.42990000047575
6s context + 2s horizon,60,20,6.0,2.0,Branco_BEsquerdo.txt,368.0,0.3295053748915594,60.0,0.2815155982971191,416.43070000009175
6s context + 2s horizon,60,20,6.0,2.0,Branco_BEsquerdo.txt,373.0,0.2087749883789989,60.0,0.1549468040466308,413.8362000003326
6s context + 2s horizon,60,20,6.0,2.0,Branco_BEsquerdo.txt,378.0,0.2240386551806076,60.0,0.4387148022651672,410.3109999996377
6s context + 2s horizon,60,20,6.0,2.0,Branco_BEsquerdo.txt,383.0,0.2034395714937436,60.0,0.2526359558105469,407.3908000000301
6s context + 2s horizon,60,20,6.0,2.0,Branco_BEsquerdo.txt,388.0,0.1792478632090769,60.0,0.2570974230766296,415.9969000002093
6s context + 2s horizon,60,20,6.0,2.0,Branco_BEsquerdo.txt,393.0,0.2280146981106565,60.0,0.2379365265369415,414.1955999994025
6s context + 2s horizon,60,20,6.0,2.0,Branco_BEsquerdo.txt,398.0,0.2050883624820712,60.0,0.2742409110069275,410.9269000000495
6s context + 2s horizon,60,20,6.0,2.0,Branco_BEsquerdo.txt,403.0,0.2418125489588279,60.0,0.4363951981067657,413.0514999997104
6s context + 2s horizon,60,20,6.0,2.0,Branco_BEsquerdo.txt,408.0,0.2385111145005512,60.0,0.1518038064241409,409.7799999999552
6s context + 2s horizon,60,20,6.0,2.0,Branco_BEsquerdo.txt,413.0,0.2507341173102625,60.0,0.1263929456472396,413.3990999998787
6s context + 2s horizon,60,20,6.0,2.0,Branco_BEsquerdo.txt,418.0,0.2379476192075482,60.0,0.1743365675210952,408.0234999992172
6s context + 2s horizon,60,20,6.0,2.0,Teste coupling.txt,8.0,0.0477873065765951,60.0,0.6523885726928711,422.6859999998851
6s context + 2s horizon,60,20,6.0,2.0,Teste coupling.txt,13.0,0.5434003396785798,75.0,0.3739224970340729,409.6365999994305
6s context + 2s horizon,60,20,6.0,2.0,Teste coupling.txt,18.0,0.3620101184785935,60.0,0.250080794095993,416.49619999952847
6s context + 2s horizon,60,20,6.0,2.0,Teste coupling.txt,23.0,0.1749832550141279,60.0,0.441855639219284,411.1595000003945
6s context + 2s horizon,60,20,6.0,2.0,Teste coupling.txt,28.0,0.14338807181462,60.0,0.7680087089538574,410.9801000004154
6s context + 2s horizon,60,20,6.0,2.0,Teste coupling.txt,33.0,0.0115495131187716,60.0,0.4898054599761963,416.0597000000053
6s context + 2s horizon,60,20,6.0,2.0,Teste coupling.txt,38.0,0.011063669943319,75.0,0.5317367315292358,409.17129999979807
6s context + 2s horizon,60,20,6.0,2.0,Teste coupling.txt,43.0,0.0133227015243047,60.0,0.3161650002002716,415.6113999997615
6s context + 2s horizon,60,20,6.0,2.0,Teste coupling.txt,48.0,0.0079172359633684,60.0,0.67864590883255,407.8358999995544
6s context + 2s horizon,60,20,6.0,2.0,Teste coupling.txt,53.0,0.0100171143844344,75.0,0.4492407143115997,414.8799000004146
6s context + 2s horizon,60,20,6.0,2.0,Teste coupling.txt,58.0,0.3967631407304533,75.0,0.2881577014923095,417.6680000000488
6s context + 2s horizon,60,20,6.0,2.0,Teste coupling.txt,63.0,0.3454349714475548,90.0,0.4826714694499969,415.8264000006966
6s context + 2s horizon,60,20,6.0,2.0,Teste coupling.txt,68.0,0.0079987471272856,75.0,1.1587387323379517,415.1459000004252
6s context + 2s horizon,60,20,6.0,2.0,Teste coupling.txt,73.0,0.0119689851297272,75.0,0.6377108097076416,411.9657000001098
6s context + 2s horizon,60,20,6.0,2.0,Teste coupling.txt,78.0,0.0136913933813819,75.0,0.9278233647346495,409.14340000017546
6s context + 2s horizon,60,20,6.0,2.0,Teste coupling.txt,83.0,0.2956374589755215,60.0,0.264810711145401,409.45210000063526
6s context + 2s horizon,60,20,6.0,2.0,Teste coupling.txt,88.0,0.2257328075400978,75.0,1.0724753141403198,410.5454999998983
6s context + 2s horizon,60,20,6.0,2.0,Teste coupling.txt,93.0,0.02086602817732,60.0,1.0009543895721436,418.4593999998469
6s context + 2s horizon,60,20,6.0,2.0,Teste coupling.txt,98.0,0.0190971469297692,90.0,0.3605825901031494,411.4771999993536
6s context + 2s horizon,60,20,6.0,2.0,Teste coupling.txt,103.0,0.0141927146762068,75.0,0.6955740451812744,412.8019999998287
6s context + 2s horizon,60,20,6.0,2.0,Teste coupling.txt,108.0,0.2924158594157703,60.0,0.6383121609687805,405.29220000007626
6s context + 2s horizon,60,20,6.0,2.0,Teste coupling.txt,113.0,0.4679583734464924,60.0,0.2437262684106826,412.8470000005109
6s context + 2s horizon,60,20,6.0,2.0,Teste coupling.txt,118.0,0.2328184339231452,105.0,0.6674097180366516,409.9135999995269
6s context + 2s horizon,60,20,6.0,2.0,Teste coupling.txt,123.0,0.0427624443680797,60.0,0.7617037296295166,409.6240999997463
6s context + 2s horizon,60,20,6.0,2.0,Teste coupling.txt,128.0,0.0185466447008993,75.0,2.314786911010742,420.700399999987
6s context + 2s horizon,60,20,6.0,2.0,Teste coupling.txt,133.0,0.0057698421077322,75.0,0.5064420104026794,409.3265000001338
6s context + 2s horizon,60,20,6.0,2.0,Teste coupling.txt,138.0,0.0178945152139406,60.0,0.4346020221710205,406.414400000358
6s context + 2s horizon,60,20,6.0,2.0,Teste coupling.txt,143.0,0.0351386944004409,60.0,0.7832666635513306,414.91059999953
6s context + 2s horizon,60,20,6.0,2.0,Teste coupling.txt,148.0,0.0183447376504666,60.0,0.6874794363975525,426.98590000054537
6s context + 2s horizon,60,20,6.0,2.0,Teste coupling.txt,153.0,0.0124210193249992,60.0,0.5595167279243469,447.7822000008018
6s context + 2s horizon,60,20,6.0,2.0,Teste coupling.txt,158.0,0.010002541933862,75.0,0.3874751329421997,419.7523000002548
6s context + 2s horizon,60,20,6.0,2.0,Teste coupling.txt,163.0,0.0173748349293123,60.0,0.3848487734794616,415.6086000002688
6s context + 2s horizon,60,20,6.0,2.0,Teste coupling.txt,168.0,0.0243276747188293,90.0,0.4421492218971252,409.64460000031977
6s context + 2s horizon,60,20,6.0,2.0,Teste coupling.txt,173.0,0.0355727226970114,60.0,1.050567626953125,414.61230000004434
6s context + 2s horizon,60,20,6.0,2.0,Teste coupling.txt,178.0,0.0039413261506025,75.0,0.4327737092971802,409.5558999997593
6s context + 2s horizon,60,20,6.0,2.0,Teste coupling.txt,183.0,0.0549277354611239,75.0,1.0344609022140503,415.184099999351
6s context + 2s horizon,60,20,6.0,2.0,Teste coupling.txt,188.0,0.0188016169267107,60.0,0.9674646854400636,413.56010000072274
6s context + 2s horizon,60,20,6.0,2.0,Teste coupling.txt,193.0,0.4696904347258044,60.0,0.3658180832862854,417.83790000044974
6s context + 2s horizon,60,20,6.0,2.0,Teste coupling.txt,198.0,0.4599685263051148,60.0,0.3268602192401886,414.8315000002185
6s context + 2s horizon,60,20,6.0,2.0,Teste coupling.txt,203.0,0.0382049360018397,75.0,0.4911077916622162,411.3169000002017
6s context + 2s horizon,60,20,6.0,2.0,Teste coupling.txt,208.0,0.0946000040061585,90.0,0.4038593173027038,413.29749999931664
6s context + 2s horizon,60,20,6.0,2.0,Teste coupling.txt,213.0,0.0183919886936797,75.0,0.4044301807880401,407.9389999997147
6s context + 2s horizon,60,20,6.0,2.0,Teste coupling.txt,218.0,0.0124287453772775,60.0,0.5480276346206665,412.93690000020433
6s context + 2s horizon,60,20,6.0,2.0,Teste coupling.txt,223.0,0.0076331508662438,75.0,0.9835422039031982,412.8614999999627
6s context + 2s horizon,60,20,6.0,2.0,Teste coupling.txt,228.0,0.029696269404439,75.0,0.2104171216487884,411.235300000044
6s context + 2s horizon,60,20,6.0,2.0,Teste coupling.txt,233.0,0.0750053587807634,75.0,0.413969874382019,406.6301000002568
6s context + 2s horizon,60,20,6.0,2.0,Teste coupling.txt,238.0,0.1364756731667006,60.0,4.68955135345459,408.3129999999073
6s context + 2s horizon,60,20,6.0,2.0,Teste coupling.txt,243.0,0.004680276492309,75.0,0.9694807529449464,413.835299999846
6s context + 2s horizon,60,20,6.0,2.0,Teste coupling.txt,248.0,0.7731757287367939,105.0,0.3379783630371094,423.85470000044734
6s context + 2s horizon,60,20,6.0,2.0,Teste coupling.txt,253.0,0.8952619228211196,90.0,0.2798254191875458,411.2230999999156
6s context + 2s horizon,60,20,6.0,2.0,Teste coupling.txt,258.0,0.7022386770243353,90.0,0.3444157838821411,415.4178999997384
6s context + 2s horizon,60,20,6.0,2.0,Teste coupling.txt,263.0,0.158645157204227,90.0,0.3514054715633392,415.6104000003325
6s context + 2s horizon,60,20,6.0,2.0,Teste coupling.txt,268.0,0.1283442346700523,60.0,1.4141608476638794,413.3567999997467
6s context + 2s horizon,60,20,6.0,2.0,Teste coupling.txt,273.0,0.0477064918723698,60.0,0.3463601768016815,414.8144999999204
6s context + 2s horizon,60,20,6.0,2.0,Teste coupling.txt,278.0,0.0606068163652519,60.0,1.1717506647109983,408.0705999995189
6s context + 2s horizon,60,20,6.0,2.0,Teste coupling.txt,283.0,0.0398380639996844,60.0,0.3666705191135406,405.7078000005277
6s context + 2s horizon,60,20,6.0,2.0,Teste coupling.txt,288.0,0.0490802134842812,60.0,1.0016717910766602,406.0721999994712
6s context + 2s horizon,60,20,6.0,2.0,Teste coupling.txt,293.0,0.0356701165493752,75.0,0.3275968432426452,404.14520000013
6s context + 2s horizon,60,20,6.0,2.0,Teste coupling.txt,298.0,0.0409911592882402,75.0,0.3328699767589569,410.6729000004634
6s context + 2s horizon,60,20,6.0,2.0,Teste coupling.txt,303.0,0.0563544202065199,60.0,0.572939395904541,407.53589999985707
6s context + 2s horizon,60,20,6.0,2.0,Teste coupling.txt,308.0,0.0691508145312879,60.0,1.513136625289917,408.8922000000821
6s context + 2s horizon,60,20,6.0,2.0,Teste coupling.txt,313.0,0.0665524395538311,60.0,0.3422546684741974,408.6839000001419
6s context + 2s horizon,60,20,6.0,2.0,Teste coupling.txt,318.0,0.0628162163408529,60.0,0.2515553534030914,483.0136000000493
6s context + 2s horizon,60,20,6.0,2.0,Teste coupling.txt,323.0,0.0731610181053045,135.0,0.2872650921344757,425.91100000026927
6s context + 2s horizon,60,20,6.0,2.0,Teste coupling.txt,328.0,0.116003492103609,90.0,0.8301400542259216,413.2445000004736
6s context + 2s horizon,60,20,6.0,2.0,Teste coupling.txt,333.0,0.0951957779097071,60.0,0.5699159502983093,416.4705000002869
6s context + 2s horizon,60,20,6.0,2.0,Teste coupling.txt,338.0,0.280335994799892,75.0,0.5362750291824341,420.8425000006173
6s context + 2s horizon,60,20,6.0,2.0,Teste coupling.txt,343.0,0.2292311027689499,60.0,0.1760447025299072,410.2757000000565
6s context + 2s horizon,60,20,6.0,2.0,Teste coupling.txt,348.0,0.3638035837106181,75.0,0.6488088369369507,412.7459999999701
6s context + 2s horizon,60,20,6.0,2.0,Teste coupling.txt,353.0,0.1599044427058971,60.0,0.5168210864067078,409.2475999996168
6s context + 2s horizon,60,20,6.0,2.0,Teste coupling.txt,358.0,0.1177253833571997,60.0,0.6893479228019714,427.12889999984327
6s context + 2s horizon,60,20,6.0,2.0,Teste coupling.txt,363.0,0.0799468709013733,75.0,0.3553171455860138,466.3762000000133
6s context + 2s horizon,60,20,6.0,2.0,Teste coupling.txt,368.0,0.2161213545842221,75.0,0.2314663529396057,415.7243999998173
6s context + 2s horizon,60,20,6.0,2.0,Teste coupling.txt,373.0,0.2320055319557041,135.0,0.7028756141662598,414.65450000032433
6s context + 2s horizon,60,20,6.0,2.0,Teste coupling.txt,378.0,0.0896350235471723,60.0,0.1664610654115677,416.2313999995604
6s context + 2s horizon,60,20,6.0,2.0,Teste coupling.txt,383.0,0.3461761628007215,90.0,1.1793229579925537,414.642300000196
6s context + 2s horizon,60,20,6.0,2.0,Teste coupling.txt,388.0,0.0944742439744778,60.0,0.498294860124588,495.92609999945125
6s context + 2s horizon,60,20,6.0,2.0,Teste coupling.txt,393.0,0.0180231564752339,60.0,0.2829822897911072,413.1995999996434
6s context + 2s horizon,60,20,6.0,2.0,Teste coupling.txt,398.0,0.0142157635862565,60.0,1.4334298372268677,407.7470000001995
6s context + 2s horizon,60,20,6.0,2.0,Teste coupling.txt,403.0,0.0108560345501299,60.0,0.2652580738067627,404.4739000000845
6s context + 2s horizon,60,20,6.0,2.0,Teste coupling.txt,408.0,0.1246335714641068,60.0,1.0264588594436646,414.3801000000167
6s context + 2s horizon,60,20,6.0,2.0,Teste coupling.txt,413.0,0.0667685764662213,90.0,0.5895404815673828,416.342600000462
6s context + 2s horizon,60,20,6.0,2.0,Teste coupling.txt,418.0,0.0304884291499243,60.0,0.5735164284706116,413.5427999999592
6s context + 2s horizon,60,20,6.0,2.0,Teste coupling.txt,423.0,0.5244292458574313,60.0,0.3817199170589447,413.48500000003696
6s context + 2s horizon,60,20,6.0,2.0,Teste coupling.txt,443.0,0.1769420145361935,60.0,0.5287656188011169,410.4287000000113
6s context + 2s horizon,60,20,6.0,2.0,Teste coupling.txt,448.0,0.1114998511799868,60.0,0.6867358088493347,414.82929999983753
6s context + 2s horizon,60,20,6.0,2.0,Teste coupling.txt,453.0,0.2004757736161551,60.0,0.8173152804374695,419.8560999993788
6s context + 2s horizon,60,20,6.0,2.0,Teste coupling.txt,458.0,0.0186409656806472,75.0,0.3637352883815765,416.0708999997951
6s context + 2s horizon,60,20,6.0,2.0,Teste coupling.txt,463.0,0.3961262020289404,75.0,0.2401142418384552,411.95090000019263
6s context + 2s horizon,60,20,6.0,2.0,Teste coupling.txt,468.0,0.3813781523781972,60.0,0.5166038274765015,406.87439999965136
6s context + 2s horizon,60,20,6.0,2.0,Teste coupling.txt,473.0,0.5397192182506617,75.0,0.4346287846565246,410.7573000001139
6s context + 2s horizon,60,20,6.0,2.0,Zero.txt,8.0,0.0815572818730895,60.0,0.6228951811790466,413.9540999995006
6s context + 2s horizon,60,20,6.0,2.0,Zero.txt,13.0,0.4834274061472595,60.0,0.3377334773540497,412.8820000005362
6s context + 2s horizon,60,20,6.0,2.0,Zero.txt,18.0,0.3871421265798707,60.0,0.5189007520675659,411.59330000027694
6s context + 2s horizon,60,20,6.0,2.0,Zero.txt,23.0,0.3218385384123291,60.0,0.0306209996342659,416.0433999995803
6s context + 2s horizon,60,20,6.0,2.0,Zero.txt,28.0,0.3738555554679122,60.0,0.4699163138866424,419.258500000069
6s context + 2s horizon,60,20,6.0,2.0,Zero.txt,33.0,0.50160757367136,60.0,0.2311185300350189,415.1390000006359
6s context + 2s horizon,60,20,6.0,2.0,Zero.txt,38.0,0.5748936854737843,60.0,0.1663251370191574,408.6007999994763
6s context + 2s horizon,60,20,6.0,2.0,Zero.txt,43.0,0.353992564560137,60.0,0.4629789590835571,418.9456000003702
6s context + 2s horizon,60,20,6.0,2.0,Zero.txt,48.0,0.1773905274081164,75.0,0.6536135077476501,414.8113000001104
6s context + 2s horizon,60,20,6.0,2.0,Zero.txt,53.0,0.3790980853614796,75.0,0.2457529753446579,415.04580000037095
6s context + 2s horizon,60,20,6.0,2.0,Zero.txt,58.0,0.3623170187509599,75.0,0.525226891040802,412.0522000002893
6s context + 2s horizon,60,20,6.0,2.0,Zero.txt,63.0,0.3429285402311727,60.0,0.5213783383369446,412.4875000006796
6s context + 2s horizon,60,20,6.0,2.0,ZeroL2.txt,8.0,0.7591596189668158,90.0,0.2288576811552047,419.11220000019966
6s context + 2s horizon,60,20,6.0,2.0,ZeroL2.txt,13.0,0.8655700544844248,75.0,0.4281617403030395,416.4099999998143
6s context + 2s horizon,60,20,6.0,2.0,ZeroL2.txt,18.0,0.8555532310002011,90.0,0.1100444570183754,416.1882999997033
6s context + 2s horizon,60,20,6.0,2.0,ZeroL2.txt,23.0,0.5012302441817544,75.0,0.9046623706817628,415.4865000000427
6s context + 2s horizon,60,20,6.0,2.0,ZeroL2.txt,28.0,0.6649311396637696,75.0,0.2273657321929931,414.2664000000877
6s context + 2s horizon,60,20,6.0,2.0,ZeroL2.txt,33.0,0.7093772636977054,75.0,0.2699109017848968,408.8424000001396
6s context + 2s horizon,60,20,6.0,2.0,ZeroL2.txt,38.0,0.8185826843939785,75.0,0.5866173505783081,413.6531000003743
6s context + 2s horizon,60,20,6.0,2.0,ZeroL2.txt,43.0,0.8507184845902449,90.0,0.2499120235443115,416.0080999999991
6s context + 2s horizon,60,20,6.0,2.0,ZeroL2.txt,48.0,0.7092961777494118,90.0,0.2615595161914825,412.6372000000629
6s context + 2s horizon,60,20,6.0,2.0,ZeroL2.txt,53.0,0.5650559275827166,105.0,0.7597882151603699,415.4421000002913
6s context + 2s horizon,60,20,6.0,2.0,ZeroL2.txt,58.0,0.6893110563955885,105.0,0.371178388595581,428.4621999995579
6s context + 2s horizon,60,20,6.0,2.0,ZeroL3.txt,8.0,0.4229717697288654,90.0,0.6358996033668518,414.7508000005473
6s context + 2s horizon,60,20,6.0,2.0,ZeroL3.txt,13.0,0.1001744273103044,105.0,0.2143035531044006,412.8485999999612
6s context + 2s horizon,60,20,6.0,2.0,ZeroL3.txt,18.0,0.3386376806064299,105.0,0.235087051987648,415.7424999993964
6s context + 2s horizon,60,20,6.0,2.0,ZeroL3.txt,23.0,0.7717425216933912,90.0,0.4379908144474029,418.06389999965177
6s context + 2s horizon,60,20,6.0,2.0,ZeroL3.txt,28.0,0.8436022094821035,75.0,0.3357204496860504,421.5096999996604
6s context + 2s horizon,60,20,6.0,2.0,ZeroL3.txt,33.0,0.8124903528996038,75.0,0.4487294852733612,412.5811999992948
6s context + 2s horizon,60,20,6.0,2.0,ZeroL3.txt,38.0,0.8255006362220534,75.0,0.3249752223491668,415.8376000004864
6s context + 2s horizon,60,20,6.0,2.0,ZeroL3.txt,43.0,0.8066456522967789,75.0,0.0655688941478729,414.62479999972857
6s context + 2s horizon,60,20,6.0,2.0,ZeroL3.txt,48.0,0.8365934680833226,75.0,0.4368974864482879,415.2254999999059
6s context + 2s horizon,60,20,6.0,2.0,ZeroL3.txt,53.0,0.7526402041919392,90.0,0.4542335867881775,415.2834000005896
6s context + 2s horizon,60,20,6.0,2.0,ZeroL3.txt,58.0,0.7520903109314261,90.0,0.1042231023311615,413.9396000000488
6s context + 2s horizon,60,20,6.0,2.0,coupling_protocol.txt,8.0,0.1484696187434343,75.0,0.2770350277423858,410.7558000005156
6s context + 2s horizon,60,20,6.0,2.0,coupling_protocol.txt,13.0,0.0805121730319627,60.0,0.6124966740608215,416.718899999978
6s context + 2s horizon,60,20,6.0,2.0,coupling_protocol.txt,18.0,0.0972853503798691,60.0,0.2306263446807861,414.9887999992643
6s context + 2s horizon,60,20,6.0,2.0,coupling_protocol.txt,23.0,0.0671189382239455,60.0,0.2515509724617004,416.815200000201
6s context + 2s horizon,60,20,6.0,2.0,coupling_protocol.txt,28.0,0.1192774665877975,60.0,0.2998467683792114,409.858300000451
6s context + 2s horizon,60,20,6.0,2.0,coupling_protocol.txt,33.0,0.1133432729318821,60.0,0.2588004171848297,408.7753000003431
6s context + 2s horizon,60,20,6.0,2.0,coupling_protocol.txt,38.0,0.1156869212752335,75.0,0.1218299642205238,409.6804000000702
6s context + 2s horizon,60,20,6.0,2.0,coupling_protocol.txt,43.0,0.0859973976447592,60.0,0.5284945368766785,405.223599999772
6s context + 2s horizon,60,20,6.0,2.0,coupling_protocol.txt,48.0,0.0806475103332061,75.0,0.2252256721258163,409.8076000000219
6s context + 2s horizon,60,20,6.0,2.0,coupling_protocol.txt,53.0,0.0897623848241634,60.0,0.2584337294101715,410.6886999998096
6s context + 2s horizon,60,20,6.0,2.0,coupling_protocol.txt,58.0,0.0795141112283546,60.0,0.2697736620903015,409.3875000007756
6s context + 2s horizon,60,20,6.0,2.0,coupling_protocol.txt,63.0,0.0770708823070287,60.0,0.2342249453067779,408.4116999993057
6s context + 2s horizon,60,20,6.0,2.0,coupling_protocol.txt,68.0,0.1215834754285528,75.0,0.3310677111148834,411.3632999997208
6s context + 2s horizon,60,20,6.0,2.0,coupling_protocol.txt,73.0,0.4055788399042101,75.0,0.3599843382835388,410.6964000002336
6s context + 2s horizon,60,20,6.0,2.0,coupling_protocol.txt,78.0,0.3135640938170868,75.0,0.2571585476398468,414.385900000525
6s context + 2s horizon,60,20,6.0,2.0,coupling_protocol.txt,83.0,0.4198241235047293,75.0,0.3394765853881836,409.80279999985214
6s context + 2s horizon,60,20,6.0,2.0,coupling_protocol.txt,88.0,0.3405208800472051,75.0,0.2549938559532165,415.5386000002181
6s context + 2s horizon,60,20,6.0,2.0,coupling_protocol.txt,93.0,0.3064076475560252,90.0,0.4233938753604889,410.8040000000983
6s context + 2s horizon,60,20,6.0,2.0,coupling_protocol.txt,98.0,0.0690418778614471,60.0,0.4073631167411804,415.6253000001016
6s context + 2s horizon,60,20,6.0,2.0,coupling_protocol.txt,103.0,0.0452284486471004,60.0,0.2697116434574127,406.42840000055
6s context + 2s horizon,60,20,6.0,2.0,coupling_protocol.txt,108.0,0.0147171375801934,75.0,0.5864461660385132,411.4808000003905
6s context + 2s horizon,60,20,6.0,2.0,coupling_protocol.txt,113.0,0.0175680201490176,75.0,0.1142928451299667,411.7114999999103
6s context + 2s horizon,60,20,6.0,2.0,coupling_protocol.txt,118.0,0.0154003943477388,75.0,0.2720820903778076,407.1252000003369
6s context + 2s horizon,60,20,6.0,2.0,coupling_protocol.txt,123.0,0.0148422725137754,60.0,0.115052081644535,412.1878999994806
6s context + 2s horizon,60,20,6.0,2.0,coupling_protocol.txt,128.0,0.0126844677123815,60.0,0.551384449005127,412.4996999998984
6s context + 2s horizon,60,20,6.0,2.0,coupling_protocol.txt,133.0,0.0102636519242277,75.0,0.4847698807716369,407.64730000046256
6s context + 2s horizon,60,20,6.0,2.0,coupling_protocol.txt,138.0,0.0299220402425508,75.0,0.3661528527736664,413.8786000003165
6s context + 2s horizon,60,20,6.0,2.0,coupling_protocol.txt,143.0,0.0310477127954107,60.0,1.8037922382354736,412.16369999983726
6s context + 2s horizon,60,20,6.0,2.0,coupling_protocol.txt,148.0,0.0056512180919196,75.0,0.4265255033969879,423.7873000001855
6s context + 2s horizon,60,20,6.0,2.0,coupling_protocol.txt,153.0,0.0051941635618113,75.0,0.2792232930660248,407.1583000004466
6s context + 2s horizon,60,20,6.0,2.0,coupling_protocol.txt,158.0,0.0092024052172538,60.0,0.9770609140396118,409.8336000006384
6s context + 2s horizon,60,20,6.0,2.0,coupling_test2.txt,8.0,0.0632693058545684,75.0,0.7597447037696838,413.986699999441
6s context + 2s horizon,60,20,6.0,2.0,coupling_test2.txt,13.0,0.0652601308782822,75.0,0.197170615196228,407.5368000003437
6s context + 2s horizon,60,20,6.0,2.0,coupling_test2.txt,18.0,0.060986767292248,75.0,0.1239480525255203,426.8616999997903
6s context + 2s horizon,60,20,6.0,2.0,coupling_test2.txt,23.0,0.065273137178105,75.0,0.1144191175699234,463.6485000000903
6s context + 2s horizon,60,20,6.0,2.0,coupling_test2.txt,28.0,0.0671648537605946,75.0,0.0982345417141914,409.8061000004236
6s context + 2s horizon,60,20,6.0,2.0,coupling_test2.txt,33.0,0.0709849216887216,75.0,0.4765207469463348,430.8368000001792
6s context + 2s horizon,60,20,6.0,2.0,coupling_test2.txt,38.0,0.0757049817343654,75.0,0.3887373507022857,408.1693999996787
6s context + 2s horizon,60,20,6.0,2.0,coupling_test2.txt,43.0,0.0784895804749774,75.0,0.3824875950813293,410.31740000016725
6s context + 2s horizon,60,20,6.0,2.0,coupling_test2.txt,48.0,0.0792124441618481,75.0,0.2244195491075515,411.5679999995336
6s context + 2s horizon,60,20,6.0,2.0,coupling_test2.txt,53.0,0.0537972567327499,75.0,0.4370165765285492,412.641199999598
6s context + 2s horizon,60,20,6.0,2.0,coupling_test2.txt,58.0,0.0653227244390729,75.0,0.2624743282794952,410.34010000021226
6s context + 2s horizon,60,20,6.0,2.0,coupling_test2.txt,63.0,0.2537669796292041,75.0,0.251868337392807,410.6046000006245
6s context + 2s horizon,60,20,6.0,2.0,coupling_test2.txt,68.0,0.2620389705041295,60.0,0.9478087425231934,415.4137999994418
6s context + 2s horizon,60,20,6.0,2.0,coupling_test2.txt,73.0,0.1457050505974274,75.0,0.3550333678722381,412.9120999996303
6s context + 2s horizon,60,20,6.0,2.0,coupling_test2.txt,78.0,0.5430170093108283,75.0,0.5123171806335449,417.50260000026174
6s context + 2s horizon,60,20,6.0,2.0,coupling_test2.txt,83.0,0.5607889375769067,60.0,0.2324711382389068,408.5913999997501
6s context + 2s horizon,60,20,6.0,2.0,coupling_test2.txt,88.0,0.6407285463163873,75.0,0.200694590806961,413.7468000008084
6s context + 2s horizon,60,20,6.0,2.0,coupling_test2.txt,93.0,0.681058230895003,75.0,0.2178957611322403,412.9597999999533
6s context + 2s horizon,60,20,6.0,2.0,coupling_test2.txt,98.0,0.6235487902786833,75.0,0.1992297917604446,408.89809999953286
6s context + 2s horizon,60,20,6.0,2.0,coupling_test2.txt,103.0,0.6822853288403753,75.0,0.2333961874246597,409.73870000016177
6s context + 2s horizon,60,20,6.0,2.0,coupling_test2.txt,108.0,0.5548044336069137,75.0,0.5106779932975769,410.0395999994362
6s context + 2s horizon,60,20,6.0,2.0,coupling_test2.txt,113.0,0.4547656217409892,60.0,0.2244338393211364,418.81779999948776
6s context + 2s horizon,60,20,6.0,2.0,coupling_test2.txt,118.0,0.5038879541704112,60.0,0.2240777462720871,405.4710000000341
6s context + 2s horizon,60,20,6.0,2.0,coupling_test2.txt,123.0,0.4959812775036706,60.0,0.3226254284381866,410.3209000004426
6s context + 2s horizon,60,20,6.0,2.0,coupling_test2.txt,128.0,0.5112653075862194,75.0,0.2358423173427581,411.1852000005456
6s context + 2s horizon,60,20,6.0,2.0,coupling_test2.txt,133.0,0.5650391771810739,75.0,0.2476767897605896,408.5849000002781
6s context + 2s horizon,60,20,6.0,2.0,coupling_test2.txt,138.0,0.5046887064595674,75.0,0.2615808844566345,413.03100000004633
6s context + 2s horizon,60,20,6.0,2.0,e_desta.txt,8.0,0.0067902882812067,60.0,0.6006191968917847,413.1909999996424
6s context + 2s horizon,60,20,6.0,2.0,e_desta.txt,13.0,0.1786050952260313,60.0,0.3952270746231079,411.8753000002471
6s context + 2s horizon,60,20,6.0,2.0,e_desta.txt,18.0,0.3699885964023656,60.0,0.2700455784797668,416.312199999993
6s context + 2s horizon,60,20,6.0,2.0,e_desta.txt,23.0,0.222290432986865,60.0,0.4401203691959381,409.8862000000736
6s context + 2s horizon,60,20,6.0,2.0,e_desta.txt,28.0,0.1703860666630573,60.0,0.2409090250730514,411.0763999997289
6s context + 2s horizon,60,20,6.0,2.0,e_desta.txt,33.0,0.0980468375469283,60.0,0.5836307406425476,417.6125000003594
6s context + 2s horizon,60,20,6.0,2.0,e_desta.txt,38.0,0.0755056386748481,60.0,0.3533359169960022,414.7319000003336
6s context + 2s horizon,60,20,6.0,2.0,e_desta.txt,43.0,0.3275772009516934,75.0,0.4367291033267975,411.58790000008594
6s context + 2s horizon,60,20,6.0,2.0,e_desta.txt,48.0,0.0817658349252997,75.0,0.6238625049591064,409.1262000001734
6s context + 2s horizon,60,20,6.0,2.0,e_desta.txt,53.0,0.0211603314069942,60.0,0.7063929438591003,415.2872999993633
6s context + 2s horizon,60,20,6.0,2.0,e_desta.txt,58.0,0.0465609945690903,75.0,1.0030776262283323,413.4001000002172
6s context + 2s horizon,60,20,6.0,2.0,e_desta.txt,63.0,0.1206410108896945,60.0,0.3934066295623779,490.7690999998522
6s context + 2s horizon,60,20,6.0,2.0,e_desta.txt,68.0,0.0278686428984326,60.0,0.6401849985122681,441.5232000001197
6s context + 2s horizon,60,20,6.0,2.0,e_desta.txt,73.0,0.2200892853770728,75.0,0.8019216060638428,413.6205000004338
6s context + 2s horizon,60,20,6.0,2.0,e_desta.txt,78.0,0.2482705171762839,75.0,0.4130351543426513,408.4442000003037
6s context + 2s horizon,60,20,6.0,2.0,e_desta.txt,83.0,0.0636629041731566,75.0,0.7073898315429688,403.9889000005133
6s context + 2s horizon,60,20,6.0,2.0,e_desta.txt,88.0,0.1495958820831254,75.0,0.7060789465904236,417.10710000006657
6s context + 2s horizon,60,20,6.0,2.0,e_desta2.txt,8.0,0.0044286280125687,60.0,0.2755175232887268,426.2656999999308
6s context + 2s horizon,60,20,6.0,2.0,e_desta2.txt,13.0,0.1238550754664584,75.0,0.4863010048866272,426.8105000001015
6s context + 2s horizon,60,20,6.0,2.0,e_desta2.txt,18.0,0.1480569803404022,90.0,0.4930632412433624,468.4299000000465
6s context + 2s horizon,60,20,6.0,2.0,e_desta2.txt,23.0,0.1702683697982768,180.0,0.4203581511974334,430.8009000005768
6s context + 2s horizon,60,20,6.0,2.0,e_desta2.txt,28.0,0.2249801754887044,90.0,0.5568817257881165,493.9573999999993
6s context + 2s horizon,60,20,6.0,2.0,e_desta2.txt,33.0,0.1872933734451825,60.0,0.3635167777538299,596.1063000004287
6s context + 2s horizon,60,20,6.0,2.0,e_desta2.txt,38.0,0.051816026135542,60.0,0.4075661599636078,594.4630000003599
6s context + 2s horizon,60,20,6.0,2.0,e_desta2.txt,43.0,0.1297198001835136,60.0,0.3475842177867889,479.7129999997196
6s context + 2s horizon,60,20,6.0,2.0,e_desta2.txt,48.0,0.0660496795053835,90.0,0.2772373259067535,531.0021999994206
6s context + 2s horizon,60,20,6.0,2.0,e_desta2.txt,53.0,0.0507149506261534,60.0,0.2981559932231903,468.0084000001443
6s context + 2s horizon,60,20,6.0,2.0,e_desta2.txt,58.0,0.0415307663994464,60.0,0.7334156632423401,428.4877999998571
6s context + 2s horizon,60,20,6.0,2.0,e_desta2.txt,63.0,0.0320872254792511,60.0,0.6624802947044373,429.9644000002445
6s context + 2s horizon,60,20,6.0,2.0,e_desta2.txt,68.0,0.0127377159479757,75.0,0.1961355358362198,428.31829999977344
6s context + 2s horizon,60,20,6.0,2.0,e_desta2.txt,73.0,0.1334588378385723,90.0,0.3833892345428467,414.1841000000568
6s context + 2s horizon,60,20,6.0,2.0,e_desta2.txt,78.0,0.0590989493141241,105.0,0.5570647716522217,450.86820000051375
6s context + 2s horizon,60,20,6.0,2.0,e_desta2.txt,83.0,0.0550235336462644,105.0,0.4514405429363251,463.1601999999475
6s context + 2s horizon,60,20,6.0,2.0,e_desta2.txt,88.0,0.1049988164003843,90.0,0.2586908936500549,418.45110000031127
6s context + 2s horizon,60,20,6.0,2.0,e_desta3.txt,8.0,0.092575077435768,105.0,0.995027482509613,441.0404000000199
6s context + 2s horizon,60,20,6.0,2.0,e_desta3.txt,13.0,0.0778471581449167,90.0,0.4292676746845245,422.00640000010026
6s context + 2s horizon,60,20,6.0,2.0,e_desta3.txt,18.0,0.1068073423461002,150.0,0.549146294593811,416.77619999973103
6s context + 2s horizon,60,20,6.0,2.0,e_desta3.txt,23.0,0.1134600683248691,75.0,0.2592665553092956,419.3951999995989
6s context + 2s horizon,60,20,6.0,2.0,e_desta3.txt,28.0,0.085466691835196,60.0,0.4702366590499878,417.8172000001723
6s context + 2s horizon,60,20,6.0,2.0,e_desta3.txt,33.0,0.0826587420013778,60.0,0.3410780131816864,422.8738000001613
6s context + 2s horizon,60,20,6.0,2.0,e_desta3.txt,38.0,0.0110217633728246,60.0,0.5777851939201355,603.5432999997283
6s context + 2s horizon,60,20,6.0,2.0,e_desta3.txt,43.0,0.0341755896779656,75.0,1.8326563835144043,489.0715000001365
6s context + 2s horizon,60,20,6.0,2.0,e_desta3.txt,48.0,0.0434034120755292,60.0,0.5145848989486694,423.5906000003524
6s context + 2s horizon,60,20,6.0,2.0,e_desta3.txt,53.0,0.0,60.0,0.293192982673645,410.354699999516
6s context + 2s horizon,60,20,6.0,2.0,e_desta3.txt,58.0,0.0,60.0,1.1818528175354004,423.57300000003306
6s context + 2s horizon,60,20,6.0,2.0,e_desta3.txt,63.0,0.0623928472819418,60.0,0.532183825969696,425.4747999993924
6s context + 2s horizon,60,20,6.0,2.0,e_desta3.txt,68.0,0.0305174902667154,60.0,1.1349152326583862,436.408599999595
6s context + 2s horizon,60,20,6.0,2.0,e_desta3.txt,73.0,0.0090965167216878,90.0,0.1327834576368332,561.5254000003915
6s context + 2s horizon,60,20,6.0,2.0,e_desta3.txt,78.0,0.0095385615210462,90.0,0.0413657389581203,424.8847999997452
6s context + 2s horizon,60,20,6.0,2.0,e_desta3.txt,83.0,0.0120459833005132,90.0,0.0608581118285656,474.8528000000079
6s context + 2s horizon,60,20,6.0,2.0,e_desta3.txt,88.0,0.0489870059576137,90.0,0.134003609418869,512.2768000001088
6s context + 2s horizon,60,20,6.0,2.0,e_desta4.txt,8.0,0.4051719982697598,75.0,0.6635468006134033,536.0850999995819
6s context + 2s horizon,60,20,6.0,2.0,e_desta4.txt,13.0,0.2746919666437163,60.0,0.7262733578681946,557.9412000006414
6s context + 2s horizon,60,20,6.0,2.0,e_desta4.txt,18.0,0.1462458548136718,60.0,0.5142359137535095,537.2291000003315
6s context + 2s horizon,60,20,6.0,2.0,e_desta4.txt,23.0,0.166500390815579,60.0,0.2886807024478912,529.637399999956
6s context + 2s horizon,60,20,6.0,2.0,e_desta4.txt,28.0,0.3610634898716076,60.0,0.2441703081130981,525.7172000001447
6s context + 2s horizon,60,20,6.0,2.0,e_desta4.txt,33.0,0.041576479790822,60.0,0.3639463186264038,533.2006999997247
6s context + 2s horizon,60,20,6.0,2.0,e_desta4.txt,38.0,0.0268011481583434,60.0,0.4181143045425415,513.09399999991
6s context + 2s horizon,60,20,6.0,2.0,e_desta4.txt,43.0,0.0301718711047267,60.0,1.4211872816085815,509.4048999999359
6s context + 2s horizon,60,20,6.0,2.0,e_desta4.txt,48.0,0.1340793672711415,60.0,0.3476898074150085,500.8436999996775
6s context + 2s horizon,60,20,6.0,2.0,e_desta4.txt,53.0,0.0367992290725243,60.0,0.1739027351140976,532.8436999998303
6s context + 2s horizon,60,20,6.0,2.0,e_desta4.txt,58.0,0.0542935991105687,75.0,0.4350707530975342,501.66840000019874
6s context + 2s horizon,60,20,6.0,2.0,e_desta4.txt,63.0,0.033708446772315,75.0,0.667494535446167,579.7284999998737
6s context + 2s horizon,60,20,6.0,2.0,e_desta4.txt,68.0,0.0263282276729805,75.0,0.6150566339492798,523.8804000000528
6s context + 2s horizon,60,20,6.0,2.0,e_desta4.txt,73.0,0.1854689122237228,90.0,0.5522242188453674,499.05110000054265
6s context + 2s horizon,60,20,6.0,2.0,e_desta4.txt,78.0,0.2136190169628321,75.0,0.712963342666626,417.9257000005237
6s context + 2s horizon,60,20,6.0,2.0,e_desta4.txt,83.0,0.3695416082637576,75.0,0.8706405758857727,434.8189000002094
6s context + 2s horizon,60,20,6.0,2.0,e_desta4.txt,88.0,0.1728999997869346,60.0,0.5018178820610046,444.93400000010297
6s context + 2s horizon,60,20,6.0,2.0,opensignals_00078089802C_2026-01-09_11-41-44.txt,8.0,0.1291800627311563,180.0,0.2176598757505417,425.5335999996532
6s context + 2s horizon,60,20,6.0,2.0,opensignals_00078089802C_2026-01-09_11-41-44.txt,13.0,0.2416069490542608,180.0,0.9936579465866088,419.9386999998751
6s context + 2s horizon,60,20,6.0,2.0,opensignals_00078089802C_2026-01-09_11-41-44.txt,18.0,0.3433697356218363,60.0,0.4778717756271362,414.6393999999418
6s context + 2s horizon,60,20,6.0,2.0,opensignals_00078089802C_2026-01-09_11-41-44.txt,23.0,0.5680532804701538,75.0,0.2995960712432861,419.9592000004486
6s context + 2s horizon,60,20,6.0,2.0,opensignals_00078089802C_2026-01-09_11-41-44.txt,28.0,0.464415557030417,60.0,0.4954966604709625,411.20930000033695
6s context + 2s horizon,60,20,6.0,2.0,opensignals_00078089802C_2026-01-09_11-41-44.txt,33.0,0.5874483988934687,60.0,0.2239018082618713,412.4158000004172
6s context + 2s horizon,60,20,6.0,2.0,opensignals_00078089802C_2026-01-09_11-41-44.txt,38.0,0.6362301868608112,75.0,0.4032564163208008,417.4983000002612
6s context + 2s horizon,60,20,6.0,2.0,opensignals_00078089802C_2026-01-09_11-41-44.txt,43.0,0.4726142820333947,60.0,0.2032188028097152,410.7966999999917
6s context + 2s horizon,60,20,6.0,2.0,opensignals_00078089802C_2026-01-09_11-41-44.txt,48.0,0.5026892157232321,60.0,0.3403266072273254,426.7885999997816
6s context + 2s horizon,60,20,6.0,2.0,opensignals_00078089802C_2026-01-09_11-41-44.txt,53.0,0.518632470213941,60.0,0.3222267925739288,432.69280000004073
6s context + 2s horizon,60,20,6.0,2.0,opensignals_00078089802C_2026-01-09_11-41-44.txt,58.0,0.6528458832017474,60.0,0.1887833327054977,419.6467000001576
6s context + 2s horizon,60,20,6.0,2.0,opensignals_00078089802C_2026-01-09_11-41-44.txt,63.0,0.3699727803446221,60.0,0.3215062022209167,421.302900000228
6s context + 2s horizon,60,20,6.0,2.0,opensignals_00078089802C_2026-01-09_11-41-44.txt,68.0,0.0450179608933993,60.0,0.8547517657279968,469.4150999994236
6s context + 2s horizon,60,20,6.0,2.0,opensignals_00078089802C_2026-01-09_11-41-44.txt,73.0,0.2983000738199097,60.0,0.3285096883773803,461.32200000010926
6s context + 2s horizon,60,20,6.0,2.0,opensignals_00078089802C_2026-01-09_11-41-44.txt,78.0,0.3615328017239904,150.0,0.1970455646514892,416.8365999994421
6s context + 2s horizon,60,20,6.0,2.0,opensignals_00078089802C_2026-01-09_11-41-44.txt,83.0,0.3966268015670041,60.0,3.299551010131836,416.1047999996299
6s context + 2s horizon,60,20,6.0,2.0,opensignals_00078089802C_2026-01-09_11-41-44.txt,88.0,0.5598317703168441,60.0,0.350469172000885,426.4315999998871
6s context + 2s horizon,60,20,6.0,2.0,opensignals_00078089802C_2026-01-09_11-41-44.txt,93.0,0.4627866255151627,90.0,0.2250793129205703,428.5747999992964
6s context + 2s horizon,60,20,6.0,2.0,opensignals_00078089802C_2026-01-09_11-41-44.txt,98.0,0.3189878852167593,60.0,0.4451811909675598,422.1328000003268
6s context + 2s horizon,60,20,6.0,2.0,opensignals_00078089802C_2026-01-09_11-41-44.txt,103.0,0.5406281009347595,120.0,0.295441597700119,456.9173999998384
6s context + 2s horizon,60,20,6.0,2.0,opensignals_00078089802C_2026-01-09_11-41-44.txt,108.0,0.2728348745336871,60.0,0.4079680442810058,437.9601999999068
6s context + 2s horizon,60,20,6.0,2.0,opensignals_00078089802C_2026-01-09_11-41-44.txt,113.0,0.1574602245531932,60.0,0.4373579025268554,425.7496000000174
6s context + 2s horizon,60,20,6.0,2.0,opensignals_00078089802C_2026-01-09_11-41-44.txt,118.0,0.1399796474491052,90.0,0.3362709581851959,418.49329999968177
6s context + 2s horizon,60,20,6.0,2.0,opensignals_00078089802C_2026-01-09_11-41-44.txt,123.0,0.1759316386062123,60.0,0.9099291563034058,436.7738000000827
6s context + 2s horizon,60,20,6.0,2.0,opensignals_00078089802C_2026-01-09_11-41-44.txt,128.0,0.0879483497057957,60.0,0.430950403213501,418.4677000002921
6s context + 2s horizon,60,20,6.0,2.0,opensignals_00078089802C_2026-01-09_11-41-44.txt,133.0,0.1362469781326266,90.0,0.3249477446079254,420.8444999994754
6s context + 2s horizon,60,20,6.0,2.0,opensignals_00078089802C_2026-01-09_11-41-44.txt,138.0,0.3043362483921059,60.0,0.3446204960346222,427.3892000001069
6s context + 2s horizon,60,20,6.0,2.0,opensignals_00078089802C_2026-01-09_11-41-44.txt,143.0,0.065672825252038,60.0,0.4432275593280792,420.4961000004914
6s context + 2s horizon,60,20,6.0,2.0,opensignals_00078089802C_2026-01-09_11-41-44.txt,148.0,0.082724138405082,60.0,1.2162117958068848,416.6884000005666
6s context + 2s horizon,60,20,6.0,2.0,opensignals_00078089802C_2026-01-09_11-41-44.txt,153.0,0.0974815647820225,60.0,0.3993197977542877,412.6362999995763
6s context + 2s horizon,60,20,6.0,2.0,opensignals_00078089802C_2026-01-09_11-41-44.txt,158.0,0.164790751939839,75.0,0.4682735800743103,408.6435999997775
6s context + 2s horizon,60,20,6.0,2.0,opensignals_00078089802C_2026-01-09_11-41-44.txt,163.0,0.1231062815375891,75.0,0.3260489106178283,416.0425999998552
6s context + 2s horizon,60,20,6.0,2.0,opensignals_00078089802C_2026-01-09_11-41-44.txt,168.0,0.1845263788469877,60.0,0.5486489534378052,411.6385999996055
6s context + 2s horizon,60,20,6.0,2.0,opensignals_00078089802C_2026-01-09_11-41-44.txt,173.0,0.113989463984221,60.0,0.5232208967208862,420.0020000007498
6s context + 2s horizon,60,20,6.0,2.0,opensignals_00078089802C_2026-01-09_11-41-44.txt,178.0,0.4037464798888439,60.0,0.5846590399742126,434.1767999994772
6s context + 2s horizon,60,20,6.0,2.0,opensignals_00078089802C_2026-01-09_11-41-44.txt,183.0,0.2290039131165798,60.0,0.6760820150375366,409.1561000004731
6s context + 2s horizon,60,20,6.0,2.0,opensignals_00078089802C_2026-01-09_11-41-44.txt,188.0,0.0867213193889095,60.0,0.4728045165538788,422.924200000125
6s context + 2s horizon,60,20,6.0,2.0,opensignals_00078089802C_2026-01-09_11-41-44.txt,193.0,0.2163565595064403,60.0,0.305518239736557,415.4649000001882
6s context + 2s horizon,60,20,6.0,2.0,opensignals_00078089802C_2026-01-09_11-41-44.txt,198.0,0.4063081229161952,60.0,0.229708582162857,419.01789999974426
6s context + 2s horizon,60,20,6.0,2.0,opensignals_00078089802C_2026-01-09_11-41-44.txt,203.0,0.0756559809756691,60.0,0.3305278420448303,422.78799999985495
6s context + 2s horizon,60,20,6.0,2.0,opensignals_00078089802C_2026-01-09_11-41-44.txt,208.0,0.1067189672315277,60.0,0.5397194623947144,421.2156000003233
6s context + 2s horizon,60,20,6.0,2.0,opensignals_00078089802C_2026-01-09_11-41-44.txt,213.0,0.1726018038477506,60.0,0.8564119935035706,417.62319999998
6s context + 2s horizon,60,20,6.0,2.0,opensignals_00078089802C_2026-01-09_11-41-44.txt,218.0,0.2211255382262821,75.0,0.5026305317878723,408.6744999995062
6s context + 2s horizon,60,20,6.0,2.0,opensignals_00078089802C_2026-01-09_11-41-44.txt,223.0,0.1007691420945649,90.0,2.593451738357544,421.3890999999421
6s context + 2s horizon,60,20,6.0,2.0,opensignals_00078089802C_2026-01-09_11-41-44.txt,228.0,0.109056187086679,60.0,0.5054190754890442,418.34779999953753
6s context + 2s horizon,60,20,6.0,2.0,opensignals_00078089802C_2026-01-09_11-41-44.txt,233.0,0.1336149337963772,60.0,0.3843047618865967,418.0404999997336
6s context + 2s horizon,60,20,6.0,2.0,opensignals_00078089802C_2026-01-09_11-41-44.txt,238.0,0.2634260901289356,60.0,0.3125949800014496,414.6728999994593
6s context + 2s horizon,60,20,6.0,2.0,opensignals_00078089802C_2026-02-06_12-13-17.txt,8.0,0.1263479771746328,60.0,0.3176977932453155,412.6843999993071
6s context + 2s horizon,60,20,6.0,2.0,opensignals_00078089802C_2026-02-06_12-13-17.txt,13.0,0.0910948507373279,60.0,0.7535172700881958,412.9227000003084
6s context + 2s horizon,60,20,6.0,2.0,opensignals_00078089802C_2026-02-06_12-13-17.txt,18.0,0.0724200066278603,60.0,0.9223358035087584,418.0562000001373
6s context + 2s horizon,60,20,6.0,2.0,opensignals_00078089802C_2026-02-06_12-13-17.txt,23.0,0.0563088841196904,60.0,0.5557953119277954,420.1621000001978
6s context + 2s horizon,60,20,6.0,2.0,opensignals_00078089802C_2026-02-06_12-13-17.txt,28.0,0.0529792847729957,60.0,0.7538353204727173,416.8223999995462
6s context + 2s horizon,60,20,6.0,2.0,opensignals_00078089802C_2026-02-06_12-13-17.txt,33.0,0.0515179942098836,60.0,0.71666419506073,415.3073999996195
6s context + 2s horizon,60,20,6.0,2.0,opensignals_00078089802C_2026-02-06_12-13-17.txt,38.0,0.0569738904441583,60.0,0.2852441072463989,433.37199999950826
6s context + 2s horizon,60,20,6.0,2.0,opensignals_00078089802C_2026-02-06_12-13-17.txt,43.0,0.0879857868073151,60.0,0.5127058625221252,426.14680000042426
6s context + 2s horizon,60,20,6.0,2.0,opensignals_00078089802C_2026-02-06_12-13-17.txt,48.0,0.118581039699034,60.0,0.2539587020874023,428.4207000000606
6s context + 2s horizon,60,20,6.0,2.0,opensignals_00078089802C_2026-02-06_12-13-17.txt,53.0,0.0541250813914881,60.0,0.5279585719108582,423.6047000003964
6s context + 2s horizon,60,20,6.0,2.0,opensignals_00078089802C_2026-02-06_12-13-17.txt,58.0,0.0741265022685718,60.0,0.4900915920734405,425.3175000003466
6s context + 2s horizon,60,20,6.0,2.0,opensignals_00078089802C_2026-02-06_12-13-17.txt,63.0,0.0796297234852489,60.0,0.5059401392936707,411.7516000005708
6s context + 2s horizon,60,20,6.0,2.0,opensignals_00078089802C_2026-02-06_12-13-17.txt,68.0,0.074448370271619,60.0,0.2910521626472473,415.1628999998138
6s context + 2s horizon,60,20,6.0,2.0,opensignals_00078089802C_2026-02-06_12-13-17.txt,73.0,0.1075568403409481,60.0,0.3694991171360016,435.6314999995448
6s context + 2s horizon,60,20,6.0,2.0,opensignals_00078089802C_2026-02-06_12-13-17.txt,78.0,0.1047899861852252,60.0,0.4386218190193176,419.2969000005178
6s context + 2s horizon,60,20,6.0,2.0,opensignals_00078089802C_2026-02-06_12-13-17.txt,83.0,0.1538103519576773,60.0,0.9214841723442078,423.06989999997313
6s context + 2s horizon,60,20,6.0,2.0,opensignals_00078089802C_2026-02-06_12-13-17.txt,88.0,0.0595561357629651,60.0,0.8239378333091736,421.2240999995629
6s context + 2s horizon,60,20,6.0,2.0,opensignals_00078089802C_2026-02-06_12-13-17.txt,93.0,0.0901854318078433,60.0,0.1658801436424255,411.57530000054976
6s context + 2s horizon,60,20,6.0,2.0,opensignals_00078089802C_2026-02-06_12-13-17.txt,98.0,0.0887917607416875,60.0,0.4314256608486175,420.7355999997162
6s context + 2s horizon,60,20,6.0,2.0,opensignals_00078089802C_2026-02-06_12-13-17.txt,103.0,0.0577051787290368,60.0,0.254967451095581,414.3824000002496
6s context + 2s horizon,60,20,6.0,2.0,opensignals_00078089802C_2026-02-06_12-13-17.txt,108.0,0.0595877797536461,60.0,0.1460737884044647,419.9257000000216
6s context + 2s horizon,60,20,6.0,2.0,opensignals_00078089802C_2026-02-06_12-13-17.txt,113.0,0.0606475854438667,75.0,0.3423831462860107,472.9862000003777
6s context + 2s horizon,60,20,6.0,2.0,opensignals_00078089802C_2026-02-06_12-13-17.txt,118.0,0.0535658036489457,75.0,0.5747753381729126,501.21839999974327
6s context + 2s horizon,60,20,6.0,2.0,opensignals_00078089802C_2026-02-06_12-13-17.txt,123.0,0.0660640085460992,60.0,1.2107234001159668,434.02359999981854
6s context + 2s horizon,60,20,6.0,2.0,opensignals_00078089802C_2026-02-06_12-13-17.txt,128.0,0.1939954719357307,60.0,0.4443684816360473,424.8647000003984
6s context + 2s horizon,60,20,6.0,2.0,opensignals_00078089802C_2026-02-06_12-13-17.txt,133.0,0.063129935753372,60.0,0.8079764246940613,421.6754999997647
6s context + 2s horizon,60,20,6.0,2.0,opensignals_00078089802C_2026-02-20_12-48-58.txt,8.0,0.5204533105403233,60.0,0.8793256878852844,435.8790999995108
6s context + 2s horizon,60,20,6.0,2.0,opensignals_00078089802C_2026-02-20_12-48-58.txt,13.0,0.4475686522144252,75.0,0.4089589118957519,423.06489999919
6s context + 2s horizon,60,20,6.0,2.0,opensignals_00078089802C_2026-02-20_12-48-58.txt,18.0,0.4370406082461851,60.0,0.7303329110145569,416.9402999996237
6s context + 2s horizon,60,20,6.0,2.0,opensignals_00078089802C_2026-02-20_12-48-58.txt,23.0,0.4164196383826317,60.0,0.3550461530685425,423.419499999909
6s context + 2s horizon,60,20,6.0,2.0,opensignals_00078089802C_2026-02-20_12-48-58.txt,28.0,0.2339335109974226,60.0,0.3334061205387115,417.9092000003948
6s context + 2s horizon,60,20,6.0,2.0,opensignals_00078089802C_2026-02-20_12-48-58.txt,33.0,0.2494830858446313,60.0,0.1643484234809875,416.1938999995982
6s context + 2s horizon,60,20,6.0,2.0,opensignals_00078089802C_2026-02-20_12-48-58.txt,38.0,0.2140880131998011,60.0,0.3374457657337188,418.0673999999272
6s context + 2s horizon,60,20,6.0,2.0,opensignals_00078089802C_2026-02-20_12-48-58.txt,43.0,0.2651191276787967,60.0,0.6029852032661438,415.55909999988216
6s context + 2s horizon,60,20,6.0,2.0,opensignals_00078089802C_2026-02-20_12-48-58.txt,48.0,0.2002216349224352,60.0,0.3176896870136261,421.3798999999199
6s context + 2s horizon,60,20,6.0,2.0,opensignals_00078089802C_2026-02-20_12-48-58.txt,53.0,0.2782921909359294,60.0,0.755639910697937,413.7430000000677
6s context + 2s horizon,60,20,6.0,2.0,opensignals_00078089802C_2026-02-20_12-48-58.txt,58.0,0.2583112780592962,60.0,0.1667654365301132,410.5083000004015
6s context + 2s horizon,60,20,6.0,2.0,opensignals_00078089802C_2026-02-20_12-48-58.txt,63.0,0.2371367818464992,60.0,0.4734073579311371,414.562300000398
6s context + 2s horizon,60,20,6.0,2.0,opensignals_00078089802C_2026-02-20_12-48-58.txt,68.0,0.2066646431468532,60.0,0.281596839427948,409.7098999991431
6s context + 2s horizon,60,20,6.0,2.0,opensignals_00078089802C_2026-02-20_12-48-58.txt,73.0,0.2506046316743719,60.0,0.3157824873924255,410.0979000004372
6s context + 2s horizon,60,20,6.0,2.0,opensignals_00078089802C_2026-02-20_12-48-58.txt,78.0,0.1647874541699841,60.0,0.3287985622882843,412.89859999960754
6s context + 2s horizon,60,20,6.0,2.0,opensignals_00078089802C_2026-02-20_12-48-58.txt,83.0,0.177244370270017,60.0,0.3853760659694671,410.8414000002085
6s context + 2s horizon,60,20,6.0,2.0,opensignals_00078089802C_2026-02-20_12-48-58.txt,88.0,0.1640093510631717,60.0,0.2887569963932037,414.1454000000522
6s context + 2s horizon,60,20,6.0,2.0,opensignals_00078089802C_2026-02-20_12-48-58.txt,93.0,0.1570103036705182,60.0,0.1634188741445541,420.5850999996983
6s context + 2s horizon,60,20,6.0,2.0,opensignals_00078089802C_2026-02-20_12-48-58.txt,98.0,0.170857163407551,60.0,0.2240055799484253,417.8905999997369
6s context + 2s horizon,60,20,6.0,2.0,opensignals_00078089802C_2026-02-20_12-48-58.txt,103.0,0.2124755575700245,60.0,0.4022949337959289,421.0612999995647
6s context + 2s horizon,60,20,6.0,2.0,opensignals_00078089802C_2026-02-20_12-48-58.txt,108.0,0.1864273135883256,60.0,0.3054398596286773,470.9591999999248
6s context + 2s horizon,60,20,6.0,2.0,opensignals_00078089802C_2026-02-20_12-48-58.txt,113.0,0.1714588752564413,60.0,0.2708037793636322,416.7072000000189
6s context + 2s horizon,60,20,6.0,2.0,opensignals_00078089802C_2026-02-20_12-48-58.txt,118.0,0.190997036847927,60.0,0.1286031305789947,430.769099999452
6s context + 2s horizon,60,20,6.0,2.0,opensignals_00078089802C_2026-02-20_12-48-58.txt,123.0,0.2004986135928737,60.0,0.2467224597930908,420.93290000048
6s context + 2s horizon,60,20,6.0,2.0,opensignals_00078089802C_2026-02-20_12-48-58.txt,128.0,0.1707576329391177,60.0,0.1561618000268936,417.9727999999159
6s context + 2s horizon,60,20,6.0,2.0,opensignals_00078089802C_2026-02-20_12-48-58.txt,133.0,0.1957889984866845,60.0,0.4503680467605591,415.1229999997668
6s context + 2s horizon,60,20,6.0,2.0,opensignals_00078089802C_2026-02-20_12-48-58.txt,138.0,0.26879565583203,60.0,0.3871152698993683,411.31790000054025
6s context + 2s horizon,60,20,6.0,2.0,opensignals_00078089802C_2026-02-20_12-48-58.txt,143.0,0.2157206091685707,60.0,0.6817483305931091,413.5225999998511
6s context + 2s horizon,60,20,6.0,2.0,opensignals_00078089802C_2026-02-20_12-48-58.txt,148.0,0.1555468698064162,60.0,0.3249367475509643,417.6580000003014
6s context + 2s horizon,60,20,6.0,2.0,opensignals_00078089802C_2026-02-20_12-48-58.txt,153.0,0.1897954692316723,60.0,0.3034932315349579,415.8526000001075
6s context + 2s horizon,60,20,6.0,2.0,opensignals_00078089802C_2026-02-20_12-48-58.txt,158.0,0.1680772728785269,60.0,0.2345219701528549,411.1457999997583
6s context + 2s horizon,60,20,6.0,2.0,opensignals_00078089802C_2026-02-20_12-48-58.txt,163.0,0.1890844957374374,60.0,0.2116899788379669,411.8705000000773
6s context + 2s horizon,60,20,6.0,2.0,opensignals_00078089802C_2026-02-20_12-48-58.txt,168.0,0.2130118785034077,60.0,0.1341837644577026,416.3131000004796
6s context + 2s horizon,60,20,6.0,2.0,opensignals_00078089802C_2026-02-20_12-48-58.txt,173.0,0.1874291712457289,60.0,0.1169825121760368,412.9886999999144
6s context + 2s horizon,60,20,6.0,2.0,opensignals_00078089802C_2026-02-20_12-48-58.txt,178.0,0.224994033911954,60.0,0.3120019137859344,414.301599999817
6s context + 2s horizon,60,20,6.0,2.0,opensignals_00078089802C_2026-02-20_12-48-58.txt,183.0,0.1315924393883099,60.0,0.2157763242721557,414.2028000005666
6s context + 2s horizon,60,20,6.0,2.0,opensignals_00078089802C_2026-02-20_12-48-58.txt,188.0,0.1939975963488908,60.0,0.4931055605411529,523.3419999995021
6s context + 2s horizon,60,20,6.0,2.0,opensignals_00078089802C_2026-02-20_12-48-58.txt,193.0,0.2152270915744744,60.0,0.40321084856987,437.8891999995176
6s context + 2s horizon,60,20,6.0,2.0,opensignals_00078089802C_2026-02-20_12-48-58.txt,198.0,0.1672976931673766,60.0,0.287942498922348,416.8446000003314
6s context + 2s horizon,60,20,6.0,2.0,opensignals_00078089802C_2026-02-20_12-48-58.txt,203.0,0.1587577555597741,60.0,0.4270940721035003,413.474099999803
6s context + 2s horizon,60,20,6.0,2.0,opensignals_00078089802C_2026-02-20_12-48-58.txt,208.0,0.1780453785067197,60.0,0.4283887147903442,416.4071999994121
6s context + 2s horizon,60,20,6.0,2.0,opensignals_00078089802C_2026-02-20_12-48-58.txt,213.0,0.1590751172631082,60.0,0.4694928526878357,419.3854999994073
6s context + 2s horizon,60,20,6.0,2.0,opensignals_00078089802C_2026-02-20_12-48-58.txt,218.0,0.1399993174551582,60.0,0.3923742175102234,423.20120000022143
6s context + 2s horizon,60,20,6.0,2.0,opensignals_00078089802C_2026-02-20_12-48-58.txt,223.0,0.110772220139482,60.0,0.6431382298469543,415.8033000003343
6s context + 2s horizon,60,20,6.0,2.0,opensignals_00078089802C_2026-02-20_12-48-58.txt,228.0,0.1335301926638808,60.0,0.6189375519752502,412.6200000000608
6s context + 2s horizon,60,20,6.0,2.0,opensignals_00078089802C_2026-02-20_12-48-58.txt,233.0,0.1284803605670961,60.0,0.731235682964325,413.8523999999961
6s context + 2s horizon,60,20,6.0,2.0,opensignals_00078089802C_2026-02-20_12-48-58.txt,238.0,0.1448449259812702,60.0,0.5892804265022278,409.01149999990594
6s context + 2s horizon,60,20,6.0,2.0,opensignals_00078089802C_2026-04-17_11-41-52.txt,8.0,0.0004413851619709,75.0,0.702719509601593,412.8848000000289
6s context + 2s horizon,60,20,6.0,2.0,opensignals_00078089802C_2026-04-17_11-41-52.txt,13.0,0.0004063111733027,60.0,0.8387026786804199,415.2530999999726
6s context + 2s horizon,60,20,6.0,2.0,opensignals_00078089802C_2026-04-17_11-41-52.txt,18.0,0.0003335102529232,60.0,0.2715754210948944,412.0044999999664
6s context + 2s horizon,60,20,6.0,2.0,opensignals_00078089802C_2026-04-17_11-41-52.txt,23.0,0.000213251012223,75.0,0.4558563232421875,419.81850000047416
6s context + 2s horizon,60,20,6.0,2.0,opensignals_00078089802C_2026-04-17_11-41-52.txt,28.0,0.1424003431151679,60.0,0.4334694147109985,412.2505000004821
6s context + 2s horizon,60,20,6.0,2.0,opensignals_00078089802C_2026-04-17_11-41-52.txt,33.0,0.0977700215991978,180.0,0.7467514872550964,417.2437999995964
6s context + 2s horizon,60,20,6.0,2.0,opensignals_00078089802C_2026-04-17_11-41-52.txt,38.0,0.0958667901668951,60.0,0.481194794178009,461.2538000001223
6s context + 2s horizon,60,20,6.0,2.0,opensignals_00078089802C_2026-04-17_11-41-52.txt,43.0,0.0287592173814099,60.0,0.7161547541618347,484.1654000001654
6s context + 2s horizon,60,20,6.0,2.0,opensignals_00078089802C_2026-04-17_11-41-52.txt,48.0,0.0003325396774369,75.0,0.3621536493301391,413.0402999999205
6s context + 2s horizon,60,20,6.0,2.0,opensignals_00078089802C_2026-04-17_11-41-52.txt,53.0,0.0002246766017009,75.0,0.1638171374797821,411.05359999983193
6s context + 2s horizon,60,20,6.0,2.0,opensignals_00078089802C_2026-04-17_11-41-52.txt,58.0,0.0002472688131517,75.0,0.60589599609375,420.0204999997368
6s context + 2s horizon,60,20,6.0,2.0,opensignals_00078089802C_2026-04-17_11-41-52.txt,63.0,0.0002623160076425,75.0,0.3835928440093994,409.9930000002132
6s context + 2s horizon,60,20,6.0,2.0,opensignals_00078089802C_2026-04-17_11-41-52.txt,68.0,0.0062997109422308,90.0,0.256806343793869,424.2651000004116
6s context + 2s horizon,60,20,6.0,2.0,opensignals_00078089802C_2026-04-17_11-41-52.txt,73.0,0.2694581177320871,75.0,0.2124528586864471,419.2668999994567
6s context + 2s horizon,60,20,6.0,2.0,opensignals_00078089802C_2026-04-17_11-41-52.txt,78.0,0.2011732194267428,75.0,0.4368011355400085,411.6630999997142
6s context + 2s horizon,60,20,6.0,2.0,opensignals_00078089802C_2026-04-17_11-41-52.txt,83.0,0.2033605671211603,105.0,0.3937015831470489,413.48420000031183
6s context + 2s horizon,60,20,6.0,2.0,opensignals_00078089802C_2026-04-17_11-41-52.txt,88.0,0.3287837370447664,90.0,0.8814321160316467,419.64470000039
6s context + 2s horizon,60,20,6.0,2.0,opensignals_00078089802C_2026-04-17_11-41-52.txt,93.0,0.0033887233827707,75.0,0.4846373200416565,423.6397999993642
6s context + 2s horizon,60,20,6.0,2.0,opensignals_00078089802C_2026-04-17_11-41-52.txt,98.0,0.001549308857854,75.0,0.2321086674928665,417.99600000013015
6s context + 2s horizon,60,20,6.0,2.0,opensignals_00078089802C_2026-04-17_11-41-52.txt,103.0,0.0003694163115133,60.0,0.2832708358764648,417.81799999989744
6s context + 2s horizon,60,20,6.0,2.0,opensignals_00078089802C_2026-04-17_11-41-52.txt,108.0,0.0008668995017074,60.0,0.4617063701152801,426.3060000002952
6s context + 2s horizon,60,20,6.0,2.0,opensignals_00078089802C_2026-04-17_11-41-52.txt,113.0,0.001946152309412,60.0,0.4037072658538818,441.9176000001244
6s context + 2s horizon,60,20,6.0,2.0,opensignals_00078089802C_2026-04-17_11-41-52.txt,118.0,0.0006287037653815,60.0,0.5781648755073547,460.12270000028366
6s context + 2s horizon,60,20,6.0,2.0,opensignals_00078089802C_2026-04-17_11-41-52.txt,123.0,0.0008922034075159,60.0,0.5758938193321228,421.54200000004494
6s context + 2s horizon,60,20,6.0,2.0,opensignals_00078089802C_2026-04-17_11-41-52.txt,128.0,0.0001419044864329,75.0,0.6430677771568298,421.5309000001071
6s context + 2s horizon,60,20,6.0,2.0,opensignals_00078089802C_2026-04-17_11-41-52.txt,133.0,0.000113139864819,75.0,0.1989407390356063,412.9530999998679
6s context + 2s horizon,60,20,6.0,2.0,opensignals_00078089802C_2026-04-17_11-41-52.txt,138.0,0.0004909730822723,75.0,0.4935846626758575,410.40049999992334
6s context + 2s horizon,60,20,6.0,2.0,opensignals_00078089802C_2026-04-17_11-41-52.txt,143.0,0.0004000106460136,75.0,0.2126059830188751,418.1355999999141
6s context + 2s horizon,60,20,6.0,2.0,opensignals_00078089802C_2026-04-17_11-41-52.txt,148.0,0.0017129741086747,60.0,0.396679162979126,407.66379999968194
6s context + 2s horizon,60,20,6.0,2.0,opensignals_00078089802C_2026-04-17_11-41-52.txt,153.0,0.0024024385127965,75.0,0.2123708426952362,417.8578000000925
6s context + 2s horizon,60,20,6.0,2.0,opensignals_00078089802C_2026-04-17_11-41-52.txt,158.0,0.4730776176060936,105.0,0.27667236328125,424.58480000004784
6s context + 2s horizon,60,20,6.0,2.0,opensignals_00078089802C_2026-04-17_11-41-52.txt,163.0,0.0334932380031577,60.0,0.666812002658844,420.5287000004319
6s context + 2s horizon,60,20,6.0,2.0,opensignals_00078089802C_2026-04-17_11-41-52.txt,168.0,0.0002596467369905,75.0,0.2667391896247864,422.03040000003966
6s context + 2s horizon,60,20,6.0,2.0,opensignals_00078089802C_2026-04-17_11-41-52.txt,173.0,0.0109220812786474,60.0,0.6963018178939819,419.66929999944114
6s context + 2s horizon,60,20,6.0,2.0,opensignals_00078089802C_2026-04-17_11-41-52.txt,178.0,0.0043755198192599,60.0,0.296315997838974,424.1327999998248
6s context + 2s horizon,60,20,6.0,2.0,opensignals_00078089802C_2026-04-17_11-41-52.txt,183.0,0.0016346226529469,60.0,0.3753496706485748,412.8028000004633
6s context + 2s horizon,60,20,6.0,2.0,opensignals_00078089802C_2026-04-17_11-41-52.txt,188.0,0.0013641884841561,60.0,1.0187567472457886,416.2101000001712
6s context + 2s horizon,60,20,6.0,2.0,opensignals_00078089802C_2026-04-17_11-41-52.txt,193.0,0.0019118232583317,60.0,1.023450255393982,416.9273999996221
6s context + 2s horizon,60,20,6.0,2.0,opensignals_00078089802C_2026-04-17_11-41-52.txt,198.0,0.0012551050137655,60.0,0.4698503613471985,410.104799999317
6s context + 2s horizon,60,20,6.0,2.0,opensignals_00078089802C_2026-04-17_11-41-52.txt,203.0,0.0009614636677963,60.0,0.2881925404071808,414.759000000231
6s context + 2s horizon,60,20,6.0,2.0,opensignals_00078089802C_2026-04-17_11-41-52.txt,208.0,0.1286369766628846,60.0,0.4443490505218506,414.0262999999322
6s context + 2s horizon,60,20,6.0,2.0,opensignals_00078089802C_2026-04-17_11-41-52.txt,213.0,0.0043218987272003,60.0,0.7830648422241211,414.7163999996337
6s context + 2s horizon,60,20,6.0,2.0,opensignals_00078089802C_2026-04-17_11-41-52.txt,218.0,0.0062589231912271,60.0,0.3400896191596985,416.8675999999323
6s context + 2s horizon,60,20,6.0,2.0,opensignals_00078089802C_2026-04-17_11-41-52.txt,223.0,0.0025563120470226,90.0,0.5033376216888428,416.2525000001551
6s context + 2s horizon,60,20,6.0,2.0,opensignals_00078089802C_2026-04-17_11-41-52.txt,228.0,0.0028939121221528,60.0,0.5409702658653259,416.3183999999092
6s context + 2s horizon,60,20,6.0,2.0,opensignals_00078089802C_2026-04-17_11-41-52.txt,233.0,0.0013952791378421,60.0,0.9504714012145996,413.9444000002186
6s context + 2s horizon,60,20,6.0,2.0,opensignals_00078089802C_2026-04-17_11-41-52.txt,238.0,0.0007119124021254,75.0,0.8551891446113586,419.2497000003641
6s context + 2s horizon,60,20,6.0,2.0,opensignals_00078089802C_2026-04-17_11-41-52.txt,243.0,0.000594205595977,75.0,0.3906199038028717,419.8368999996092
6s context + 2s horizon,60,20,6.0,2.0,opensignals_00078089802C_2026-04-17_11-46-05.txt,8.0,0.0001615249412819,75.0,0.977299988269806,415.4120999992301
6s context + 2s horizon,60,20,6.0,2.0,opensignals_00078089802C_2026-04-17_11-46-05.txt,13.0,0.0001827692862525,75.0,0.9796257615089417,412.4339999998483
6s context + 2s horizon,60,20,6.0,2.0,opensignals_00078089802C_2026-04-17_11-46-05.txt,18.0,0.0001425184285148,60.0,0.6393078565597534,411.5186999997604
6s context + 2s horizon,60,20,6.0,2.0,opensignals_00078089802C_2026-04-17_11-46-05.txt,23.0,0.0020855510775051,60.0,0.6064566969871521,416.9960999997784
6s context + 2s horizon,60,20,6.0,2.0,opensignals_00078089802C_2026-04-17_11-46-05.txt,28.0,0.0017404934929818,60.0,0.354496955871582,411.8210999995426
6s context + 2s horizon,60,20,6.0,2.0,opensignals_00078089802C_2026-04-17_11-46-05.txt,33.0,0.0004259641227429,90.0,0.4802422523498535,417.16470000028494
6s context + 2s horizon,60,20,6.0,2.0,opensignals_00078089802C_2026-04-17_11-46-05.txt,38.0,0.0003377572725335,75.0,0.4929777681827545,413.31739999986894
6s context + 2s horizon,60,20,6.0,2.0,opensignals_00078089802C_2026-04-17_11-46-05.txt,43.0,0.0002416526978019,75.0,0.6833775639533997,418.2196000001568
6s context + 2s horizon,60,20,6.0,2.0,opensignals_00078089802C_2026-04-17_11-46-05.txt,48.0,0.0051514010855572,60.0,0.3243283629417419,418.6749000000418
6s context + 2s horizon,60,20,6.0,2.0,opensignals_00078089802C_2026-04-17_11-46-05.txt,53.0,0.0028862558545301,150.0,0.3807947039604187,412.0591000000786
6s context + 2s horizon,60,20,6.0,2.0,opensignals_00078089802C_2026-04-17_11-46-05.txt,58.0,0.0054481265455593,60.0,0.2780049741268158,417.0017999995253
6s context + 2s horizon,60,20,6.0,2.0,opensignals_00078089802C_2026-04-17_11-46-05.txt,63.0,0.0118676092131981,60.0,0.4531851410865783,419.4318999998359
6s context + 2s horizon,60,20,6.0,2.0,opensignals_00078089802C_2026-04-17_11-46-05.txt,68.0,0.0637048771972817,75.0,0.4788707792758941,425.0013000000763
6s context + 2s horizon,60,20,6.0,2.0,opensignals_00078089802C_2026-04-17_11-46-05.txt,73.0,0.1053231461320756,75.0,0.8518902063369751,417.6768000006632
6s context + 2s horizon,60,20,6.0,2.0,opensignals_00078089802C_2026-04-17_11-46-05.txt,78.0,0.0727038717232483,60.0,0.6157572865486145,415.3927999996085
6s context + 2s horizon,60,20,6.0,2.0,opensignals_00078089802C_2026-04-17_11-46-05.txt,83.0,0.052157907404704,60.0,0.7093817591667175,427.4998000000778
6s context + 2s horizon,60,20,6.0,2.0,opensignals_00078089802C_2026-04-17_11-46-05.txt,88.0,0.1241431795685001,90.0,0.3630239963531494,414.24370000004274
6s context + 2s horizon,60,20,6.0,2.0,opensignals_00078089802C_2026-04-17_11-46-05.txt,93.0,0.0915175940912412,75.0,0.7976850867271423,418.7116999992213
6s context + 2s horizon,60,20,6.0,2.0,opensignals_00078089802C_2026-04-17_11-46-05.txt,98.0,0.2707590863042325,75.0,0.4186132252216339,427.7678000007654
6s context + 2s horizon,60,20,6.0,2.0,opensignals_00078089802C_2026-04-17_11-46-05.txt,103.0,0.136825295633751,60.0,0.4887477457523346,415.8607999997912
6s context + 2s horizon,60,20,6.0,2.0,opensignals_00078089802C_2026-04-17_11-46-05.txt,108.0,0.1297180073231528,60.0,1.8742328882217407,416.1569999996573
6s context + 2s horizon,60,20,6.0,2.0,opensignals_00078089802C_2026-04-17_11-46-05.txt,113.0,0.086839577141213,60.0,0.6401368379592896,418.2596000000558
6s context + 2s horizon,60,20,6.0,2.0,opensignals_00078089802C_2026-04-17_11-46-05.txt,118.0,0.0556208875479709,60.0,1.0759341716766355,423.7950999995519
6s context + 2s horizon,60,20,6.0,2.0,opensignals_00078089802C_2026-04-17_11-46-05.txt,123.0,0.0799345536777702,60.0,0.6047664284706116,411.7129999995086
6s context + 2s horizon,60,20,6.0,2.0,opensignals_00078089802C_2026-04-17_11-46-05.txt,128.0,0.1445021805399217,75.0,0.6426324844360352,416.7852999999013
6s context + 2s horizon,60,20,6.0,2.0,opensignals_00078089802C_2026-04-17_11-46-05.txt,133.0,0.1869902700440331,75.0,0.8730396628379822,410.9845000002679
6s context + 2s horizon,60,20,6.0,2.0,opensignals_00078089802C_2026-04-17_11-46-05.txt,138.0,0.3028378722481493,75.0,0.2505313456058502,414.9107000002914
6s context + 2s horizon,60,20,6.0,2.0,opensignals_00078089802C_2026-04-17_11-46-05.txt,143.0,0.2615335751218548,60.0,0.3665938377380371,414.53850000016246
6s context + 2s horizon,60,20,6.0,2.0,opensignals_00078089802C_2026-04-17_11-46-05.txt,148.0,0.1415780554420578,75.0,0.3005399703979492,410.26200000032986
6s context + 2s horizon,60,20,6.0,2.0,opensignals_00078089802C_2026-04-17_11-46-05.txt,153.0,0.2138584953757325,60.0,0.3703412115573883,419.8140999997122
6s context + 2s horizon,60,20,6.0,2.0,opensignals_00078089802C_2026-04-17_11-46-05.txt,158.0,0.4218955813869619,75.0,0.7140159606933594,417.4324999994497
6s context + 2s horizon,60,20,6.0,2.0,opensignals_00078089802C_2026-04-17_11-46-05.txt,163.0,0.2184648052416286,60.0,0.3284720480442047,409.85770000042976
6s context + 2s horizon,60,20,6.0,2.0,opensignals_00078089802C_2026-04-17_11-46-05.txt,168.0,0.3115078973604541,75.0,0.4671904146671295,424.988900000244
6s context + 2s horizon,60,20,6.0,2.0,opensignals_00078089802C_2026-04-17_11-46-05.txt,173.0,0.2469948977492506,60.0,0.4481574892997741,418.34099999960017
6s context + 2s horizon,60,20,6.0,2.0,opensignals_00078089802C_2026-04-17_11-46-05.txt,178.0,0.3265219993763775,60.0,0.5243855118751526,464.71870000004856
6s context + 2s horizon,60,20,6.0,2.0,opensignals_00078089802C_2026-04-17_11-46-05.txt,183.0,0.1525347445864939,75.0,0.3736443519592285,424.8330000000351
6s context + 2s horizon,60,20,6.0,2.0,opensignals_00078089802C_2026-04-17_11-46-05.txt,188.0,0.110953940107199,90.0,0.3657992780208587,429.6603000002506
6s context + 2s horizon,60,20,6.0,2.0,opensignals_00078089802C_2026-04-17_11-46-05.txt,193.0,0.1139581949917803,75.0,0.3483147323131561,423.9296999994622
6s context + 2s horizon,60,20,6.0,2.0,opensignals_00078089802C_2026-04-17_11-46-05.txt,198.0,0.2464735105350115,60.0,0.3118136525154114,427.9470000001311
6s context + 2s horizon,60,20,6.0,2.0,opensignals_00078089802C_2026-04-17_11-46-05.txt,203.0,0.254027514261692,75.0,0.7454017996788025,425.5764999998064
6s context + 2s horizon,60,20,6.0,2.0,opensignals_00078089802C_2026-04-17_11-46-05.txt,208.0,0.2104766057890967,75.0,0.3362472653388977,413.8015999997151
6s context + 2s horizon,60,20,6.0,2.0,opensignals_00078089802C_2026-04-17_11-46-05.txt,213.0,0.0830483933598029,75.0,0.3707592785358429,418.9720999993369
6s context + 2s horizon,60,20,6.0,2.0,opensignals_00078089802C_2026-04-17_11-46-05.txt,218.0,0.1150076989148159,60.0,0.6533589959144592,420.1622000000498
6s context + 2s horizon,60,20,6.0,2.0,opensignals_00078089802C_2026-04-17_11-46-05.txt,223.0,0.0696830136601864,60.0,0.2454242557287216,421.50930000025255
6s context + 2s horizon,60,20,6.0,2.0,opensignals_00078089802C_2026-04-17_11-46-05.txt,228.0,0.0758334443480707,60.0,0.529190182685852,414.95579999991605
6s context + 2s horizon,60,20,6.0,2.0,opensignals_00078089802C_2026-04-17_11-53-12.txt,8.0,0.0518330986267594,75.0,0.544479489326477,418.7932000004366
6s context + 2s horizon,60,20,6.0,2.0,opensignals_00078089802C_2026-04-17_11-53-12.txt,13.0,0.0445168111391294,75.0,0.5545015931129456,441.22949999928096
6s context + 2s horizon,60,20,6.0,2.0,opensignals_00078089802C_2026-04-17_11-53-12.txt,18.0,0.175585950056222,60.0,0.3819980919361114,425.8838999994623
6s context + 2s horizon,60,20,6.0,2.0,opensignals_00078089802C_2026-04-17_11-53-12.txt,23.0,0.034006166019433,75.0,0.5476750135421753,442.0181999994384
6s context + 2s horizon,60,20,6.0,2.0,opensignals_00078089802C_2026-04-17_11-53-12.txt,28.0,0.0411703529913099,75.0,0.2332983464002609,418.9040000001114
6s context + 2s horizon,60,20,6.0,2.0,opensignals_00078089802C_2026-04-17_11-53-12.txt,33.0,0.0385882185453804,60.0,0.2566221356391907,417.4745999998777
6s context + 2s horizon,60,20,6.0,2.0,opensignals_00078089802C_2026-04-17_11-53-12.txt,38.0,0.0565753909772585,60.0,0.3505647480487823,423.1042999999772
6s context + 2s horizon,60,20,6.0,2.0,opensignals_00078089802C_2026-04-17_11-53-12.txt,43.0,0.1412655568194273,60.0,0.9706272482872008,421.58889999973326
6s context + 2s horizon,60,20,6.0,2.0,opensignals_00078089802C_2026-04-17_11-53-12.txt,48.0,0.0785685242408477,60.0,0.5792596936225891,421.4903000001868
6s context + 2s horizon,60,20,6.0,2.0,opensignals_00078089802C_2026-04-17_11-53-12.txt,53.0,0.4639540470219306,60.0,1.168259620666504,420.4146000001856
6s context + 2s horizon,60,20,6.0,2.0,opensignals_00078089802C_2026-04-17_11-53-12.txt,58.0,0.2989417572792143,90.0,0.4378554821014404,424.2281000006187
6s context + 2s horizon,60,20,6.0,2.0,opensignals_00078089802C_2026-04-17_11-53-12.txt,63.0,0.1915878426738084,75.0,0.4962901175022125,419.0350999997463
6s context + 2s horizon,60,20,6.0,2.0,opensignals_00078089802C_2026-04-17_11-53-12.txt,68.0,0.3752372613577456,60.0,0.8669764995574951,417.9025000003094
6s context + 2s horizon,60,20,6.0,2.0,opensignals_00078089802C_2026-04-17_11-53-12.txt,73.0,0.2855819382597447,75.0,0.3831111788749695,420.8864000001995
6s context + 2s horizon,60,20,6.0,2.0,opensignals_00078089802C_2026-04-17_11-53-12.txt,78.0,0.1851623878933955,75.0,0.6495199799537659,416.7219000000841
6s context + 2s horizon,60,20,6.0,2.0,opensignals_00078089802C_2026-04-17_11-53-12.txt,83.0,0.2530906119268503,75.0,0.3003915250301361,429.95540000083565
6s context + 2s horizon,60,20,6.0,2.0,opensignals_00078089802C_2026-04-17_11-53-12.txt,88.0,0.1862980258957915,75.0,0.6049755215644836,409.6134999999777
6s context + 2s horizon,60,20,6.0,2.0,opensignals_00078089802C_2026-04-17_11-53-12.txt,93.0,0.3241636005331887,75.0,0.2885737121105194,417.3370999997133
6s context + 2s horizon,60,20,6.0,2.0,opensignals_00078089802C_2026-04-17_11-53-12.txt,98.0,0.3852751246900697,90.0,0.3876654505729675,411.53789999953005
6s context + 2s horizon,60,20,6.0,2.0,opensignals_00078089802C_2026-04-17_11-53-12.txt,103.0,0.3704689197638464,90.0,0.6093499660491943,411.40269999959855
6s context + 2s horizon,60,20,6.0,2.0,opensignals_00078089802C_2026-04-17_11-53-12.txt,108.0,0.1819707328669772,60.0,0.3306263387203216,419.5658999997249
6s context + 2s horizon,60,20,6.0,2.0,opensignals_00078089802C_2026-04-17_11-53-12.txt,113.0,0.2596913469600217,60.0,0.3564280271530151,412.4719999999797
6s context + 2s horizon,60,20,6.0,2.0,opensignals_00078089802C_2026-04-17_11-53-12.txt,118.0,0.0617025609815552,75.0,0.3661233484745025,417.64919999968697
6s context + 2s horizon,60,20,6.0,2.0,opensignals_00078089802C_2026-04-17_11-53-12.txt,123.0,0.0803300193478165,75.0,0.7240106463432312,409.5533999998224
6s context + 2s horizon,60,20,6.0,2.0,opensignals_00078089802C_2026-04-17_11-53-12.txt,128.0,0.045121404496208,75.0,0.5181501507759094,407.3108000002321
6s context + 2s horizon,60,20,6.0,2.0,opensignals_00078089802C_2026-04-17_11-53-12.txt,133.0,0.0168046086979515,105.0,0.6529713869094849,412.4619000003804
6s context + 2s horizon,60,20,6.0,2.0,opensignals_00078089802C_2026-04-17_11-53-12.txt,138.0,0.2458124675379031,90.0,0.3832211196422577,411.1505999999281
6s context + 2s horizon,60,20,6.0,2.0,opensignals_00078089802C_2026-04-17_11-53-12.txt,143.0,0.3048601045042362,105.0,0.2056262046098709,417.2458000002735
6s context + 2s horizon,60,20,6.0,2.0,opensignals_00078089802C_2026-04-17_11-53-12.txt,148.0,0.1818886572812528,60.0,0.6411319375038147,409.4898999992438
6s context + 2s horizon,60,20,6.0,2.0,opensignals_00078089802C_2026-04-17_11-53-12.txt,153.0,0.1359199701512679,60.0,0.2957899868488312,413.79629999937606
6s context + 2s horizon,60,20,6.0,2.0,opensignals_00078089802C_2026-04-17_11-53-12.txt,158.0,0.1648305205837485,75.0,0.3767928183078766,414.06090000054974
6s context + 2s horizon,60,20,6.0,2.0,opensignals_00078089802C_2026-04-17_11-53-12.txt,163.0,0.1115023698219498,60.0,0.5081415176391602,412.0241000000533
6s context + 2s horizon,60,20,6.0,2.0,opensignals_00078089802C_2026-04-17_11-53-12.txt,168.0,0.0919776636179312,60.0,0.934231698513031,415.1054000003569
6s context + 2s horizon,60,20,6.0,2.0,opensignals_00078089802C_2026-04-17_11-53-12.txt,173.0,0.0893521204343253,90.0,0.2267168462276458,412.04019999986485
6s context + 2s horizon,60,20,6.0,2.0,opensignals_00078089802C_2026-04-17_11-53-12.txt,178.0,0.0960730168771715,75.0,0.5194091796875,482.1838999996544
6s context + 2s horizon,60,20,6.0,2.0,opensignals_00078089802C_2026-04-17_11-53-12.txt,183.0,0.1428511682472865,75.0,0.2137386053800583,438.00910000027216
6s context + 2s horizon,60,20,6.0,2.0,opensignals_00078089802C_2026-04-17_11-53-12.txt,188.0,0.1593661949226729,75.0,0.1800507605075836,405.5782999994335
6s context + 2s horizon,60,20,6.0,2.0,opensignals_00078089802C_2026-04-17_11-53-12.txt,193.0,0.117065303298663,75.0,0.3016206920146942,411.7180000002918
6s context + 2s horizon,60,20,6.0,2.0,opensignals_00078089802C_2026-04-17_11-53-12.txt,198.0,0.1396251418314631,60.0,0.723667562007904,422.5751000003584
6s context + 2s horizon,60,20,6.0,2.0,opensignals_00078089802C_2026-04-17_11-53-12.txt,203.0,0.0987741736001033,105.0,0.6800798177719116,525.1048000000083
6s context + 2s horizon,60,20,6.0,2.0,opensignals_00078089802C_2026-04-17_11-53-12.txt,208.0,0.0429672857324964,90.0,0.5486496090888977,403.4559000001536
6s context + 2s horizon,60,20,6.0,2.0,opensignals_00078089802C_2026-04-17_11-53-12.txt,213.0,0.4962806054508085,75.0,0.6632511019706726,420.09480000069743
6s context + 2s horizon,60,20,6.0,2.0,opensignals_00078089802C_2026-04-17_11-53-12.txt,218.0,0.3363213750302021,90.0,3.367875814437866,412.23490000083984
6s context + 2s horizon,60,20,6.0,2.0,opensignals_00078089802C_2026-04-17_11-53-12.txt,223.0,0.1575485007991126,105.0,0.4262461960315704,410.0050999995801
6s context + 2s horizon,60,20,6.0,2.0,opensignals_00078089802C_2026-04-17_11-53-12.txt,228.0,0.234714832582547,90.0,0.2701728940010071,420.1848000002428
6s context + 2s horizon,60,20,6.0,2.0,opensignals_00078089802C_2026-04-17_11-53-12.txt,233.0,0.4338598668016543,75.0,0.3979938924312591,414.7889999994732
6s context + 2s horizon,60,20,6.0,2.0,opensignals_00078089802C_2026-04-17_11-53-12.txt,238.0,0.33310745532364,75.0,0.4592140316963196,412.97690000010334
6s context + 2s horizon,60,20,6.0,2.0,opensignals_00078089802C_2026-04-17_11-53-12.txt,243.0,0.0976225026929896,75.0,0.666836142539978,411.1714000000575
6s context + 2s horizon,60,20,6.0,2.0,opensignals_00078089802C_2026-04-17_11-53-12.txt,248.0,0.1299656433237266,75.0,0.3301821947097778,411.3365000002887
6s context + 2s horizon,60,20,6.0,2.0,opensignals_00078089802C_2026-04-17_11-53-12.txt,253.0,0.2469537842060657,75.0,0.7951539754867554,468.07149999949615
6s context + 2s horizon,60,20,6.0,2.0,opensignals_00078089802C_2026-04-17_11-53-12.txt,258.0,0.2935596537929102,60.0,0.3857790827751159,458.3318999993935
6s context + 2s horizon,60,20,6.0,2.0,opensignals_00078089802C_2026-04-17_11-53-12.txt,263.0,0.1400271488744325,60.0,0.5637115240097046,477.1927000001597
6s context + 2s horizon,60,20,6.0,2.0,opensignals_00078089802C_2026-04-17_11-53-12.txt,268.0,0.2399851469167151,75.0,0.1586906909942627,438.1771999997
6s context + 2s horizon,60,20,6.0,2.0,opensignals_00078089802C_2026-04-17_11-53-12.txt,273.0,0.3983905264548514,60.0,0.5082488059997559,448.3399999999165
6s context + 2s horizon,60,20,6.0,2.0,opensignals_00078089802C_2026-04-17_11-53-12.txt,278.0,0.1310233743297076,60.0,0.6297704577445984,528.158699999949
6s context + 2s horizon,60,20,6.0,2.0,opensignals_00078089802C_2026-04-17_11-53-12.txt,283.0,0.1198664871614349,60.0,1.4873247146606443,511.4519999997356
6s context + 2s horizon,60,20,6.0,2.0,opensignals_00078089802C_2026-04-17_11-53-12.txt,288.0,0.3908153596310435,60.0,0.2882745862007141,413.51680000025226
6s context + 2s horizon,60,20,6.0,2.0,opensignals_00078089802C_2026-04-17_11-53-12.txt,293.0,0.1050395719677346,60.0,0.7004112601280212,487.4424999998155
6s context + 2s horizon,60,20,6.0,2.0,opensignals_00078089802C_2026-04-17_11-53-12.txt,298.0,0.0890510965737244,75.0,0.2698195278644562,532.8269000001455
6s context + 2s horizon,60,20,6.0,2.0,opensignals_00078089802C_2026-04-17_11-53-12.txt,303.0,0.1808980954928729,60.0,0.523871660232544,428.4315000004426
6s context + 2s horizon,60,20,6.0,2.0,opensignals_00078089802C_2026-04-17_11-53-12.txt,308.0,0.2147477671915289,75.0,2.739490032196045,416.382500000509
6s context + 2s horizon,60,20,6.0,2.0,opensignals_00078089802C_2026-04-17_11-53-12.txt,313.0,0.0717442446751217,60.0,0.3512891829013824,463.83870000045135
6s context + 2s horizon,60,20,6.0,2.0,opensignals_00078089802C_2026-04-17_11-53-12.txt,318.0,0.0936285852856472,60.0,0.4759873747825622,411.6705999995247
6s context + 2s horizon,60,20,6.0,2.0,opensignals_00078089802C_2026-04-17_11-53-12.txt,323.0,0.071543698175719,75.0,0.7690033316612244,414.0224999991915
6s context + 2s horizon,60,20,6.0,2.0,opensignals_00078089802C_2026-04-17_11-53-12.txt,328.0,0.1458104955103062,135.0,0.6176362633705139,411.2371000001076
6s context + 2s horizon,60,20,6.0,2.0,opensignals_00078089802C_2026-04-17_11-53-12.txt,333.0,0.4371722122215882,120.0,0.3072790205478668,414.1487999995661
6s context + 2s horizon,60,20,6.0,2.0,opensignals_00078089802C_2026-04-17_11-53-12.txt,338.0,0.4313821871362572,60.0,0.4954921901226043,423.45620000014605
6s context + 2s horizon,60,20,6.0,2.0,opensignals_00078089802C_2026-04-17_11-53-12.txt,343.0,0.3682674701951164,90.0,0.3904110491275787,426.48189999999886
6s context + 2s horizon,60,20,6.0,2.0,opensignals_00078089802C_2026-04-17_11-53-12.txt,348.0,0.0714373718397732,75.0,0.5672073364257812,518.6985000000277
6s context + 2s horizon,60,20,6.0,2.0,opensignals_00078089802C_2026-04-17_11-53-12.txt,353.0,0.050074670682904,75.0,1.3594515323638916,582.9282000004241
6s context + 2s horizon,60,20,6.0,2.0,opensignals_00078089802C_2026-04-17_11-53-12.txt,358.0,0.0409257552383892,75.0,0.2507170736789703,935.6949000002714
6s context + 2s horizon,60,20,6.0,2.0,opensignals_00078089802C_2026-04-17_11-53-12.txt,363.0,0.1405816553547167,90.0,0.647364616394043,566.2870000005569
6s context + 2s horizon,60,20,6.0,2.0,opensignals_00078089802C_2026-04-17_11-53-12.txt,368.0,0.0812048980834999,75.0,0.2751579582691192,489.3412000001263
6s context + 2s horizon,60,20,6.0,2.0,opensignals_00078089802C_2026-04-17_11-53-12.txt,373.0,0.115561241768432,75.0,0.3396838307380676,429.5529000000897
6s context + 2s horizon,60,20,6.0,2.0,opensignals_00078089802C_2026-04-17_11-53-12.txt,378.0,0.10504098346582,75.0,0.309431254863739,424.6487999998863
6s context + 2s horizon,60,20,6.0,2.0,opensignals_00078089802C_2026-04-17_11-53-12.txt,383.0,0.2089274481019868,60.0,0.7672059535980225,428.551700000753
6s context + 2s horizon,60,20,6.0,2.0,opensignals_00078089802C_2026-04-17_11-53-12.txt,388.0,0.2346254093994334,90.0,0.5503015518188477,454.7211999997671
6s context + 2s horizon,60,20,6.0,2.0,opensignals_00078089802C_2026-04-17_11-53-12.txt,393.0,0.2386622649771064,90.0,0.5678228735923767,436.6661999993085
6s context + 2s horizon,60,20,6.0,2.0,opensignals_00078089802C_2026-04-17_11-53-12.txt,398.0,0.0512378419940298,90.0,0.6347925662994385,444.92850000006
6s context + 2s horizon,60,20,6.0,2.0,opensignals_00078089802C_2026-04-17_11-53-12.txt,403.0,0.0474149731645491,75.0,0.5248754024505615,416.21679999934713
6s context + 2s horizon,60,20,6.0,2.0,opensignals_00078089802C_2026-04-17_11-53-12.txt,408.0,0.0706491207333833,75.0,0.906441867351532,427.94599999979255
6s context + 2s horizon,60,20,6.0,2.0,opensignals_00078089802C_2026-04-17_11-53-12.txt,413.0,0.0875557182174897,75.0,0.3944825828075409,489.7048000002542
6s context + 2s horizon,60,20,6.0,2.0,opensignals_00078089802C_2026-04-17_11-53-12.txt,418.0,0.0577474433411846,90.0,0.603441596031189,434.67689999943104
6s context + 2s horizon,60,20,6.0,2.0,opensignals_00078089802C_2026-04-17_11-53-12.txt,423.0,0.0393588963303466,90.0,0.5014529228210449,426.59420000018144
6s context + 2s horizon,60,20,6.0,2.0,opensignals_00078089802C_2026-04-17_11-53-12.txt,428.0,0.0264824719411834,75.0,0.3395111262798309,417.27609999998094
6s context + 2s horizon,60,20,6.0,2.0,opensignals_00078089802C_2026-04-17_11-53-12.txt,433.0,0.0183299005599752,75.0,0.2884698212146759,418.8072999995711
6s context + 2s horizon,60,20,6.0,2.0,opensignals_00078089802C_2026-04-17_11-53-12.txt,438.0,0.0729552522770643,60.0,0.7934138178825378,428.2189999994444
6s context + 2s horizon,60,20,6.0,2.0,opensignals_00078089802C_2026-04-17_11-53-12.txt,443.0,0.0825685804245729,75.0,0.3181912899017334,422.3560999998881
6s context + 2s horizon,60,20,6.0,2.0,opensignals_00078089802C_2026-04-17_11-53-12.txt,448.0,0.3330367238496305,60.0,0.7146782875061035,419.7982000005141
6s context + 2s horizon,60,20,6.0,2.0,opensignals_00078089802C_2026-04-17_11-53-12.txt,453.0,0.4947904371892869,90.0,0.2286818921566009,419.05319999932544
6s context + 2s horizon,60,20,6.0,2.0,opensignals_00078089802C_2026-04-17_11-53-12.txt,458.0,0.4854848188110923,60.0,0.4822999536991119,417.777699999533
6s context + 2s horizon,60,20,6.0,2.0,opensignals_00078089802C_2026-04-17_11-53-12.txt,463.0,0.4804496600874963,60.0,0.21292644739151,421.3764999994965
6s context + 2s horizon,60,20,6.0,2.0,opensignals_00078089802C_2026-04-17_11-53-12.txt,468.0,0.2231464974129991,165.0,0.4026748836040497,425.99909999989904
6s context + 2s horizon,60,20,6.0,2.0,opensignals_00078089802C_2026-04-17_11-53-12.txt,473.0,0.2399183277325421,60.0,0.3159370422363281,415.7029999996666
6s context + 2s horizon,60,20,6.0,2.0,opensignals_00078089802C_2026-04-17_11-53-12.txt,478.0,0.0858389843756851,60.0,0.3052494823932647,418.23849999946106
6s context + 2s horizon,60,20,6.0,2.0,opensignals_00078089802C_2026-04-17_11-53-12.txt,483.0,0.5355314284496641,90.0,0.8178584575653076,413.15490000033606
6s context + 2s horizon,60,20,6.0,2.0,opensignals_00078089802C_2026-04-17_11-53-12.txt,488.0,0.4005449799467886,90.0,0.3274938464164734,419.375399999808
6s context + 2s horizon,60,20,6.0,2.0,opensignals_00078089802C_2026-04-17_11-53-12.txt,493.0,0.4384401368455096,90.0,0.2763519585132599,419.2209999991974
6s context + 2s horizon,60,20,6.0,2.0,opensignals_00078089802C_2026-04-17_11-53-12.txt,498.0,0.4592911785954992,90.0,0.1399663239717483,409.46619999976974
6s context + 2s horizon,60,20,6.0,2.0,opensignals_00078089802C_2026-04-17_11-53-12.txt,503.0,0.5287529129912312,90.0,0.3421753048896789,416.166200000589
6s context + 2s horizon,60,20,6.0,2.0,opensignals_00078089802C_2026-04-17_11-53-12.txt,508.0,0.6203789844103034,75.0,0.2194435447454452,414.7608000002947
6s context + 2s horizon,60,20,6.0,2.0,opensignals_00078089802C_2026-04-17_11-53-12.txt,513.0,0.6574308261680207,90.0,0.2083690315485,417.4646999999823
6s context + 2s horizon,60,20,6.0,2.0,opensignals_00078089802C_2026-04-17_11-53-12.txt,518.0,0.6632966246699558,90.0,0.2764967978000641,417.00310000032914
6s context + 2s horizon,60,20,6.0,2.0,opensignals_00078089802C_2026-04-17_11-53-12.txt,523.0,0.5473827391295921,90.0,0.2526265978813171,426.68199999934586
6s context + 2s horizon,60,20,6.0,2.0,opensignals_00078089802C_2026-04-17_11-53-12.txt,528.0,0.550628384150458,75.0,0.3576919734477997,426.4980999996624
6s context + 2s horizon,60,20,6.0,2.0,opensignals_00078089802C_2026-04-17_11-53-12.txt,533.0,0.6315579381623111,75.0,0.2346422374248504,424.13870000018505
6s context + 2s horizon,60,20,6.0,2.0,opensignals_00078089802C_2026-04-17_11-53-12.txt,538.0,0.4084018446643017,90.0,0.4899957180023193,418.78319999977975
6s context + 2s horizon,60,20,6.0,2.0,opensignals_00078089802C_2026-04-17_11-53-12.txt,543.0,0.4119997830905764,90.0,0.5162195563316345,412.1420999999828
6s context + 2s horizon,60,20,6.0,2.0,opensignals_00078089802C_2026-04-17_11-53-12.txt,548.0,0.3706798328238543,75.0,0.7055891156196594,420.3090999999404
6s context + 2s horizon,60,20,6.0,2.0,opensignals_00078089802C_2026-04-17_11-53-12.txt,553.0,0.4479144574373558,75.0,0.3044561743736267,424.0037999998094
6s context + 2s horizon,60,20,6.0,2.0,opensignals_00078089802C_2026-04-17_11-53-12.txt,558.0,0.3581722623996249,60.0,0.3041442036628723,424.53110000042216
6s context + 2s horizon,60,20,6.0,2.0,opensignals_00078089802C_2026-04-17_11-53-12.txt,563.0,0.2727566047094098,75.0,0.392770767211914,429.89980000038486
6s context + 2s horizon,60,20,6.0,2.0,opensignals_00078089802C_2026-04-17_11-53-12.txt,568.0,0.31620219526208,75.0,0.2400720417499542,432.4417000007088
6s context + 2s horizon,60,20,6.0,2.0,opensignals_00078089802C_2026-04-17_11-53-12.txt,573.0,0.2786496325581087,90.0,0.3410926759243011,421.8670000000202
6s context + 2s horizon,60,20,6.0,2.0,opensignals_00078089802C_2026-04-17_11-53-12.txt,578.0,0.4157485848346351,75.0,0.5368940830230713,414.404199999808
6s context + 2s horizon,60,20,6.0,2.0,opensignals_00078089802C_2026-04-17_11-53-12.txt,583.0,0.3086449074788809,75.0,0.698338508605957,415.8053999999538
6s context + 2s horizon,60,20,6.0,2.0,opensignals_00078089802C_2026-04-17_11-53-12.txt,588.0,0.4174037825721158,75.0,0.383837878704071,415.4939000000013
6s context + 2s horizon,60,20,6.0,2.0,opensignals_00078089802C_2026-04-17_11-53-12.txt,593.0,0.2884881430012365,60.0,0.2639742493629455,419.5652999997037
6s context + 2s horizon,60,20,6.0,2.0,opensignals_00078089802C_2026-04-17_11-53-12.txt,598.0,0.3371371974754408,75.0,0.727893054485321,419.3359999999302
6s context + 2s horizon,60,20,6.0,2.0,opensignals_00078089802C_2026-04-17_11-53-12.txt,603.0,0.1755951481326967,75.0,0.4385147392749786,412.2127000000546
6s context + 2s horizon,60,20,6.0,2.0,opensignals_00078089802C_2026-04-17_11-53-12.txt,608.0,0.2694990230001115,75.0,0.2011934369802475,424.38189999938913
6s context + 2s horizon,60,20,6.0,2.0,opensignals_00078089802C_2026-04-17_11-53-12.txt,613.0,0.1639332800426419,90.0,0.4496349096298218,420.7507999999507
6s context + 2s horizon,60,20,6.0,2.0,opensignals_00078089802C_2026-04-17_11-53-12.txt,618.0,0.2024535848545323,75.0,0.674070417881012,415.8225000001039
6s context + 2s horizon,60,20,6.0,2.0,opensignals_00078089802C_2026-04-17_11-53-12.txt,623.0,0.2050711558935117,75.0,0.6145707964897156,425.9566000000632
6s context + 2s horizon,60,20,6.0,2.0,opensignals_00078089802C_2026-04-17_11-53-12.txt,628.0,0.1671939021906191,75.0,0.3421242535114288,422.1247000004951
6s context + 2s horizon,60,20,6.0,2.0,opensignals_00078089802C_2026-04-17_11-53-12.txt,633.0,0.2154651960926471,75.0,0.2885842025279999,415.72960000030434
6s context + 2s horizon,60,20,6.0,2.0,opensignals_00078089802C_2026-04-17_11-53-12.txt,638.0,0.1559053216506009,90.0,0.3156353533267975,413.98649999973713
6s context + 2s horizon,60,20,6.0,2.0,opensignals_00078089802C_2026-04-17_11-53-12.txt,643.0,0.2365133616310827,90.0,0.479723572731018,408.6247000004733
6s context + 2s horizon,60,20,6.0,2.0,opensignals_00078089802C_2026-04-17_11-53-12.txt,648.0,0.2505696392291101,90.0,0.2486100047826767,414.3312999995032
6s context + 2s horizon,60,20,6.0,2.0,opensignals_00078089802C_2026-04-17_11-53-12.txt,653.0,0.4593826461085458,90.0,0.1935977488756179,416.2933999996312
6s context + 2s horizon,60,20,6.0,2.0,opensignals_00078089802C_2026-04-17_11-53-12.txt,658.0,0.5105630957805501,150.0,0.2409296631813049,418.7077999995381
6s context + 2s horizon,60,20,6.0,2.0,opensignals_00078089802C_2026-04-17_11-53-12.txt,663.0,0.3070828861087445,75.0,0.364966869354248,408.6409000001368
6s context + 2s horizon,60,20,6.0,2.0,opensignals_00078089802C_2026-04-17_11-53-12.txt,668.0,0.2527685946378611,75.0,0.2228665649890899,418.5829999996713
6s context + 2s horizon,60,20,6.0,2.0,opensignals_00078089802C_2026-04-17_11-53-12.txt,673.0,0.3453835229760104,75.0,0.3841845095157623,420.373799999652
6s context + 2s horizon,60,20,6.0,2.0,opensignals_00078089802C_2026-04-17_11-53-12.txt,678.0,0.2811808869631733,75.0,0.5007245540618896,422.4949999997989
6s context + 2s horizon,60,20,6.0,2.0,opensignals_00078089802C_2026-04-17_11-53-12.txt,683.0,0.2620554042209742,75.0,0.7469863295555115,427.1534999998039
6s context + 2s horizon,60,20,6.0,2.0,opensignals_00078089802C_2026-04-17_11-53-12.txt,688.0,0.1698106642407449,75.0,1.0405590534210205,424.6732999999949
6s context + 2s horizon,60,20,6.0,2.0,opensignals_00078089802C_2026-04-17_11-53-12.txt,693.0,0.1887887707635431,90.0,0.2151748090982437,420.2556000000186
6s context + 2s horizon,60,20,6.0,2.0,opensignals_00078089802C_2026-04-17_11-53-12.txt,698.0,0.2356634825641303,75.0,0.7092909812927246,430.53080000026966
6s context + 2s horizon,60,20,6.0,2.0,opensignals_00078089802C_2026-04-17_11-53-12.txt,703.0,0.1972778948130935,75.0,0.2867496311664581,428.7356000004365
6s context + 2s horizon,60,20,6.0,2.0,opensignals_00078089802C_2026-04-17_11-53-12.txt,708.0,0.1448842206198287,75.0,1.0493788719177246,422.4873000002845
6s context + 2s horizon,60,20,6.0,2.0,opensignals_00078089802C_2026-04-17_11-53-12.txt,713.0,0.2209039895053056,75.0,0.3970296084880829,419.0201999999772
6s context + 2s horizon,60,20,6.0,2.0,opensignals_00078089802C_2026-04-17_11-53-12.txt,718.0,0.3389554964894472,75.0,0.2853883802890777,409.67079999973066
6s context + 2s horizon,60,20,6.0,2.0,opensignals_00078089802C_2026-04-17_11-53-12.txt,723.0,0.2103879078453888,75.0,0.4311676025390625,405.9382000004916
6s context + 2s horizon,60,20,6.0,2.0,opensignals_00078089802C_2026-04-17_11-53-12.txt,728.0,0.2353560323116265,75.0,0.3130441606044769,410.7285999998567
6s context + 2s horizon,60,20,6.0,2.0,opensignals_00078089802C_2026-04-17_11-53-12.txt,733.0,0.2655022548301118,75.0,0.3269691169261932,409.693800000241
6s context + 2s horizon,60,20,6.0,2.0,opensignals_00078089802C_2026-04-17_11-53-12.txt,738.0,0.0650811300154543,60.0,0.6009059548377991,411.0886999997092
6s context + 2s horizon,60,20,6.0,2.0,opensignals_00078089802C_2026-04-17_11-53-12.txt,743.0,0.0584901186228825,60.0,0.2797909080982208,414.8873000003732
6s context + 2s horizon,60,20,6.0,2.0,opensignals_00078089802C_2026-04-17_11-53-12.txt,748.0,0.1369186918796096,75.0,0.2890621721744537,414.6575000004305
6s context + 2s horizon,60,20,6.0,2.0,opensignals_00078089802C_2026-04-17_11-53-12.txt,753.0,0.4572100361887666,75.0,0.6282944083213806,411.6801000000123
6s context + 2s horizon,60,20,6.0,2.0,opensignals_00078089802C_2026-04-17_11-53-12.txt,758.0,0.0897509098655198,105.0,0.311264306306839,417.6932000000306
6s context + 2s horizon,60,20,6.0,2.0,opensignals_00078089802C_2026-04-17_11-53-12.txt,763.0,0.0928136921364144,60.0,0.5219611525535583,414.4555999992008
6s context + 2s horizon,60,20,6.0,2.0,opensignals_00078089802C_2026-04-17_11-53-12.txt,768.0,0.3361106211595392,75.0,0.513262927532196,435.2639999997336
6s context + 2s horizon,60,20,6.0,2.0,opensignals_00078089802C_2026-04-17_11-53-12.txt,773.0,0.4213831318751835,75.0,0.2557880282402038,411.4708999995855
6s context + 2s horizon,60,20,6.0,2.0,opensignals_00078089802C_2026-04-17_11-53-12.txt,778.0,0.6859591530799429,75.0,0.1934056729078292,415.0558000001183
6s context + 2s horizon,60,20,6.0,2.0,opensignals_00078089802C_2026-04-17_11-53-12.txt,783.0,0.6416272967259464,75.0,0.179310530424118,412.583899999845
6s context + 2s horizon,60,20,6.0,2.0,opensignals_00078089802C_2026-04-17_11-53-12.txt,788.0,0.5791398250939646,90.0,0.2067745178937912,413.9903000004779
6s context + 2s horizon,60,20,6.0,2.0,opensignals_00078089802C_2026-04-17_12-34-59.txt,8.0,0.1866662199031758,75.0,0.2901792824268341,422.2063999995953
6s context + 2s horizon,60,20,6.0,2.0,opensignals_00078089802C_2026-04-17_12-34-59.txt,13.0,0.2784633146241494,60.0,0.7040789723396301,415.0442999998632
6s context + 2s horizon,60,20,6.0,2.0,opensignals_00078089802C_2026-04-17_12-34-59.txt,18.0,0.2142651363048506,90.0,0.3032818138599396,411.83689999979833
6s context + 2s horizon,60,20,6.0,2.0,opensignals_00078089802C_2026-04-17_12-34-59.txt,23.0,0.1916659466678219,75.0,0.4705932438373565,411.0246999998708
6s context + 2s horizon,60,20,6.0,2.0,opensignals_00078089802C_2026-04-17_12-34-59.txt,28.0,0.1255212875524244,75.0,0.3887173533439636,417.0730000005278
6s context + 2s horizon,60,20,6.0,2.0,opensignals_00078089802C_2026-04-17_12-34-59.txt,33.0,0.1957920977185746,75.0,0.3620054423809051,415.9089999993739
6s context + 2s horizon,60,20,6.0,2.0,opensignals_00078089802C_2026-04-17_12-34-59.txt,38.0,0.0620132788426523,75.0,0.4845083653926849,469.2722999998296
6s context + 2s horizon,60,20,6.0,2.0,opensignals_00078089802C_2026-04-17_12-34-59.txt,43.0,0.1323336161659902,75.0,0.3297716081142425,433.7140000006912
6s context + 2s horizon,60,20,6.0,2.0,opensignals_00078089802C_2026-04-17_12-34-59.txt,48.0,0.5877127050729747,75.0,0.2400200814008712,426.8081999998685
6s context + 2s horizon,60,20,6.0,2.0,opensignals_00078089802C_2026-04-17_12-34-59.txt,53.0,0.5506878059565432,75.0,0.198086529970169,431.4480000002732
6s context + 2s horizon,60,20,6.0,2.0,opensignals_00078089802C_2026-04-17_12-34-59.txt,58.0,0.4359914978115367,75.0,0.2800486385822296,499.7239999993326
6s context + 2s horizon,60,20,6.0,2.0,opensignals_00078089802C_2026-04-17_12-34-59.txt,63.0,0.5161183659677862,75.0,0.4325845539569855,426.442599999973
6s context + 2s horizon,60,20,6.0,2.0,opensignals_00078089802C_2026-04-17_12-34-59.txt,68.0,0.672002109251875,75.0,0.2917605638504028,448.7601999999242
6s context + 2s horizon,60,20,6.0,2.0,opensignals_00078089802C_2026-04-17_12-34-59.txt,73.0,0.6452349540925882,75.0,0.3715962767601013,435.1878000006764
6s context + 2s horizon,60,20,6.0,2.0,opensignals_00078089802C_2026-04-17_12-34-59.txt,78.0,0.6451621132674707,75.0,0.3724075555801391,459.9182000001747
6s context + 2s horizon,60,20,6.0,2.0,opensignals_00078089802C_2026-04-17_12-34-59.txt,83.0,0.6505832781460407,75.0,0.315332293510437,535.8164999997825
6s context + 2s horizon,60,20,6.0,2.0,opensignals_00078089802C_2026-04-17_12-34-59.txt,88.0,0.6405658648514534,75.0,0.1206167265772819,429.33459999949264
6s context + 2s horizon,60,20,6.0,2.0,opensignals_00078089802C_2026-04-17_12-34-59.txt,93.0,0.710100110620343,75.0,0.2439969331026077,563.6521000005814
6s context + 2s horizon,60,20,6.0,2.0,opensignals_00078089802C_2026-04-17_12-34-59.txt,98.0,0.6948382600511629,75.0,0.2886346578598022,560.2288000000044
6s context + 2s horizon,60,20,6.0,2.0,opensignals_00078089802C_2026-04-17_12-34-59.txt,103.0,0.406054061602253,75.0,0.2950016260147095,571.6204999998808
6s context + 2s horizon,60,20,6.0,2.0,r_c_isometric_leg2.txt,8.0,0.0136922057361243,75.0,0.2031690776348114,563.1406000002244
6s context + 2s horizon,60,20,6.0,2.0,r_c_isometric_leg2.txt,13.0,0.4373553814202958,75.0,0.3103777468204498,500.3028999999515
6s context + 2s horizon,60,20,6.0,2.0,r_c_isometric_leg2.txt,18.0,0.3645536786131869,60.0,0.3037769794464111,538.9230999999199
6s context + 2s horizon,60,20,6.0,2.0,r_c_isometric_leg2.txt,23.0,0.327617899664692,60.0,0.4359622597694397,519.8020000007091
6s context + 2s horizon,60,20,6.0,2.0,r_c_isometric_leg2.txt,28.0,0.3875056276859354,60.0,0.0925699323415756,440.84139999995386
6s context + 2s horizon,60,20,6.0,2.0,r_c_isometric_leg2.txt,33.0,0.2062516225786685,60.0,0.392732560634613,427.8306000005614
6s context + 2s horizon,60,20,6.0,2.0,r_c_isometric_leg2.txt,38.0,0.1676036977948113,60.0,0.6051377058029175,432.5877999999648
6s context + 2s horizon,60,20,6.0,2.0,r_c_isometric_leg2.txt,43.0,0.0935249037488567,75.0,0.3295719921588897,434.5208000004277
6s context + 2s horizon,60,20,6.0,2.0,r_c_isometric_leg2.txt,48.0,0.1094822798241816,60.0,0.2031640708446502,416.9673000005787
6s context + 2s horizon,60,20,6.0,2.0,r_c_isometric_leg2.txt,53.0,0.2659782487429862,60.0,0.344538927078247,455.3520999998
6s context + 2s horizon,60,20,6.0,2.0,r_c_isometric_leg2.txt,58.0,0.0783884447189665,75.0,0.9516748785972596,431.5762000005634
6s context + 2s horizon,60,20,6.0,2.0,r_c_isometric_leg2.txt,63.0,0.0524711674188045,135.0,0.4004010558128357,433.6042000004454
6s context + 2s horizon,60,20,6.0,2.0,r_c_isometric_leg2.txt,68.0,0.0149184104918162,60.0,0.6934687495231628,429.05179999979737
6s context + 2s horizon,60,20,6.0,2.0,r_c_isometric_leg2.txt,73.0,0.1292198383511867,75.0,0.4099863767623901,434.7361000000092
6s context + 2s horizon,60,20,6.0,2.0,r_c_isometric_leg2.txt,78.0,0.0723548798163913,60.0,0.471096932888031,419.4611000002624
6s context + 2s horizon,60,20,6.0,2.0,r_c_isometric_leg2.txt,83.0,0.0483082392578788,90.0,0.1844758242368698,413.8929999999164
6s context + 2s horizon,60,20,6.0,2.0,r_c_isometric_leg2.txt,88.0,0.0834889255200372,60.0,0.3634028434753418,439.5392999995238
6s context + 2s horizon,60,20,6.0,2.0,r_c_isometric_leg2.txt,93.0,0.1616309216080748,60.0,0.4663861393928528,417.5252000004548
6s context + 2s horizon,60,20,6.0,2.0,zeroL.txt,8.0,0.58012879088106,90.0,0.4398417770862579,418.0887000002258
6s context + 2s horizon,60,20,6.0,2.0,zeroL.txt,13.0,0.5923394508477902,90.0,0.3649372458457947,424.74439999932656
6s context + 2s horizon,60,20,6.0,2.0,zeroL.txt,18.0,0.4038739377501024,90.0,0.3017478585243225,415.2657000004183
6s context + 2s horizon,60,20,6.0,2.0,zeroL.txt,23.0,0.4619827263968441,90.0,0.7313119173049927,427.5956999999835
6s context + 2s horizon,60,20,6.0,2.0,zeroL.txt,28.0,0.7687183755441902,75.0,0.4365899264812469,425.3709999993589
6s context + 2s horizon,60,20,6.0,2.0,zeroL.txt,33.0,0.5625812899811165,75.0,0.2209061682224273,429.7958999995899
6s context + 2s horizon,60,20,6.0,2.0,zeroL.txt,38.0,0.6283150793149134,90.0,0.2726829648017883,429.2584999993778
6s context + 2s horizon,60,20,6.0,2.0,zeroL.txt,43.0,0.7739619135055867,75.0,0.4208095967769623,414.9654000002556
6s context + 2s horizon,60,20,6.0,2.0,zeroL.txt,48.0,0.2246777738606329,105.0,1.2104367017745972,418.3079000004
6s context + 2s horizon,60,20,6.0,2.0,zeroL.txt,53.0,0.2279585122849529,90.0,0.2773840129375458,415.30820000025415
6s context + 2s horizon,60,20,6.0,2.0,zeroL.txt,58.0,0.5282177720842937,75.0,0.3793134093284607,417.27329999957874
